gauge_id,p0,p1,p2,p3,p4,p5,p6,p7,p8,p9,p10,p11,p12,p13,p14,p15,p16,p17,p18,p19,p20,p21,p22,p23,p24,p25,p26,p27,p28,p29,p30,p31,p32,p33,p34,p35,p36,p37,p38,p39,p40,p41,p42,p43,p44,p45,p46,p47,p48,p49,p50,p51,p52,p53,p54,p55,p56,p57,p58,p59,p60,p61,p62,p63,p64,p65,p66,p67,p68,p69,p70,p71,p72,p73,p74,p75,p76,p77,p78,p79,p80,p81,p82,p83,p84,p85,p86,p87,p88,p89,p90,p91,p92,p93,p94,p95,p96,p97,p98,p99,p100
EA001b,399,455.4491126433711,488.0280882124925,520.510524115337,520.510524115337,535.7540457858433,551.6956461671223,551.6956461671223,567.7017796851815,567.7017796851815,583.6762848368969,583.6762848368969,599.7681434875359,599.7681434875359,615.524860574737,615.524860574737,615.524860574737,631.5121970454089,631.5121970454089,647.3943417455146,647.3943417455146,647.3943417455146,663.6600416293653,663.6600416293653,663.6600416293653,679.3405970850964,679.3405970850964,695.3030540798102,695.3030540798102,695.3030540798102,711.4366254749415,711.4366254749415,727.1390275777137,727.1390275777137,743.4401769203862,743.4401769203862,759.4602637927695,759.4602637927695,775.7530089302759,791.6155192003539,791.6155192003539,807.5309163801502,807.5309163801502,807.5309163801502,823.2059566579569,823.2059566579569,839.2341934766987,855.1989017951427,855.1989017951427,871.3166111274026,887.5592080284994,903.4062517613376,903.4062517613376,919.4733534478715,935.5416332077336,951.3876380730051,967.7020730911811,983.5635460275108,999.5214618655656,999.5214618655656,1015.5039785169378,1031.5169074436444,1047.4363657274296,1063.6342006405032,1079.4847159046449,1095.3176054767252,1111.6496223437666,1127.5865969327624,1143.4521278463285,1159.6224328365233,1175.5006043985102,1191.284658336766,1207.4789513147734,1223.8151409102309,1239.4048679654345,1255.6133882495246,1287.5608694544464,1303.2819770308674,1319.358611966016,1335.4533748583294,1367.4447316039555,1383.2777608148042,1415.7587027027025,1431.4971883613443,1447.5108886716278,1479.4122365050923,1511.436385680085,1527.5788120477873,1559.3823612713368,1591.0444010598244,1623.2997648706787,1655.6590181701185,1703.340923393787,1751.1662804027112,1799.448196784628,1847.34393745888,1911.2835608000776,1991.8978040691943,2055.786718120032,2134.8870294893313,2463.0
EA004,127,181.70019604886144,209.43894542090655,233.58742651242173,249.56820847510772,261.59362642259066,273.48582341969285,281.5863792273906,293.53364196051314,301.55396821106126,309.42691814418816,313.5374397027623,321.51724317566146,325.49980133062286,333.4720479324048,337.4762917760076,345.55879512487206,349.5191651456235,357.49625177182327,361.49812496698894,369.50194607334527,373.55376966007105,381.40597618396833,385.4761744169477,393.58740295233395,397.54363584474885,405.4484797457998,409.4504175866374,417.4938515733056,421.46766221199357,429.51138374424914,433.47092321140735,441.5636637798478,445.51940670645513,453.52439327852613,457.4323150586545,465.45135497627075,469.48960231862407,473.5365001309064,477.50364203954217,485.54658620835073,489.46977941853686,493.48652124892646,497.47908604916444,501.46987514832784,505.4917209115373,513.511017838405,517.5327551383205,521.5119450283709,525.476226890049,529.5645680520827,533.4872874380485,537.4318985985897,545.5031714638884,549.5544103303198,553.5614500828462,557.5492650740817,561.4629143603908,565.4856617524894,569.4926560633213,573.511099492408,577.5174682577566,585.4771769474931,589.5113618357558,593.5077324376213,597.5407882676444,601.4890934084475,605.4541854283078,609.519417178687,613.5689236521478,617.4766989520482,625.5023896175238,629.5140890280397,633.4609874031454,637.4772553243542,641.5545369888094,645.5527119802754,649.4954888492922,649.4954888492922,653.4797414351151,657.4429596974378,661.5424621233142,665.5498238972614,669.4315043492034,677.4181503053741,681.5056703775815,685.5165456946877,689.4614844938632,697.4681625176219,701.536550322238,705.551223626513,713.4358455959957,717.4077730889413,725.4833452108301,729.4326384981171,741.5170364645235,749.5407717493412,761.485384260303,773.5468052160783,797.5701486847121,940.0
EA007,147,209.5683191767396,225.56471747700397,233.5924266590204,241.49372650551422,245.6637051482059,249.48499113748733,253.502157930565,257.30106242632877,265.575624184026,269.47585674349506,277.4519708549657,281.3335002077054,289.41409024311514,297.49185350055643,301.50059738542376,309.561568627451,317.4818181818182,325.4799444243084,333.4332799518198,341.6206527701591,349.58723557584034,357.4733700642792,365.33160596510606,373.501281452218,381.48169932778853,389.50769509622984,401.4822559424613,409.5652316856192,421.4150552486187,429.6055182699478,441.5677715569209,449.5724409868386,461.4589103406449,469.59077380952385,481.65765968204033,493.3734939759036,505.4958227173075,517.5419408878785,529.5449546614653,537.5520833333334,549.4847295806737,561.5588235294117,569.6213755092259,577.4921598123454,585.5240907641244,589.5510525280347,597.5352473426241,601.4983403569013,609.4698044088348,613.4832377010629,621.4552087626831,625.5080398493462,629.5626164558204,633.5017443972328,637.5208417484416,641.5003884694305,645.5086973328177,649.4975221091807,653.44972981201,657.5691080615273,661.4070959929817,665.5632521674105,665.5632521674105,669.4578172164648,673.5446656578076,677.5265038784707,681.5480388454275,681.5480388454275,685.4062145758871,689.4082596969765,693.4991177616354,697.4312390262422,697.4312390262422,701.5359885961259,705.4901865238953,709.578049287847,713.4983005781042,717.4996282578595,721.5037833695936,725.4314341059385,729.4815987397878,733.5393832300543,737.5056734524037,741.5209601161864,745.5528113684497,749.4153482620774,757.4369171885872,761.4612641875747,765.5488523756325,769.4882136530862,777.5306011489535,781.5324650037919,789.446234042284,797.5283317786759,805.4120172416776,817.6514173916662,829.4165326097489,841.6059984034667,865.5731713621091,982.0
EA008,106,129.61914077783865,137.56198347107437,145.6751455883969,149.41843010336277,153.408200373177,157.5323777655696,161.55438006814154,165.52327975082343,169.5719682556938,173.4998982343662,177.43320711131904,181.61223771704326,185.54896339488172,189.51351866095294,193.4924279648276,197.4905663139098,201.521473154675,201.521473154675,205.45824070408375,209.4548288834276,213.60038651322301,217.50357195463252,221.52893429044727,225.4679506027639,229.5847077729849,233.38280508932976,233.38280508932976,241.3701978272214,245.45643935315772,249.43098870575741,253.46901922805318,257.4730198152482,265.32284080725975,269.47835823548235,273.43430542489807,281.51165810896936,285.48276093748245,289.4829780464525,297.5161707477698,301.43021408578556,309.531550934182,313.5693130138461,321.55175637772135,329.4792512530452,333.59964331573684,341.3931578220965,349.5051318635799,357.367059036581,365.6300666032351,377.52263834544436,385.4497134291509,393.25951785858257,401.52472687420806,409.51220272904493,417.5210642208513,425.40718055880814,437.52554833716886,445.36374210701223,453.5082839587448,465.54036767593647,473.54631807490495,477.51027787343384,485.52296819787983,493.49253094323507,497.5992109647606,505.4530148408074,513.4177854514942,521.4966991857991,533.5048093077958,541.5366437618217,553.5188600801271,565.6009909133635,573.4670851938637,585.5350897645138,597.5341026034026,605.5451019264751,613.6171609689835,625.61216167772,629.517425529135,637.5074626865671,645.6283303878089,653.4875353264912,657.4206644718871,665.6172106824926,673.4114088376899,677.5601596898629,685.5042941016644,689.554026401316,697.4918145760271,705.4793186013779,717.5912586929488,725.4745406005807,733.5221623307199,745.6045854980799,757.3702952390262,769.3964939668911,789.3913855536498,813.3402751672808,849.3359341135674,982.0
EA009,132,169.61544650040224,197.37369954223888,213.6694525699958,229.80527400790248,237.68423136133717,241.50074318744842,245.54807692307693,253.36486486486487,261.5475681682195,265.3199658703071,273.527125729248,277.4895833333333,281.6493186125568,285.2523669712665,289.50468388376623,297.5366863503699,301.3008771607884,305.4150482861084,309.42852467064887,317.63664431898377,321.4931027027027,325.60836194708145,333.4620651222037,337.46015785080056,341.63145125716807,349.37944907426413,353.5349049490019,357.57439446366783,365.6818181818182,369.4842419080068,373.5269461077844,377.54675509566306,381.4599549063817,385.49177499479424,389.628474084356,393.4471123009565,397.42049117676385,401.4214996906113,405.47722498777085,409.5735212744269,413.60067125586494,417.4846523928763,421.4795416492257,425.5948662568533,429.5388400875963,433.5945969651785,437.44614869594335,441.48110299155076,445.5860760435527,449.42520771468855,453.4367843944994,457.61104486978354,461.40750343144725,465.52909868248844,469.41920755915527,473.4989321943407,477.6910588235294,485.5933911024504,489.3634258394652,493.59896496139805,501.27917213357614,505.4273636363638,513.5768292682927,517.5099794189442,525.6237911025145,533.508974086661,537.5848949460534,549.4678631051753,557.5996468213925,565.4266986500054,573.3235826296743,581.4503477874796,589.653773635727,597.3728813559322,609.3220338983051,617.40625,625.4668386452526,633.543381389253,641.5041418737603,649.5773355650609,657.3603458287631,665.6228832657267,677.505115089514,685.5920087404402,697.297423432183,705.6133247815281,717.3492291880781,729.8843032894162,741.230705872663,753.5689076436175,765.6030519223149,777.6134681538623,793.2381246144355,809.5838414634145,825.4619118375433,841.3688907777306,853.6739634005096,877.1374647887325,909.9840677966101,1017.0
EA010,59,102.77878983586844,135.74488769626268,151.65474494614017,183.4367765143121,199.30376062673295,231.49331511992185,263.4337712645653,295.2945390255418,327.3280322880072,359.5630512483689,391.58063293891115,423.53494214347904,439.72339310682224,456.15253551895927,471.89486430208984,487.71595331638275,487.71595331638275,503.4199541478174,503.4199541478174,519.2820871839035,519.2820871839035,535.4371297417578,535.4371297417578,551.5064716490986,567.4994009631772,567.4994009631772,583.3972874036624,599.5497830810336,599.5497830810336,615.4101632375764,615.4101632375764,631.4108200731274,647.4155658207043,647.4155658207043,663.5742609569293,663.5742609569293,679.4880680889313,695.6069538306692,695.6069538306692,711.5132758563369,711.5132758563369,727.4640015038536,743.4730107688754,743.4730107688754,759.5121946641609,759.5121946641609,775.5344582989725,791.6063738912611,791.6063738912611,807.4971238100018,807.4971238100018,823.3503152326138,823.3503152326138,839.4538641537027,855.4052124539796,855.4052124539796,871.5622508624002,887.348550826064,887.348550826064,903.3249131509295,919.4958349216945,935.4469376208305,935.4469376208305,951.5240204097574,967.3572314881321,967.3572314881321,983.4718847546533,999.3954547774257,1015.6008070391747,1031.4097829844818,1047.3866615699412,1063.3757406296438,1079.4904669450596,1095.448340887793,1111.5722698642169,1143.174228738664,1159.3041662665257,1191.5100165753745,1223.4682051993907,1255.4733537079865,1287.3447672624463,1319.46950385077,1351.3867872331841,1383.3981811614765,1431.3705901085693,1479.642301122327,1511.430062991526,1559.6545459496915,1607.4797520241632,1655.3420015900915,1719.4603023338375,1783.5215012835981,1847.5143448574922,1911.5703667468958,1975.1859530016761,2103.487829885134,2215.332153952364,2359.7644966740577,2487.4874650157735,2900.4599156118147
EA011,341,392.64453737584944,412.58565612276857,430.4623523188151,446.45659789801476,458.45454545454544,468.50588235294117,474.48228308753113,484.46753246753246,492.52222222222224,500.42857142857144,506.41818181818184,514.5081967213115,520.504854368932,526.4188034188035,532.4974018993013,536.5301917637595,542.4699490470962,546.4800365313913,550.4706386076085,554.555685713046,558.4304559793518,562.4681291740637,566.483890928592,570.4996794284667,574.5301031422404,578.5532217504226,582.5650205327998,586.4705882352941,590.5377358490566,594.4519230769231,596.4653830054416,600.5178358623978,602.5284749250659,606.5098039215686,608.5189393939394,610.5153583617747,614.5117407335533,616.5326386407386,618.5207667731629,620.4830258302584,622.4972189428331,624.4746835443038,626.4656556949391,628.4773635611907,630.505249250107,632.4786791052002,634.4635104748759,636.4996763623124,638.4845759168937,640.5246944583961,642.4890472088049,644.5149863760219,646.5011933174225,648.5039149403368,650.4883498244495,652.5511853448276,652.5511853448276,654.4908390980926,656.4731350551011,658.459208695076,660.4679683425176,662.5156298359642,664.5201159045519,666.4631043256998,668.5102658758141,670.4516731293982,672.5214132877435,674.528206228405,676.4522769662076,678.4787564490541,682.517495752117,684.4421983975292,686.511466957891,688.4651787784945,692.486001630878,694.4943945111494,696.4515617926663,698.4728454656627,702.5050359916921,704.4970318549209,706.5231854976317,708.4873772591432,712.5113465081226,714.5043301583643,716.524641577061,720.56198089701,722.4913514830379,726.4603592132158,728.4948549563059,732.4545775378868,736.5019984198541,740.4376542424629,744.5301039419493,750.4766233434619,754.5269233075492,760.4654153503067,766.437422215308,774.5374080649254,786.3345477585933,827.0
EA012,87,131.3121302973827,148.2143914879614,155.23887485690406,171.56083378064054,179.81930620095187,187.54569177497868,195.61677097008553,203.50893109943007,211.41610609998466,219.4515394549038,227.58529499486346,235.85129373218734,243.42003642987245,251.50825368199577,259.44513233077816,259.44513233077816,267.44632530520903,275.4272844134976,283.59797333437064,291.6585888704612,299.60477463226596,299.60477463226596,307.44828533275245,315.40950039395113,323.60468487219276,323.60468487219276,331.4367235073644,339.3436103002048,347.5500498326135,347.5500498326135,355.54900198904284,363.32405443388234,363.32405443388234,371.3802069488338,379.5120411033611,387.43766514291457,395.51318205106315,395.51318205106315,403.4838660677473,411.3459490475097,419.587554408125,427.549399171554,435.59384674102023,443.40301665780794,443.40301665780794,451.2753013337136,459.6757613967022,467.63599931052323,475.2461581621521,483.4191623290158,491.4389506098954,499.46328449500595,499.46328449500595,507.3376593830468,515.489112529909,523.5099013935295,531.564696644506,539.4344354809964,547.3377534434084,555.5102730789738,563.3005305255338,571.6499202838613,579.5247969854879,587.4985525579588,595.3910531549334,603.8227514187873,611.5116935042174,619.5036033439033,627.6026200873363,643.648,651.5698453469365,659.4957620370533,675.429718875502,683.6897590361447,691.2723602810107,707.3852459016393,715.6300244483926,723.426384944891,739.5921111680984,747.7980681703247,755.67573498618,771.5231940509916,779.4574349368297,795.4882360445408,811.5727492187058,819.5120868574168,835.4218883275375,843.142183564062,859.3991576743841,883.7680888284169,899.1719851904091,915.5617606067482,939.3272082828096,963.3577123872803,995.374334973399,1027.629242962558,1068.0541334136426,1115.164130655305,1211.3133473937933,1434.0
EA013,403,435.8665202374166,443.65652222470413,443.65652222470413,460.0361990568505,460.0361990568505,460.0361990568505,460.0361990568505,460.0361990568505,467.1945431049826,467.1945431049826,467.1945431049826,467.1945431049826,475.4361504450078,475.4361504450078,475.4361504450078,475.4361504450078,483.1011847182784,483.1011847182784,483.1011847182784,483.1011847182784,491.25395659922697,491.25395659922697,499.41075536005104,499.41075536005104,507.58368995720514,507.58368995720514,515.3836061194505,515.3836061194505,523.3865514930375,523.3865514930375,531.5131411659268,539.6366883189356,539.6366883189356,547.6010569583088,555.4417344173442,555.4417344173442,563.5835849436394,563.5835849436394,571.5687162617261,571.5687162617261,579.3980882652024,579.3980882652024,587.0563704455021,595.2996070159218,603.7032793570197,603.7032793570197,611.6959802945338,619.5899977864212,627.5924068439318,635.639330671359,643.304506826414,651.5346502296702,659.4543745114196,667.2397689519782,675.2964310393888,683.4456512692467,691.5825475854778,699.4194548086531,715.6689103231329,723.3895746087721,731.4698998864147,747.1685609837156,763.5198159809947,779.3112262966421,795.2388059701492,803.625731198991,819.8035183737296,835.5471586971586,851.3573378963847,868.007665990877,883.8202317788327,891.3251533742331,907.2845889914463,915.627331333117,923.6396794467163,939.3197516583649,947.3835103926095,963.5659476058687,979.8123275068997,987.7761315140949,1003.7011842019649,1019.5877605490596,1027.3378067596286,1051.4170291606251,1067.5071199065283,1083.7067669172932,1099.3467765784417,1115.4587746213997,1139.3302449361786,1163.4769101123595,1187.2190616315186,1211.0789053304186,1227.3592052659208,1251.370198121105,1267.260790732813,1291.1975743574933,1323.5649132321041,1355.454625550661,1395.6288233177402,1541.0
EA014,233,257.8695652173913,269.5625,277.4166666666667,281.5052744502056,289.05263157894734,294.0302949061663,301.56666666666666,305.8528428093646,309.46875,313.5130784708249,317.1979166666667,321.6263348996156,325.16829143150335,329.38709677419354,333.3152299324213,333.3152299324213,337.35129167586666,341.5278610474343,345.47727272727275,345.47727272727275,349.7081712062257,353.39858490566036,357.45652173913044,361.6279069767442,361.6279069767442,365.59574468085106,369.5448123620309,373.7567567567568,377.5743232547095,377.5743232547095,381.6578947368421,385.34584371792994,389.375,393.38007906162915,393.38007906162915,397.5,401.3641401147833,405.54545454545456,405.54545454545456,409.68888888888887,413.4318181818182,417.571323461786,421.39480117340287,421.39480117340287,425.3809523809524,429.3859649122807,429.3859649122807,433.3768743752083,437.63461538461536,441.32790697674426,441.32790697674426,445.4114999150671,449.80450141299957,453.7073626178197,457.6275587886991,457.6275587886991,461.48519249753207,465.30599910461126,465.30599910461126,469.3085532395523,473.2525225225224,477.5296586766818,481.4889693776753,485.3391124871,485.3391124871,489.4637741505663,493.78004667444566,497.60923351613314,501.5075415753514,505.56904069767444,509.18835178875645,513.4348200447736,517.3030551755585,521.4820203699855,525.3,529.2694300518134,533.5447858070099,537.5,541.4666666666667,545.3518497438816,549.3492822966508,557.5327648114902,561.3477489768076,565.2233475479743,569.494655004859,573.3365534088387,581.7164388363127,589.4738624338625,593.3834338214183,601.0402937299943,605.1583555386371,613.6757859371252,625.6030876494024,637.0026075619296,653.694888802185,664.9873000940734,680.8370114942527,693.4882051282051,713.4786150712831,762.0
EA015,140,155.99667142177842,171.30688208360175,179.41293709404752,179.41293709404752,187.84615978585398,195.46107101688966,195.46107101688966,203.58927905531382,211.71195902190456,211.71195902190456,211.71195902190456,219.44384541427428,219.44384541427428,227.4589806992818,227.4589806992818,235.66089870358167,235.66089870358167,243.50831462691932,243.50831462691932,251.41276261265727,251.41276261265727,251.41276261265727,259.4949269982677,259.4949269982677,267.5947596616608,267.5947596616608,275.2631969788903,275.2631969788903,283.3976624168339,283.3976624168339,291.60696993581803,291.60696993581803,299.2751670592761,307.43375506662704,307.43375506662704,315.4042229590858,323.52573313101914,331.5310635079816,331.5310635079816,339.53827399452825,347.8310534219241,355.56857395381013,371.39729749052685,379.50962430993206,387.31488174328985,403.38057750668554,411.46818315521136,427.3721788686331,443.58377484687924,459.647395002658,475.37436198729466,499.4037572136046,515.722767061112,531.7493232521236,547.6345741765086,571.2788060960819,587.3778370536759,611.2127489686378,627.595012718402,643.3152173913044,659.3439151166286,675.3213043697393,691.5770455751878,707.4220183486239,731.2555456606217,747.594274432379,762.8037035506138,779.9534395398731,795.6342982224403,811.4396744659206,827.5787521815009,851.5656565656566,867.4747345698049,883.9189447981998,907.3440812720847,923.792891319207,939.2161216467233,955.4575765585471,979.1812118259827,995.5975869410929,1011.2151188326582,1027.6252743542123,1051.712643678161,1067.4999366527302,1091.2628231525966,1107.5316297912123,1123.243357275604,1147.6298287424486,1163.6050408902,1187.504683943267,1203.7386860544755,1227.7280929695394,1259.1130104463439,1283.6930876125725,1323.2270718232046,1371.42342235878,1427.0,1491.9850955637382,1563.2669491525423,1683.0
EA016,97,139.20782623113908,163.5203179334327,179.68607160696283,187.6308569429579,203.4295273551554,211.61471647876968,219.4687464302348,219.4687464302348,235.46949609742856,243.57642452484828,251.44543483431332,259.5031552087413,267.4536620483421,267.4536620483421,275.45745244465746,283.4200155771968,291.485296951478,299.6142309000263,315.53321989146735,323.54607468579394,331.52431937109645,339.46181323988435,347.53499498074893,355.5021641707545,363.55608136914555,371.47465096678076,379.4595595276093,387.61305361305364,395.49887302779865,403.4623652844194,411.51935256861367,419.46276576885344,427.47968638631505,435.646084221066,443.4656095710905,451.5178898555933,459.6949078138718,459.6949078138718,467.3625549677064,467.3625549677064,475.4657267865824,483.30954502209175,483.30954502209175,491.4460975439941,499.50240603611394,507.4268924837995,515.4966899549291,515.4966899549291,523.4820322118265,531.5657838963529,539.4405686593012,547.5301814959921,555.375827679573,563.4893902893607,571.4472904720835,579.4553086463179,587.4231219931384,595.4978387563643,603.4890890027732,611.472617522405,619.6127140511377,627.5184834984386,643.428929715032,651.3686515481934,659.3813629667299,667.4442690581635,683.3866372221236,691.4289942613096,699.509569725478,715.4906100332372,723.5006807698546,731.4322421166697,747.5114515235682,755.5183953390539,763.3915062542131,779.5580397937896,787.4320704354755,803.61444048758,811.4836206377651,827.4726565163604,843.4030137800136,851.5683929600389,867.5742646317843,883.5328988121014,899.4589134400039,915.451448575848,931.4938721389112,947.3968008224732,971.4095806051516,987.6608112809662,1011.4790836002353,1035.5149168687724,1059.4075082363581,1083.6796338017414,1115.3639935980125,1147.706840000599,1195.5306925602179,1251.2422316079821,1315.6593469802065,1606.0
EA019,428,471.97595192258143,471.97595192258143,487.87038186508266,487.87038186508266,503.33724278517235,503.33724278517235,519.1238709879216,535.4990929176521,535.4990929176521,551.6121766369065,567.5758011537654,567.5758011537654,583.2771038794192,599.5685106923756,615.5385710032516,615.5385710032516,631.3832854182853,647.3035435641043,663.6925716278874,663.6925716278874,679.5219465493266,695.6479552174349,695.6479552174349,711.445568443817,727.5440763119111,727.5440763119111,743.4901150082821,759.490373393193,759.490373393193,775.5540694548971,791.6270447881312,791.6270447881312,807.5223602283047,807.5223602283047,823.33309421948,823.33309421948,839.4895828669896,855.4413937127686,855.4413937127686,871.5111619276503,871.5111619276503,887.3429044880593,903.2846570418318,903.2846570418318,919.52402289043,935.4310158081475,935.4310158081475,951.4938382245986,967.385333401786,967.385333401786,983.4458035983648,999.391809721868,1015.658329420523,1031.4358176034984,1031.4358176034984,1047.4319692947618,1063.438748488246,1079.5494222135858,1095.4829207511634,1111.6000901642187,1127.4897817574763,1143.163777727429,1159.3119890627074,1175.340707791007,1191.503475022738,1207.33163784948,1223.4909508128442,1255.47351086225,1271.4097123946551,1287.363480811538,1303.3677565390115,1335.5192398013157,1351.409323294293,1383.39799279615,1399.6519527937091,1431.373249777269,1463.2790355451489,1495.4461661952,1511.4540376548748,1543.3616612787514,1575.3223111083603,1607.4870948447274,1639.468998231391,1671.5685132947322,1703.446960416651,1735.5994475138123,1767.4890692150648,1815.3613842232692,1847.5143448574922,1895.5322797277938,1927.3555890202626,1991.3979417649182,2055.682634730539,2135.211633489735,2215.332153952364,2295.474515259543,2375.61850729683,2455.588105328318,2567.2659319369236,2901.0
EA020,71,85.49244857841491,89.63636363636364,93.6595698939179,97.60540580644263,97.60540580644263,101.56128048335546,101.56128048335546,105.71306626709901,105.71306626709901,109.49103705218607,109.49103705218607,109.49103705218607,109.49103705218607,113.53722138494489,113.53722138494489,113.53722138494489,113.53722138494489,117.52250653548056,117.52250653548056,117.52250653548056,117.52250653548056,117.52250653548056,121.49040336429059,121.49040336429059,121.49040336429059,121.49040336429059,121.49040336429059,125.48266259964186,125.48266259964186,125.48266259964186,125.48266259964186,125.48266259964186,129.49164555765756,129.49164555765756,129.49164555765756,129.49164555765756,129.49164555765756,133.4620101059896,133.4620101059896,133.4620101059896,133.4620101059896,137.43681543790638,137.43681543790638,137.43681543790638,137.43681543790638,141.50278589216197,141.50278589216197,141.50278589216197,145.47825527750595,145.47825527750595,145.47825527750595,149.48602326405975,149.48602326405975,153.50289662549676,153.50289662549676,153.50289662549676,157.42437632361737,157.42437632361737,161.4477055269395,161.4477055269395,165.5149448705658,165.5149448705658,169.44402746197494,169.44402746197494,173.48875501257228,173.48875501257228,177.53523183825655,177.53523183825655,181.4405186711565,185.4563961966984,189.45554080373395,189.45554080373395,193.50828664366193,197.4400671804685,201.43033024129215,205.5098796448172,205.5098796448172,209.53477855143205,213.46091179696066,217.48047762293575,221.52860969424103,225.50150667240644,229.3226572638899,233.35623541826388,237.4919513930801,245.4188189746772,249.4642644463453,253.38040012937216,261.45861532641135,269.4446446581054,277.57143989850937,285.495766168188,293.4020711662351,305.53095500503133,321.4730442978323,333.3687041946048,353.4931084592011,373.2746226415094,409.24441084350366,801.0
EA023,154,248.32326069909354,263.88814784537243,279.4274742476301,295.3480114005151,311.38940044180606,327.5479370697809,343.66362150008763,359.7334992815729,375.64146561975963,391.6807221694048,391.6807221694048,407.56741048340626,423.59184487529,423.59184487529,439.5768301519244,439.5768301519244,455.5540692855014,455.5540692855014,471.56351164684764,471.56351164684764,487.5090202723793,487.5090202723793,503.5870155337241,503.5870155337241,519.732035883863,519.732035883863,535.5279331720707,535.5279331720707,551.6012009796027,551.6012009796027,551.6012009796027,567.5539515073693,567.5539515073693,567.5539515073693,583.5609456053859,583.5609456053859,599.4531125450796,599.4531125450796,599.4531125450796,615.4470958994799,615.4470958994799,615.4470958994799,631.3815996971038,631.3815996971038,631.3815996971038,647.4429006349178,647.4429006349178,663.471028961572,663.471028961572,663.471028961572,679.4335953108521,679.4335953108521,695.4113327590181,695.4113327590181,695.4113327590181,711.3606388373449,711.3606388373449,727.2734216124628,727.2734216124628,743.3847578585592,743.3847578585592,759.4057673893448,775.4867785511127,775.4867785511127,791.4092780111074,807.4835955705795,807.4835955705795,823.2895243115706,839.2623429922021,839.2623429922021,855.3721260734778,871.3132268269812,887.4123962919548,903.374173577528,935.4114525949839,951.4265418768553,983.4875121200286,999.4351593734236,1031.5818401222348,1047.458135327383,1079.4833112790723,1095.4805015811344,1127.3901033448751,1159.5046334680303,1175.5397294623756,1207.3642701582048,1239.4614501912297,1271.2807186130299,1303.401687989716,1351.4522610916179,1383.40905031902,1431.6926816852224,1479.2811005795986,1543.7230455384415,1607.4631294530134,1687.3703784866793,1767.6513973679696,1895.3303740993326,2039.4237556619203,2539.0
EA026,365,443.1251473014376,476.1529474243229,499.75757575757575,515.2068965517242,532.3155505107832,548.0297272091397,570.7352941176471,587.165953886203,603.25,611.2777777777778,627.6981132075472,635.3449691991786,643.6153846153846,659.2823513676186,667.3030003947888,683.6539824170056,691.7306131019037,699.686143680767,707.6756756756756,722.9651607963247,730.919191278996,739.3032106896334,755.2451601444557,762.688524590164,771.6308543186631,780.0385940730531,787.6153846153846,803.1475409836065,811.4724137931034,819.745803654382,827.7792207792207,835.8723803363519,851.5443146043433,859.7560394051578,867.4770491803279,875.1958496700776,884.0357406042741,891.9443047660691,900.0618772673854,907.2289156626506,915.4780423446629,923.7404905189053,931.7307692307693,939.2090067550664,947.387614327321,955.421052631579,963.3825638846091,971.3820067716451,979.3143785540211,987.5111534276388,995.5000478194337,1003.8472457729762,1011.2972972972973,1019.0,1027.5627468289736,1035.7514430158035,1043.1384707109853,1051.666149146091,1059.6126116767089,1067.5232558139535,1075.5815893458218,1083.827133479212,1091.174518461016,1099.7967616110307,1107.5073740353146,1115.3718427908032,1123.1948051948052,1131.3141417776178,1139.7002642007926,1147.6548092674934,1155.8978292862398,1163.567462520822,1171.4258607288189,1179.85563155046,1187.4505911961628,1195.1220401664184,1203.6297211242863,1211.6271947129608,1219.2910358904576,1227.7177008393285,1234.6873100493249,1243.488749741967,1259.132145917493,1267.4941202906145,1283.6333620795863,1290.9259259259259,1306.910945977825,1323.3724394785847,1338.7368421052631,1363.679503916449,1378.942857142857,1403.1557093425606,1426.857142857143,1460.0875187151216,1475.826275939428,1507.1139958221427,1532.8453038674033,1571.3386548913043,1619.0236058843652,1680.0
EA027,375,467.35538702928875,499.49856223469806,515.5567769992751,531.6201479715278,547.4670658682635,555.4453317734428,571.6213654679253,579.6874557529583,587.4087887686082,587.4087887686082,595.6158041509341,603.4736769350192,603.4736769350192,611.3544387726572,611.3544387726572,619.4948605132805,619.4948605132805,627.4091230077499,627.4091230077499,635.5089389817333,635.5089389817333,643.4136297052556,651.3369572028323,651.3369572028323,659.5136183742441,667.6275032730447,667.6275032730447,675.384542437174,683.4097645845864,683.4097645845864,691.8859974069272,691.8859974069272,699.4177356385945,699.4177356385945,707.5418469856597,715.5485859743824,715.5485859743824,723.56038647343,723.56038647343,731.3875077719678,731.3875077719678,739.63698864581,747.6219705052969,747.6219705052969,755.4795999443816,755.4795999443816,763.5997080663806,763.5997080663806,771.5227362376274,771.5227362376274,779.6636260427465,779.6636260427465,787.5792098843781,795.5184451319244,795.5184451319244,803.5328583130199,803.5328583130199,811.4487579578079,811.4487579578079,819.5774283684584,819.5774283684584,827.55484730774,835.339787795746,835.339787795746,843.4050471274443,843.4050471274443,851.289731244773,859.3888584567954,859.3888584567954,867.3821261281845,875.5748638962602,883.2557658589221,891.3414553180188,899.3198702628883,907.2683717450932,915.509661329932,923.4352153008556,931.4596531435999,939.7418909189965,947.7165477501636,955.4165093016734,963.400781895492,971.3965328349551,979.4116488058054,995.8390677025526,1003.2756400920451,1019.6021719306972,1035.67962109575,1043.5693779904307,1059.8815991456984,1075.1677007381913,1099.0438150033194,1123.7081669457684,1163.7163890381516,1219.3736025964658,1267.142857142857,1339.909090909091,1420.5407559784007,1523.324200913242,1680.0
EA028,296,325.639569023569,337.5222364998276,345.42146817364636,353.4969125653111,361.57761416513904,365.6359374162782,369.5769813098262,377.50533090467513,381.4984472840198,385.4541620281119,389.4458588271768,397.50356027102686,401.4633363756974,409.3661764435201,413.5106837606838,417.5381056791075,421.55459694027655,425.503631326241,429.5166694897154,433.48113858306056,437.40983201232,441.42159757999036,445.55300995954997,449.48998883319916,453.494590183562,457.54367201426027,461.5152,465.5049668874172,469.60828025477707,473.5392419294395,477.51612903225805,481.5017301038062,485.50860420650093,489.4815299359441,493.52876712328765,493.52876712328765,497.520942408377,501.44931506849315,505.5520421607378,505.5520421607378,509.5261707988981,513.5115681233933,517.453587478692,517.453587478692,521.5410898568675,525.4050991501416,529.5627663061292,533.5208632681686,533.5208632681686,537.4848200074964,541.4505709206796,545.5372685543607,549.4601095925212,549.4601095925212,553.4767278332189,557.4957901655763,561.5580877765512,565.5051419334128,569.4921237449923,573.4586233020315,573.4586233020315,577.4764376235933,581.5167299258048,585.468603537119,589.5676353170552,593.437231680237,597.5194015486243,605.4222712058128,609.5200936271249,613.4614281185608,617.5077248372137,621.4739161750583,629.5227414098839,633.588562693529,637.5023337720005,645.549090947551,649.5188835577121,657.5712161040399,665.5607008617527,669.549768348078,677.4623680326939,685.3449548928346,693.6230173526459,701.5031812525197,713.5069781392804,721.4596315773475,733.3625498743903,745.3447838999772,757.5192867540029,769.4398580655893,781.6045255788392,801.3871835156201,817.5361796800509,841.3130572967247,869.3501063829788,901.2631578947369,937.4142825944529,985.4989382554722,1033.462323177367,1197.0
EA033,657,727.8718622092885,759.4900907826756,791.883127077946,807.7093309313842,823.4782282964752,839.6278484673221,855.4648620906928,871.6769115932517,871.6769115932517,887.4084758540515,903.4374332209262,903.4374332209262,919.6475203417414,935.4690703049573,935.4690703049573,951.4656986489074,951.4656986489074,967.2819372587024,983.5453150275832,983.5453150275832,999.465284441889,1015.7933884945841,1015.7933884945841,1031.461054315939,1031.461054315939,1047.39333259293,1063.481971112167,1063.481971112167,1079.5325983128034,1095.527836506106,1095.527836506106,1111.6698911488522,1127.4500639101527,1143.217613757819,1143.217613757819,1159.246306899514,1175.3573042622431,1191.5811632436448,1191.5811632436448,1207.3905033132605,1223.4891319778537,1239.5208448903472,1255.4636404106725,1271.349829714478,1287.350992567704,1287.350992567704,1303.43213444717,1319.530683483762,1335.5521409593698,1351.3357506777043,1367.3695762308705,1383.4342624078122,1399.671112653374,1415.430778625329,1431.393620874904,1447.6318397104312,1463.3245039875671,1479.5942775553626,1495.4575768161917,1511.487381232383,1527.582952961942,1543.369284904179,1559.6646299046797,1575.3214990687286,1591.5958521060352,1607.4870563816064,1623.4929090009334,1639.468998231391,1655.3611324245446,1671.5685132947322,1687.7279304970405,1703.446960416651,1719.4603023338375,1751.8056797398901,1767.4890692150648,1783.5215012835981,1799.6396397511428,1831.4442310032507,1847.5137053262813,1863.2246262143447,1895.5326099121241,1911.572013858813,1927.3555890202626,1959.211004128046,1991.397900378079,2023.0709530838467,2071.6118009235506,2103.487829885134,2151.46455391261,2183.6514750969836,2231.1743094202952,2263.836010832698,2311.693289751651,2359.7644966740577,2407.3795322066208,2439.428977837184,2503.5580810840347,2551.1139599121743,2646.8566597240842,2901.0
EA035,77,91.71705477267183,99.51280538180102,107.71619544148119,115.70213724297905,123.53573066340566,131.62198311344875,131.62198311344875,139.51816256953165,139.51816256953165,147.4876877417034,147.4876877417034,155.40200286123036,155.40200286123036,155.40200286123036,163.53786397449528,163.53786397449528,171.4760961351088,171.4760961351088,179.33677811550146,179.33677811550146,179.33677811550146,187.54153296647456,187.54153296647456,187.54153296647456,195.51411068707003,195.51411068707003,195.51411068707003,203.43132913003322,203.43132913003322,203.43132913003322,203.43132913003322,211.3687700899903,211.3687700899903,211.3687700899903,211.3687700899903,219.55856747425443,219.55856747425443,219.55856747425443,227.49929061288765,227.49929061288765,227.49929061288765,227.49929061288765,235.4584266831514,235.4584266831514,235.4584266831514,243.41781605828015,243.41781605828015,243.41781605828015,243.41781605828015,251.4563507704154,251.4563507704154,251.4563507704154,259.4391392726539,259.4391392726539,267.5004456608364,267.5004456608364,267.5004456608364,275.4512199130121,275.4512199130121,283.71394892166074,283.71394892166074,283.71394892166074,291.55804636205283,291.55804636205283,299.43635944799985,307.5106995759686,307.5106995759686,315.4084558328782,315.4084558328782,323.3743389342617,331.21315377949537,331.21315377949537,339.4910434549091,347.56890674600845,355.4079099085248,363.457919246579,371.5578428138775,379.4882342374707,387.45355926281775,403.37064694739917,411.3998659176549,427.40029393118544,443.3352288186321,467.9596348547718,483.58210373857156,515.3522417366644,554.7970708248324,595.8432742516732,635.2860787852387,682.8291559409295,723.3764492753623,763.258064516129,811.4,859.0844603215105,907.6833881578948,955.6571021875935,1011.2142857142858,1099.5001429796969,1196.0852669039145,1304.0
EA037,252,323.1666666666667,355.42278570170805,387.3778463913547,404.05405405405406,419.7778525182881,435.1884115096571,443.71201734750986,459.6697779966174,467.6,475.54274816093,483.30283086909486,491.4575491551921,499.72198812001835,507.3680185121185,515.441214935418,523.4632409802405,531.6200607902736,531.6200607902736,539.6336182782464,547.4864048338369,547.4864048338369,555.5910290237467,563.6007719989545,563.6007719989545,571.5693625062306,571.5693625062306,579.3257297297297,579.3257297297297,587.725397032023,587.725397032023,587.725397032023,595.5557625781391,595.5557625781391,595.5557625781391,603.5190716435351,603.5190716435351,611.5375672302132,611.5375672302132,611.5375672302132,619.6372386022177,619.6372386022177,627.4967004103074,627.4967004103074,635.3857188088159,635.3857188088159,643.3346034275224,643.3346034275224,651.6043157751037,651.6043157751037,659.3763082310356,667.4905194076968,667.4905194076968,675.6157488268344,683.5374921857007,683.5374921857007,691.3154592503873,699.5474733602285,699.5474733602285,707.3665930460023,715.5565324841976,723.2288448851796,723.2288448851796,731.6067126288018,739.3528014040774,739.3528014040774,747.4431744447218,755.5527275327089,763.5762148866719,763.5762148866719,771.2924669906123,779.2899866282658,787.6845175113742,795.3697576850066,795.3697576850066,803.4343006097286,811.5750030458089,819.3196399762248,827.3782352233054,835.676837032381,843.5826234809716,859.5841559258096,867.0880559761036,875.1893736351002,891.3112578451884,899.886966292135,915.4173033352654,931.4810150734594,947.404546336416,963.5454545454544,979.9345413627191,995.6268114526777,1019.5730245231606,1042.9653701380178,1067.390747056882,1099.3773736293128,1123.8148059985717,1147.456028961292,1179.3435268419726,1211.8298203812317,1375.0
EA039,298,329.27401226158037,353.8632362897766,369.64875094625285,385.46850588351634,401.4702387050507,409.41269609631513,421.48163693599156,429.7798223350254,437.55647221630824,441.54455242966765,449.49478295499796,453.542235508028,457.3731518757348,461.5808026030369,465.4682579669984,469.4565415667331,473.5758704800707,473.5758704800707,477.53160919540227,481.6637237431827,485.51181102362193,489.5257072905333,489.5257072905333,493.395898242536,497.4009347636343,501.3466331103064,505.6804575197074,505.6804575197074,509.50287404902787,513.3309163514082,517.5616794795978,521.4260923549933,525.4944413902632,529.577045274027,533.4294805994662,537.4481635260299,541.3199709896486,545.5563675226018,545.5563675226018,549.4105158870568,553.4903945154566,557.5884295584963,557.5884295584963,561.5270963270964,565.5000926440615,565.5000926440615,569.4861878453039,569.4861878453039,573.6099995805546,577.4646475350769,577.4646475350769,581.4609473563481,585.5359491137793,585.5359491137793,589.4281516503911,593.5116694040595,593.5116694040595,597.6763925729443,597.6763925729443,601.3015122258141,605.3912446723975,605.3912446723975,609.4637606003295,613.3890563412938,617.4531691618862,621.5258831968439,625.4964788732394,629.5402695636725,629.5402695636725,633.4923623127871,637.652877753406,641.5429864253393,645.3638689048761,649.3932474964236,649.3932474964236,653.479700002953,657.3967790544359,661.4178312952332,665.5164091243561,669.4446524218164,673.4665356786427,673.4665356786427,677.4759726962457,685.5683568319631,689.5209491079262,693.4180727409074,697.5825052192066,701.3019713261647,705.523381670776,713.3016909081563,721.4867083180204,729.5556052141527,737.4925589836661,749.1432006996064,761.3555205047315,773.5772049841189,789.3873886414253,809.3886908619572,825.3521455223881,940.0
EA040,138,185.76315789473685,201.21621621621622,209.63083471103454,217.62130177514794,221.47826086956522,225.65811641496546,229.552822680366,233.53631284916202,237.5471996973924,241.44204768293937,245.44381338742394,249.53909465020575,253.54203408734446,257.5156423608787,261.48316561223567,261.48316561223567,265.41860495133847,269.71421423567926,269.71421423567926,273.4918860224805,277.64520491562297,277.64520491562297,281.38487632826366,281.38487632826366,285.5162718204489,289.49602156057495,289.49602156057495,293.4934311917334,297.4965222431532,297.4965222431532,301.47254752851705,305.4699785307039,309.41664196799053,309.41664196799053,313.45086160692534,317.4619604102075,321.51694468832306,325.4799977183709,329.3636363636364,333.45989411150606,337.4662638676949,341.37038717140337,345.5459467189671,353.43711682203747,357.4949721478695,361.6557032062801,365.66217538242614,369.50729137060273,373.50522998218605,381.40591097056677,385.5738694522454,389.45195641406644,397.4071479932888,401.53837809917354,405.4127857121736,413.53639835312373,417.44606499347935,425.43303584406516,433.601025087672,437.55228078399193,441.5013719625244,449.5496183206107,453.68382352941177,461.58275393590657,465.60545716695225,469.43078288853127,477.42122644788986,485.501899535669,489.44466587380674,493.4960076814232,501.45749581853937,505.4028409090909,513.5193222097346,517.3048035476169,525.452152895891,533.6834231724306,537.3902746148694,545.5997227228615,549.6750059810657,557.4272491960155,565.4436741767764,573.5587867417137,581.3586956521739,589.6121595284499,597.6241192612921,605.4129567086276,613.4004087771393,621.5384080754593,629.5125151477163,637.3253761212164,649.3300005234778,657.6082761269264,669.3123767952688,685.2375950742484,705.6962558222859,721.39090187781,745.7591645353793,777.5217094794273,829.6416099437704,1016.0
EA041,390,421.75996217749565,437.4754339511622,453.2695672369745,461.86324786324786,465.42134570765654,473.61088328802464,481.883438643166,489.3764705882353,497.3720215219063,505.26603386351974,509.3788427157371,517.6783168225164,525.5188679245283,529.5075774711603,537.4510613207548,541.4842501711938,549.4880952380952,553.5340909090909,561.4627728162759,569.3633476258535,577.3967327887982,581.4326085985981,589.5,597.6632417697631,605.4065197075477,613.4317865787712,621.5017900690084,629.4710895502818,637.5666634808372,641.6,649.6697247706422,653.4777777777778,661.5294803464357,665.3948591344757,673.2798508867717,681.6179775280899,685.5330600993798,689.3578947368421,697.6548672566371,705.4476147113876,713.5142071943859,721.3822955163516,725.5897779063879,729.443777030274,737.4913466421846,741.5385761209992,749.4662621513438,753.4069802548155,757.6469233989116,761.5598990145777,765.5020351969351,773.3573359282085,777.4007331661201,781.5075284318438,789.6419501308296,793.594310059505,797.488991928559,801.4204677092383,809.4370950323973,817.5021877848677,821.7067112081887,829.7056936020349,833.6239794514265,841.3886244921647,845.4630874663029,853.6016327890704,857.5719316649183,861.5237151702788,869.5315632507662,873.5896573470674,881.58,885.5555555555555,893.5906506632975,897.7058438726559,905.5375966530947,909.4728321289605,913.4935903708779,921.7449594604292,925.5632576825485,929.634582868081,933.4984650493087,937.5531665076685,941.6286162138376,945.6589691924281,949.4199601206603,953.4396469894048,957.6228443253318,961.5399123874421,969.4795140317019,973.6230724374758,977.5167370935147,981.4257562906421,985.4565870631025,993.5727572444906,997.3779396462018,1005.4273125280653,1013.5533694899609,1025.5424749163878,1053.4706572769953,1149.0
EA044,38,51.44688993643546,67.56890960042823,75.95375143843498,83.66856027474196,91.66726200723015,99.29469248394929,99.29469248394929,107.64828936772493,107.64828936772493,115.52192538554807,115.52192538554807,123.62394229882935,123.62394229882935,123.62394229882935,131.369600206013,131.369600206013,139.66503466439607,139.66503466439607,139.66503466439607,147.53010437554633,147.53010437554633,155.56906655416097,155.56906655416097,155.56906655416097,163.34712155953227,163.34712155953227,171.4924626137316,171.4924626137316,171.4924626137316,179.500201447281,179.500201447281,187.42722949485636,187.42722949485636,195.51513763084623,195.51513763084623,203.4052011437587,203.4052011437587,211.57222750221132,211.57222750221132,219.37332864717834,219.37332864717834,227.48557024188912,227.48557024188912,227.48557024188912,235.364438717469,235.364438717469,243.28508674514455,251.46489973545138,251.46489973545138,259.3749410099104,259.3749410099104,267.42324905833453,275.5471675602318,275.5471675602318,283.3085373416412,291.37082602543575,291.37082602543575,299.56989805912053,307.35088471360814,315.4652350740199,323.36124196265854,331.5502585542965,339.3691804585307,347.87171177771825,363.3821252091359,379.77664900420245,387.45054399536684,403.240530338598,419.2498339374846,435.5731239955494,451.4392051195688,459.2013956946369,475.7931034482759,483.51035059958934,491.4459657868679,499.6418588473376,507.75375011456555,515.558352402746,523.5443592552026,531.4467120181406,531.4467120181406,539.321629888021,547.3718625885436,555.4924994993862,563.4214261865014,563.4214261865014,571.3747520223203,579.4454284323738,587.5666948984181,595.5812396190315,603.4244581161878,611.3367761824427,619.4985956914932,635.3320368929882,651.6754435275336,675.4043576905023,707.8410144351742,755.4951202643509,851.8794666666666,1089.0
EA045,48,69.61243463102846,73.42662495369036,81.48552440878082,89.59165679694696,93.3495382944052,101.60188552664103,109.48635382401311,113.31807364227078,117.6553570866018,121.50403646221214,129.59711719497514,133.69808580173262,137.3421547134357,145.56095491006653,149.515495678964,153.6347239326765,157.54514923351934,161.28854003139713,165.53025448830317,169.41424392925148,173.38825214899717,177.41527223307568,181.55098508275472,185.32749013511898,189.46738349478488,193.41741099509372,197.55855581202906,201.458129724763,209.3943202318935,209.3943202318935,213.64061700091256,217.45023550463807,225.35302905419329,229.60709389566037,233.33785187355187,237.41515313390315,245.49998309725837,249.55748189484908,257.5890979222008,265.44430265107854,273.3494813961146,277.45063694267515,285.54592655128744,297.63878188232434,305.3825898060825,313.6665431183593,321.5042140294766,329.3826626397845,337.593669250646,345.4280122013219,353.47294464022843,365.5534715215995,373.3565458036823,381.7529411764706,393.6433595888969,401.615856207329,409.5777777777778,417.71361722040245,425.711277491811,433.35240768732456,441.44580550835735,449.39484349400715,457.54217338599307,465.40539890096665,473.42871702402886,481.47550154320993,485.54158671894544,493.6754019197927,497.5755554136875,505.5354347593009,509.4355357142857,517.7259527516416,521.5421766113095,529.4005309496606,533.3518518518518,541.507358385783,549.3389369137391,557.5526498306882,565.5398230088496,573.3914544118118,577.5903432095962,585.4643813604713,593.5070507170898,601.5488750380055,605.4187399151939,613.5741601613894,621.3932371719083,629.2976944269902,641.4527427370032,649.2174486396445,665.5282070377956,685.195652173913,701.4389771406431,725.4981069958848,757.6598860862491,797.7182287529786,837.4170452480465,869.6116371933826,893.6836748009916,952.0
EA046,99,117.38792029887922,129.35508637236083,137.2347506320386,145.44354838709677,153.41868974737878,157.62770249051863,165.53253689695012,169.48938010987587,173.54497376022132,177.58069028013082,185.42953616194114,189.60166452266787,193.63915347907275,197.4163160449875,201.38891678622664,205.4828645640074,209.38892933915824,213.4518186240069,217.4462336577129,225.50815235929505,229.59894418645402,233.48311985837753,241.53990196618386,245.4120251318894,253.51824977410257,261.62798009707257,269.5022494412678,273.4321932852213,281.4453938169955,289.50515383414023,297.43621655258244,305.6100082586487,313.50921707436737,321.50942105590445,329.32777897226407,337.520325203252,349.5217391304348,357.51304559863445,369.5425531914894,381.6770062920852,393.4882997872689,405.42857142857144,421.69859343603486,437.2243034893157,461.7110018438845,481.3095145631068,505.4831838565022,537.4045984352547,565.3832613749586,589.4363636363636,605.3928571428571,621.4242424242424,633.301788348746,641.5595741467835,649.5037263176797,653.4605522430074,661.5189976452804,669.5198631590114,677.3602917022534,681.4977329565094,685.4255319148937,689.4819779730782,693.5906445591304,701.6095094228396,705.4429223744293,709.4549731628123,713.3479968869287,717.5909502262444,721.4403734432133,725.5939862454991,729.6258895746907,733.5062941886532,737.5527459907304,745.6003351636597,749.6162402669634,753.4698744915343,757.5602372034958,761.4915924826905,769.5087746911153,773.4551074891107,777.5194067529189,781.5625726462613,785.5005440488691,789.3751117290693,797.5874568794887,801.5294064768409,805.485186719278,813.446022069604,817.530558442546,825.4330271819921,833.3664619330453,841.3600197329009,849.6010867761739,861.3581053675243,873.3002500694639,889.6320245581026,905.3840554830734,925.0169766185662,949.3767641129033,1022.0
EA047,11,51.62447736709155,59.60458341244174,67.59843614451496,83.51873139690032,83.51873139690032,91.59596205128939,99.53608637599612,107.62067940304729,107.62067940304729,115.53036313531238,115.53036313531238,123.59431912397659,131.54796004142366,131.54796004142366,139.56047271201962,139.56047271201962,147.53156628878614,147.53156628878614,155.47378027858127,155.47378027858127,163.46888691160126,163.46888691160126,171.4423764507065,171.4423764507065,179.47835599275314,179.47835599275314,187.45720122783547,187.45720122783547,195.5146537963972,195.5146537963972,203.43995182529557,203.43995182529557,211.45557042827994,211.45557042827994,219.41879507988872,219.41879507988872,227.4841063461981,227.4841063461981,235.4177523073763,235.4177523073763,243.4189380242247,243.4189380242247,251.37996481965106,251.37996481965106,259.4243741362227,267.47417990576656,275.50901649395485,275.50901649395485,283.5043077487104,291.453775457687,299.4925985143804,307.3838632137298,315.44881372671296,323.4254514940526,331.43288843230107,339.4589791540919,347.64623522574385,363.47559199242704,371.45157940901964,387.4501428445574,403.46403389036504,411.4676626091234,427.6680213428191,443.5103085625411,459.42948061549214,475.4823404590758,491.6256823246146,499.6030394311524,515.545320408338,523.5051366127445,539.4073889265898,547.4317958487917,563.5457320243244,571.5772012854222,579.4720221140136,587.5956069132487,595.5881882793052,611.4504336574934,619.5084527704167,627.3987828544637,643.4432885917687,651.5835632828567,667.390029349488,683.4445224829936,699.5264012586306,707.4500958212204,723.3878372121076,739.5151448471594,755.4568371799589,763.5598366941273,779.4447627613135,795.5558464402907,819.3958743307659,835.583125164344,867.3427806708283,891.4334748127944,931.4341750396618,987.4715093427495,1107.4722955145116,1375.0
EA049,7,71.65677364103608,103.7438451524739,135.70954602143956,151.50416101189373,167.61092019127233,183.6074541211233,199.65999884700656,215.69286203555657,231.66013406665348,247.73142481643745,263.58428646920527,263.58428646920527,279.4106934397012,279.4106934397012,295.3738537718456,311.487045647389,311.487045647389,327.49911410844686,343.58105818451037,343.58105818451037,359.66431646810594,375.4906862858947,375.4906862858947,391.61957213554444,391.61957213554444,407.51357870745835,407.51357870745835,423.5118616291829,439.5173422589403,439.5173422589403,455.5338656732665,455.5338656732665,471.53243731340444,471.53243731340444,487.46612168507517,487.46612168507517,503.5401214538916,503.5401214538916,519.712804149006,519.712804149006,519.712804149006,535.5089116974226,535.5089116974226,551.5627910198125,551.5627910198125,567.5248635842509,567.5248635842509,567.5248635842509,583.5620402926666,583.5620402926666,599.4476621201152,599.4476621201152,599.4476621201152,615.4884636747283,615.4884636747283,631.4327448218583,631.4327448218583,631.4327448218583,647.4779956443823,647.4779956443823,663.459625877783,663.459625877783,663.459625877783,679.3848274006212,679.3848274006212,695.3972073152785,695.3972073152785,711.3164669939231,711.3164669939231,727.2291555046015,727.2291555046015,743.3577839514434,759.3489171544013,759.3489171544013,775.4014767854312,791.373399760672,807.44467340171,823.2631936692122,839.2736801364239,855.3742127597454,887.4181234361623,903.3660195693643,935.4167022993031,967.5871952188176,999.4297587742292,1031.5677256490249,1063.5353603718934,1111.4199622039068,1143.4098660427878,1191.4180660937575,1239.4618134352202,1287.49177156486,1335.4415167350837,1399.566836190238,1463.257662190412,1543.7230455384415,1655.3931979871597,1783.692521769915,1959.388682346747,2536.887867647059
EA050,176,203.60843833524245,219.52941176470588,236.06756756756758,251.21369174240957,259.56625683060105,275.5249388640243,283.5660266916413,291.3179003524817,299.41719914802985,307.02519719544256,315.1781800998258,323.65814212069137,331.496644295302,339.60749102103637,347.44444444444446,347.44444444444446,355.3772340111269,363.41358024691357,371.5365464238357,379.6860127400971,379.6860127400971,387.45859887929583,395.6005727432935,403.42192006592506,411.2904483430799,419.7185095572224,419.7185095572224,427.7242339832869,435.6534980075476,443.39685284454436,451.10317564896553,459.5621301775148,459.5621301775148,467.85879196813266,475.3616591615988,483.58428199579765,491.169467787115,491.169467787115,499.4841449199516,507.50767683961374,515.3584580125153,515.3584580125153,523.6873614190687,531.5349803838402,539.3938764656724,547.3918770581778,555.6662982339794,555.6662982339794,563.2337819227331,571.5800846134189,579.4175899573085,587.5771784232365,595.479418689616,595.479418689616,603.8682849475481,611.5893652035504,619.7127053847405,627.4907435204643,635.6036922883383,643.7284427284427,651.5564705882351,659.613742120722,667.322875662237,675.1411109602063,683.8365296038858,691.2371187021591,699.7856201822004,699.7856201822004,707.2161802107304,715.6865431996235,723.353220858896,731.099839063643,739.522487041366,747.7990717579338,755.9307684982381,763.6015709376534,771.5648738488366,779.4041496487503,787.5330832920529,795.4846132596684,803.7734129172479,811.5529445894983,819.5764235086647,827.5622506131713,835.3678975648792,851.4659004156416,859.7632901348849,867.3934481921862,883.5167125265009,891.568229636309,907.0465379573353,923.7722448979591,939.1945889053986,972.0132770066384,995.5121783088234,1018.8094017094018,1050.9192022128402,1098.8579110898663,1131.1435616438357,1399.0
EA051,165,211.52777777777777,235.8390998067452,251.7988318602367,259.3938704293734,267.7143977151817,275.5589815875253,283.74897700014105,291.47710519626713,299.74267456875145,307.63758773814635,315.6800308651899,323.5133138432364,331.5,339.4010875910167,347.57885814441283,347.57885814441283,355.7939239184052,363.2666769849868,371.6006224417307,371.6006224417307,379.61284243587505,387.52051273813726,395.83359277708587,403.4084973010622,411.32837004722927,419.26898134291133,427.4951830443159,435.56048847981714,435.56048847981714,443.4730944966677,451.4297957888054,459.8802537668518,459.8802537668518,467.6679108666367,475.3683274596657,483.1640338227582,483.1640338227582,491.6007905138339,499.30678571428575,507.10179425054025,515.7509449811005,523.1263178257085,531.6166799808276,539.1945839626286,539.1945839626286,547.3203383363011,555.3413377969484,563.3383697555282,571.6110684089164,579.6649929527836,579.6649929527836,587.5367388487879,595.4898151974967,603.7434987784063,611.469796766581,611.469796766581,627.5393258426966,635.7590555594478,643.6067415730337,651.3682162498703,659.2593463224989,667.4137490165224,675.9184579439252,691.3337150335351,698.942494049643,707.7090393998217,715.7046387119467,731.5732031144516,739.6759786889043,747.8301492537313,755.3416764384781,763.8433942173807,771.4279618072226,787.7268306801737,795.4736749116607,803.0733986367535,819.2631745029977,827.6154600076705,835.4364103112632,851.2284192975852,858.9270231662631,875.0961853498716,884.0254848533418,899.1844190883031,907.3313960997029,923.8496369365666,939.5409500671316,947.2723694568355,963.0867295254424,986.8646050603064,1003.9630281690144,1019.4160598307419,1043.0097240792513,1067.7850480700245,1100.157988998337,1131.7311913472242,1179.0588235294117,1235.454954954955,1307.6359345500314,1434.0
EA052,0,11.700711997623067,11.700711997623067,11.700711997623067,19.56582071914916,19.56582071914916,19.56582071914916,27.258630911338912,27.258630911338912,27.258630911338912,35.52504765674405,35.52504765674405,43.4159512188317,43.4159512188317,51.608783863780694,59.32458711822813,59.32458711822813,67.5262587067958,67.5262587067958,75.48660884061367,83.54908608037576,83.54908608037576,91.49993828784498,91.49993828784498,99.55890120868641,99.55890120868641,107.49183153147794,107.49183153147794,107.49183153147794,115.48992562107469,115.48992562107469,123.45982919641867,123.45982919641867,131.56574724364665,131.56574724364665,139.55808347436687,139.55808347436687,147.45906605396246,147.45906605396246,147.45906605396246,155.39616856634274,155.39616856634274,163.61945846194052,163.61945846194052,171.56641452970388,171.56641452970388,179.44433305894924,187.51882565748454,187.51882565748454,195.41078230766604,195.41078230766604,203.51658956513876,211.41238132270504,219.48421184930714,227.50430244908648,227.50430244908648,235.5905302386817,243.40211161551048,251.43554036736433,259.44810119884056,267.474309684021,275.43289680853724,283.5077760380824,291.4627846806463,299.4402744965688,307.41973893341446,315.3801819757647,323.577836246526,339.4167278874203,347.5023865514056,355.4521517618479,363.4151009946621,379.5944188316059,387.3911175825068,395.39341792912955,411.445807193332,427.539511622198,435.55069791279357,451.4077834945255,467.47320932889915,475.3131708795014,491.3977563641594,507.27985415297655,523.4700494679433,547.4044995270767,563.3206438335819,579.4598477538331,603.5594491268986,619.4497151769971,643.6328728974997,667.5129167933019,691.3592234850279,723.375851246521,747.573818878206,779.4212969015555,811.4797729742785,851.3132106970737,899.2216359961707,963.3240952070428,1051.3839656964656,1434.0
EA053,33,59.594202898550726,75.3771055389964,91.54472197000533,99.56054617716502,107.74685573327757,123.59960910761771,131.70195149845762,139.26072421493402,147.4672527624396,155.45355007596373,163.46881273077125,171.36221215702753,179.5498460165627,187.54891107125763,195.367225524443,203.40069549377998,219.46322695963045,219.46322695963045,227.49762209826068,235.46164997103583,251.46077783767507,251.46077783767507,259.5011103298125,267.44506130798567,275.47852693285085,283.4518189641064,299.6053056684518,307.4157896334983,315.53586780532714,323.55114932090163,331.5158579641888,347.52866429535135,355.47196319035913,363.55707552320837,371.4712385511948,379.47012436872035,395.4897556927226,403.46837229174395,411.5285016770458,419.4520468331548,427.4738353330575,435.63847024102313,443.4634623818286,451.5161406556955,459.6868730920192,459.6868730920192,467.36269220738717,475.45754614261557,483.317353537458,483.317353537458,491.4394002032626,499.50950875316767,507.42228870495876,515.4915423108076,523.4744938275941,531.5699450755993,539.4466266414307,547.5304556856762,555.3748370565561,563.4885160508446,571.4506948024172,579.4540793248256,595.4919645848908,603.4887007858624,611.4731485674135,619.6013316520891,635.6192612476164,643.4335856774209,651.3717342844405,667.4425446817305,675.4153610785193,691.4246545136733,699.5082881953081,715.4910903463656,723.5049828514698,739.4183405702452,755.5198873998892,763.3915062542131,779.5616282771616,787.4329548126409,803.6152540871029,819.4991209781658,835.4506907393293,851.5683929600389,867.5749050877453,883.5327502536121,899.4589134400039,923.6798497835969,939.4163996558989,963.4578466428285,979.4491859596714,1003.2992427959927,1035.5149168687724,1059.4075082363581,1091.4149466192168,1123.5530347811693,1171.3775682646979,1235.5426176414553,1307.481385613396,1606.0
EA056,96,139.72727272727272,171.98591549295776,187.69469143743615,203.46152111829247,211.58642019450807,227.4558823529412,235.3977851401927,251.64667330346774,259.4585916797448,267.790293412903,275.4517683052124,283.78762428805874,291.6908807768058,299.2440483962223,307.5424550503623,315.6502266062384,323.6446922163812,331.4236524206095,339.2941770719683,347.71492178385205,355.4000933706816,363.6015465363196,371.71427032384565,379.46845782494444,387.5871704301754,395.5547927119091,403.2573331539289,411.5891500969712,419.59345580842717,419.59345580842717,427.3895134812456,435.44497076145973,443.24002977000856,451.64039408866995,459.40902162140475,467.6389871451989,475.2187466523836,483.3767997214656,491.42237420027675,499.56935136194414,499.56935136194414,507.3572729772462,515.4576699841706,523.7082726395641,531.5755936422827,539.361459100958,547.3567801214068,555.4384955054408,563.5226370461792,571.5747929665342,579.1890382169129,579.1890382169129,595.2431815712267,595.2431815712267,603.2807183572859,611.607563007836,619.4978873239437,627.4367674413392,635.6037635152497,643.5587024933432,659.6214523922957,667.5627507395551,667.5627507395551,683.213264354545,691.4829052303203,699.3972851392946,707.9479842037015,715.5517403023556,731.5560059155393,739.5588235294117,747.7888054887703,755.2660290579025,771.4781356908172,779.4450885668276,795.3235415918941,803.74,811.7666873320934,819.148214744413,834.867940552017,843.7715878345342,859.3668816131675,866.9741664163412,883.4686475701867,899.827618814135,907.5732518150553,923.262285227671,939.8362268256199,955.4054463571698,979.7541467583419,995.5897693466754,1011.2100275671951,1027.4867343725398,1043.7324375638966,1059.6174603174604,1091.0968973747017,1123.2821448313985,1171.2835080599707,1219.107237131544,1315.1392085321359,1663.0
EA058,229,333.66812227074234,393.8888888888889,437.6,461.8356328734253,485.8,501.02663024923186,513.1333333333333,529.4533271719039,541.5263157894736,553.6193054518296,565.64,573.5518047260451,581.6539998689642,589.4766747229696,593.5872547642459,597.4354939476767,601.5104576676699,609.5119032075554,613.523316740896,617.6077701696935,625.4,629.561569770974,637.58252327842,645.3822300284659,653.6593602301527,661.3321164986907,669.4102946661694,673.7473484425589,681.6738743670453,685.5371042695324,689.464562399325,693.6824103049269,697.4793497363796,705.5356390185161,709.5118972828647,713.4547381546134,717.6383355467019,721.3593216987196,725.5979381443299,733.7863526345187,737.3894736842105,741.4809328855973,749.3203883495146,753.4859684844192,757.5446279306831,761.4896267342468,765.4501942014202,769.5392156862745,777.1743119266055,781.3152173913044,785.6012942366026,789.6038213440025,793.608778893299,797.4216064666472,805.3454136816969,809.5018126482565,813.397676303702,817.6332238342915,825.3512321787273,829.466750313676,837.3631940469372,845.4013641133264,853.53125,857.5477713578209,865.440495456243,873.2304306821753,881.3330131476256,889.5800560010182,897.3478260869565,901.360655737705,909.3428505905284,917.2675430475837,921.631247068633,929.5632718441585,937.7485714285714,941.7013161579392,949.5382536382538,953.5590024891676,961.5581469213669,965.2944702356468,973.6521322713982,977.5736358195962,985.4937486755667,989.4316022799239,993.4121978851962,1001.4936023452318,1005.4967826371467,1009.5238653983154,1013.5364645387847,1017.6098698587691,1021.4334909257282,1025.4268834051445,1029.5440157630453,1041.411797752809,1049.1658163265306,1065.7266996081105,1081.4166026133742,1097.5108455068614,1117.3783531607182,1197.0
EA060,168,405.838646326783,456.5239444564601,471.9384072317156,471.9384072317156,487.7873496660528,487.7873496660528,503.4163940427614,503.4163940427614,519.2792119521815,519.2792119521815,535.4644863749884,551.5257648953301,551.5257648953301,567.5293594804614,567.5293594804614,583.3710487453983,599.5869289829794,599.5869289829794,615.3908436976614,615.3908436976614,631.3817416417088,647.3998177999583,647.3998177999583,663.5964202687185,663.5964202687185,679.5042777811954,695.6466616265093,695.6466616265093,711.5304520012863,711.5304520012863,727.5050099499755,727.5050099499755,743.5241463719665,743.5241463719665,759.5135363784319,759.5135363784319,775.5403833416419,791.5966740758232,791.5966740758232,807.4524136972595,807.4524136972595,823.3447440093406,823.3447440093406,839.4490300356603,839.4490300356603,855.4069903898965,871.5419652465722,871.5419652465722,887.348870639774,887.348870639774,903.2870320360653,919.5303780941254,919.5303780941254,935.4454381171679,935.4454381171679,951.5366734242194,967.3563312086566,967.3563312086566,983.4656306815613,999.4084002455057,999.4084002455057,1015.6334483982318,1031.4289543699194,1047.3899025966996,1063.3922965531328,1079.5018320502998,1095.464347060764,1111.590232442381,1127.4304298794411,1143.1797100597023,1159.2899194831255,1175.3115964091312,1207.3427920379897,1223.4678969040717,1255.4731506300918,1271.394739206472,1303.354539244439,1335.5215132589094,1351.3867872331841,1383.3981811614765,1431.3705901085693,1463.262242552501,1495.4539804770975,1527.5241460963346,1559.6545459496915,1607.4797520241632,1639.4702202836802,1687.7202015418716,1735.5994475138123,1783.5215012835981,1831.4442310032507,1879.2880714211467,1927.3555890202626,2007.3736225363461,2103.487829885134,2199.7644494466326,2295.474515259543,2407.3795322066208,2519.576677316294,2901.0
EA061,107,121.73210270973848,125.70415486929612,129.4346513217867,133.49229730300087,133.49229730300087,137.36817711980262,137.36817711980262,141.5148041694082,141.5148041694082,145.62196592187752,149.6502117663807,149.6502117663807,153.3951612903226,153.3951612903226,157.6578493387004,157.6578493387004,161.46714718479058,165.4277490774908,169.70059534387772,169.70059534387772,172.81765775525207,172.81765775525207,172.81765775525207,172.81765775525207,172.81765775525207,177.84743931426922,177.84743931426922,177.84743931426922,177.84743931426922,177.84743931426922,177.84743931426922,181.23874251497008,181.23874251497008,181.23874251497008,181.23874251497008,181.23874251497008,185.44773304748296,185.44773304748296,185.44773304748296,185.44773304748296,189.41200873362442,189.41200873362442,189.41200873362442,193.47410161810416,193.47410161810416,197.51024089698043,197.51024089698043,197.51024089698043,201.45350591041426,201.45350591041426,205.41826609690736,205.41826609690736,209.50535601764335,213.5398170365927,213.5398170365927,217.36943995357132,217.36943995357132,221.73713067316478,221.73713067316478,225.4219951045648,225.4219951045648,225.4219951045648,229.47819553784336,229.47819553784336,233.31065511331175,233.31065511331175,237.30411581038888,241.6397994818069,245.34239793355815,249.1290806754222,257.3329882677709,261.6682170542636,269.5587766804715,273.6708039171031,281.281399046105,285.59195195195196,293.6800356506239,305.49170831440256,313.752306945119,321.73729476153244,329.9,341.58057851239676,349.6099436186571,361.2647975077881,373.75,382.0092618191872,389.5,401.5273119310015,413.38461538461536,421.45,433.5,444.75,457.8235294117647,473.3333333333333,485.7065298974231,501.1596991429071,517.2161504424781,537.1602681291895,561.6641942009439,636.0
EA063,558,644.4736482899825,667.3078365009112,691.3845228065953,715.2214879799475,731.7050931353393,747.357796300061,763.598844423763,771.8039977292418,787.5779641748856,803.145251396648,811.1138211382114,827.1203782180316,835.1240462060192,843.4784335716625,859.5944799569867,867.350833807502,875.7960428242309,891.38469960312,899.7423921033287,907.5396433871947,915.6159761172426,923.4161309676866,931.5600714156753,939.4362249487282,947.1693388101233,955.5535650236911,963.4066813399986,963.4066813399986,971.6105849874198,979.3633052659716,987.4871943734861,995.1990165369978,1003.5916240628521,1011.3415103498489,1019.4370753269526,1019.4370753269526,1027.518299629735,1035.3118365405844,1043.3814687868742,1051.221625900114,1059.4769811899603,1067.3768734233565,1075.5454000077407,1083.5208001102515,1091.4444110971467,1099.7975569494884,1107.4645767582085,1115.41680023014,1123.524849854563,1139.365109382387,1147.7471228821983,1155.4451229545664,1163.6859323882225,1171.723234668976,1179.567695226296,1187.6155077690516,1187.6155077690516,1203.2753275233001,1211.4568380014364,1219.5676513279197,1227.5520606382393,1235.754650376787,1243.5853009799346,1251.468074183405,1259.4888301248147,1267.3352242089597,1275.551762503053,1291.6549402066642,1299.4255696635457,1307.3381567764288,1315.7719410950785,1323.3406226650063,1331.4552977610806,1347.4646698071285,1363.3569226704242,1379.148288208553,1395.2585934324043,1419.7860790618502,1435.4240884772737,1451.3989393046554,1475.232183908046,1491.7304075235106,1507.708264239713,1523.5701967619136,1547.5193512856547,1562.7612092970394,1579.5570743512749,1603.792312847023,1619.55483981302,1644.0308858468152,1667.688825882234,1691.0259569460788,1724.2972972972973,1755.408870315449,1803.7977839335183,1867.679445223625,1930.8016299918504,1995.676307692308,2099.007075471698,2303.0
EA064,29,36.57439619572018,38.581766745756525,40.34494959286545,42.581655480984345,46.63507448123333,50.47129143271146,52.48135224802654,54.657981264346425,56.53932584269663,60.51,62.4375,64.40845070422536,68.49336562763268,70.44147843942505,72.53770848440898,74.43283582089552,76.55844155844156,80.50847457627118,82.56976974990076,84.49386701097484,88.49411764705883,90.50704225352112,92.57575757575758,94.55128205128206,96.47766681299386,98.65957446808511,102.49107481959743,104.46753246753246,106.42045454545455,108.63577209966672,110.48458284803532,114.48780487804878,116.51578947368421,118.45111165404349,120.55042063316358,122.48649066721667,124.46575342465754,126.47467092142003,128.48936170212767,130.43960442665409,132.48181818181817,134.4904168663153,136.45523758512513,138.40528687053944,140.5197245894238,142.4797060541172,144.48980089791138,146.37229089741533,150.53476010630854,152.5264342546064,154.5180820804551,156.41016558930312,158.41429860171402,160.53830047112197,162.50683760683762,164.4181408981472,166.60508868362896,170.52262468968632,172.4666360715925,174.45393161868515,178.47876295628663,180.4438899849135,182.52521544845195,184.51408489075357,188.5052673823618,190.51076340442498,192.47553721014935,194.36028279833513,198.52311612668365,200.4813937103696,204.55102040816325,206.55219939460292,210.46138662718974,214.46967071057193,218.47146955690152,220.4456075368387,224.56545199201713,228.40659505746265,232.39696666969394,238.42268508037125,244.44202521095949,248.42857142857142,254.67694256756755,260.5838383838384,266.4764948859166,272.51020408163265,278.4516129032258,286.4471368447902,292.38796502657294,300.46666666666664,308.26020408163265,316.5140855794122,324.53612365404655,332.48827890202364,340.5,352.38804869052007,364.501788170564,380.62317327766186,408.4204451772465,487.0
EA065,289,317.48148148148147,325.44048272078993,337.48602865079795,345.7760403780494,353.6579905793231,357.6094760030335,365.6900780977429,369.3710195248401,373.5269384114994,377.5801054460123,381.29851830331194,385.6195763580458,393.53590683631654,397.58497061020364,405.33004840940526,409.46642468239565,417.463296398892,421.60999254287844,429.4186332854504,433.4092216287962,437.4429378531073,445.39220165419454,449.55663884987194,457.51671971909553,461.6291205211726,465.4763711034424,469.511302294197,477.533145362119,477.533145362119,481.4614368145179,485.5605743112147,489.3593584565311,493.4160405459476,497.607749990185,497.607749990185,501.4563810711778,505.49352268083373,509.50796298767756,513.4869806257557,517.5337554707143,521.5227311971189,525.6508378709215,529.7116116424971,529.7116116424971,533.5573571214842,537.4103318508381,541.4375524650044,545.5008136517572,549.6680076997112,549.6680076997112,553.6422690738524,557.4527977787191,561.4817628388574,565.5490290871002,569.4531991889742,573.5701373640402,577.4764052387503,585.4692180664599,589.5073323113413,593.4653934751166,597.5485310290651,601.496730025325,609.604952106513,613.5830732999706,617.5079370498072,621.4384492569696,629.6239511287434,633.4918428308824,641.593525667073,645.6853320486214,649.3190889304435,657.451150474799,661.5540379033633,665.4979967822329,669.4076920980183,677.6031332422384,681.5121390604799,685.4947611756583,689.4680768534562,693.3246505913071,701.5808602394599,705.6310584850897,709.4149950320898,713.3391797707503,717.1668649613324,725.4246396996488,729.5946417493798,737.6668263473055,741.5862991969863,745.7414647672524,753.6240337845481,761.5371181288963,769.4037247672021,781.2937090227911,793.4834916327451,805.7069693769798,817.5432699288516,833.5368022154203,861.5457788347205,940.0
EA066,498,625.4392014519057,651.2804482661405,683.5465587044534,707.227991478438,731.6220194899439,747.5123590422955,771.545927726521,787.6954446116367,803.7435390696259,811.6210448395885,827.4465662685528,835.5322518150579,851.5931286438046,859.6669380297797,875.4426035502958,883.5748138461636,891.5660132479524,907.5317450433398,915.3537964458803,931.5388098766989,939.5127280333664,947.7039746228602,963.4072075345993,971.4878611860067,979.5349602693605,987.2962670886408,1003.511981278751,1011.5209058863502,1019.4411722955632,1027.672780142137,1035.5999658021653,1051.3163018298237,1059.4988794086426,1067.4182829435254,1075.4913533103686,1083.6407669995222,1091.5879720557891,1099.5566008613976,1107.4780160832,1123.374453914731,1131.4595454850041,1139.5265315634526,1147.5095647768042,1155.53125075593,1163.5305854893975,1171.3977452650568,1179.5753396029259,1187.4325012338625,1195.4739600426647,1211.4427946241572,1219.4604559887975,1227.611056925673,1235.4263340523305,1243.4942222796053,1251.459783821631,1259.3176592079096,1275.6326950154887,1283.329644132144,1291.5119819016284,1307.4486965706724,1315.5088973066484,1323.3479366705583,1339.5200821583085,1347.469584447514,1355.5703328731404,1371.5474111101842,1379.444563906406,1395.4663074243415,1403.4682262502954,1419.5809467769363,1427.612863802352,1443.600963149405,1451.5651027740325,1467.3346569902776,1483.5469447621858,1499.4156319037104,1515.4499786316485,1531.4091587854653,1547.4331797235022,1571.3360729228932,1587.4027550166745,1611.5907328969326,1627.5029761904761,1651.4529648609077,1667.4890925902673,1691.3045043392533,1715.552136071449,1739.5259850622924,1771.4398036253776,1803.7690068740585,1835.413880785303,1867.504096507569,1907.5561679993796,1939.5354336849089,1979.400669456067,2019.4062271411767,2091.137674681221,2163.63398669174,2259.704817496675,2539.0
EA067,296,360.27260018147666,391.70378462290313,407.62825193361516,423.65501368807026,439.7434384728952,455.73518725237284,471.70413482241656,471.70413482241656,487.46318696288927,487.46318696288927,503.7028842625301,519.6372701719532,519.6372701719532,535.4779539540393,535.4779539540393,551.5841993745518,551.5841993745518,567.4343771991555,567.4343771991555,583.6225738645604,583.6225738645604,599.3421482608647,599.3421482608647,615.4073450011541,615.4073450011541,630.7861980824979,630.7861980824979,647.4551738037055,647.4551738037055,663.3181449556595,679.4942798957077,679.4942798957077,695.3861335234916,711.2632169697208,711.2632169697208,727.3161534137706,743.4831795405702,759.4727040791295,775.3358522042344,775.3358522042344,791.6004587836533,807.6338551179957,823.3570709893797,839.4004465147844,839.4004465147844,855.6550865029657,871.4791708381003,887.453920253221,903.5137153864589,903.5137153864589,919.2661579396741,935.4219005954644,951.5715542407206,967.5316667693121,983.4720035513463,983.4720035513463,999.4221806658019,1015.6047556827141,1031.6660789753905,1047.4588779647756,1063.4400611190993,1063.4400611190993,1079.4845565301302,1095.5707785145312,1111.3250445431277,1111.3250445431277,1127.2770935445824,1143.3483512947728,1159.449992996909,1175.5657048332944,1191.4560928988271,1207.3425473684672,1207.3425473684672,1223.4461811331566,1239.5498849450053,1255.548829211198,1271.3711437942582,1287.5139657266225,1319.4032965106085,1335.4854780440915,1351.516009148085,1367.4037898277961,1383.520041529047,1415.701854781277,1431.799033079706,1463.4227004737472,1479.2099268634718,1511.3037568393347,1543.7696430623544,1574.929973427534,1623.4398826979473,1655.218197121263,1703.2047256654816,1751.6823996265173,1815.320409560154,1879.472820887474,1943.230113519938,2023.6002189594922,2167.172039610223,2539.0
EA068,267,360.0128271372791,391.5444144318596,407.8575740491552,423.721873163002,439.68878381443034,455.64312239058046,455.64312239058046,471.6398750853567,487.61006865523194,503.5204524309322,503.5204524309322,520.0386778706409,520.0386778706409,535.6018427273067,535.6018427273067,551.6656229944389,551.6656229944389,567.6492407654433,567.6492407654433,567.6492407654433,583.6002391272095,583.6002391272095,583.6002391272095,599.5282456038001,599.5282456038001,599.5282456038001,615.5676051155009,615.5676051155009,615.5676051155009,631.508540069019,631.508540069019,631.508540069019,647.3546451354771,647.3546451354771,647.3546451354771,663.5468558581398,663.5468558581398,663.5468558581398,679.4110750362127,679.4110750362127,679.4110750362127,695.350892927991,695.350892927991,695.350892927991,711.377249981199,711.377249981199,711.377249981199,727.1918584193313,727.1918584193313,743.3922129705389,743.3922129705389,743.3922129705389,759.4388279017808,775.5407973070346,775.5407973070346,791.3940942566177,791.3940942566177,807.4642185980182,807.4642185980182,823.2170713072543,823.2170713072543,839.2640194013109,855.3278397579572,871.1291998952843,871.1291998952843,887.5554200409806,903.3604665410544,919.361683437362,951.3973806592803,967.6905885853995,983.530827995768,999.4903152469637,1015.5147137430624,1047.4932217113003,1063.681778184068,1079.4728831241887,1111.6180364514855,1127.6119395920864,1159.595394210779,1175.4943976582933,1207.3954902005335,1223.8535769117975,1255.5651212296148,1271.1333365948385,1303.3514618790805,1335.3705648879445,1367.4227889444658,1399.5609214731874,1431.5249295803605,1463.0338067842238,1511.4249990801948,1543.6568458331697,1591.0444010598244,1655.6590181701185,1703.340923393787,1783.8324188726358,1879.9059492628903,1975.5533427163966,2087.556847447927,2463.0
EA072,725,791.4264705882352,807.5399841459518,839.8228105906313,855.485615822595,871.6736187454848,871.6736187454848,887.5128093323214,903.4863807817698,919.6142008593093,919.6142008593093,935.3633814206404,951.5530363370217,951.5530363370217,967.3081797686727,983.7252515529797,983.7252515529797,999.4447786171943,1015.8604352135441,1015.8604352135441,1031.4533076995808,1031.4533076995808,1047.4613009089396,1047.4613009089396,1063.4297675703622,1079.4877607482363,1079.4877607482363,1095.5066294127832,1095.5066294127832,1111.7505904424509,1127.3642192009052,1127.3642192009052,1143.377029972346,1159.2067626049325,1159.2067626049325,1175.4718622128312,1191.4937359460323,1191.4937359460323,1207.3566240094724,1223.5186989350955,1239.3659450763453,1239.3659450763453,1255.5463879093813,1271.394781169143,1287.3756327651777,1287.3756327651777,1303.5443939842696,1319.592529955167,1319.592529955167,1335.4817901983718,1351.3790235290714,1367.2568302667244,1367.2568302667244,1383.6480631959648,1399.5685294614216,1415.191576014147,1431.2009967187232,1447.718760351637,1447.718760351637,1463.4154603637203,1479.572364100693,1495.5239034038345,1511.3580204357995,1527.642625643899,1527.642625643899,1543.2965884322202,1559.8099539194704,1575.3715464269085,1591.6535741950152,1607.370400626064,1623.7105988148455,1623.7105988148455,1639.384588679357,1655.2644827956824,1671.591382009733,1687.617315440884,1719.4081712863322,1735.652751335036,1751.6806640343543,1767.3591820048014,1783.38163611945,1815.3543273633625,1831.7114312407703,1847.5970417898477,1863.321136795864,1895.3629908242624,1911.5398316928838,1927.1660476458449,1959.0790213354694,1991.5888728560653,2039.1527999502418,2071.649630127774,2119.6784704102442,2167.460849112078,2215.184530789878,2263.7230808017143,2311.8909109089095,2375.8100907980165,2423.4808551459505,2486.9087441671736,2834.0
EA074,49,105.31425810166145,129.55224579476283,145.43014008173643,157.47145974503272,169.47869828694348,181.55138934440134,189.4312361745962,197.45793190794083,201.4901904184117,209.49297200800453,217.4798446634297,225.4525897922269,229.50124223869008,237.50035517633583,245.5414937843319,249.4564201153496,257.5657244846215,261.5279863982704,269.53197705966323,273.5341791126939,281.53662622276323,289.4705956499819,293.51836437744583,301.51869846809427,309.4309467471839,317.5125408986038,321.5050425847146,329.5245331028854,333.47283201375114,341.53316823857955,345.5597347433759,353.5696047284148,361.4967405638596,365.5229852095901,373.5471316406285,381.43145008997806,385.46254234371133,393.5756142027968,397.53856090346414,405.4546893741443,413.45629099893864,417.4849924857088,425.4313535710426,433.4766486298112,441.5720020116976,445.52614125773414,453.53491195579977,461.5067781788644,465.4430955613577,473.5351719897674,477.51499193939367,485.5392384843982,489.46112474121236,497.4797918849585,501.45859770605813,505.495476353916,513.5072269150822,517.5341325638141,525.4779911764494,529.5618232766673,537.4352247041151,541.4559059447328,545.497959582631,553.5615398491899,557.5506714972142,561.464946355238,569.4898774176577,573.512104296467,581.5190777162956,585.4819313718787,593.508368253968,597.5402777081558,601.4890934084475,609.5182313208987,613.5689236521478,617.4776607877816,625.5028248975182,629.5140890280397,633.4597916982924,637.4768719879613,645.5527119802754,649.4954888492922,653.4797414351151,657.4429596974378,665.5498238972614,669.4315043492034,673.5043948282977,681.5056703775815,685.5165456946877,693.517908883827,701.536550322238,705.551223626513,713.4358455959957,721.5074872805839,729.4326384981171,741.5170364645235,753.46376028698,765.4333735796258,789.4434602373827,940.0
EA075,240,305.4646832624974,321.47019122609674,337.4651162790698,349.51612903225805,365.4558293269231,381.73765249318967,393.4875916809002,401.55555555555554,413.62529388714734,421.5235782079067,429.5978491247351,437.4353145804595,445.5,453.42028985507244,457.43,461.85135135135135,465.5240585774058,473.64,477.53225806451616,481.4758064516129,485.34323294845854,485.34323294845854,489.49367088607596,493.4933787459015,497.63690476190476,497.63690476190476,501.625,501.625,505.6666666666667,509.5668358359198,509.5668358359198,513.5130601103783,517.5388349514564,517.5388349514564,521.5926948168327,521.5926948168327,525.4880556873912,525.4880556873912,529.5118483412323,529.5118483412323,533.5493432943728,533.5493432943728,537.3997287586304,537.3997287586304,541.4734976171103,541.4734976171103,545.5371179039302,545.5371179039302,549.391189313203,549.391189313203,553.5570273524859,553.5570273524859,557.440732636662,561.4789687658808,561.4789687658808,565.6000044342949,565.6000044342949,569.4463332163116,569.4463332163116,573.5049894473701,577.3386617481301,577.3386617481301,581.5273565424168,581.5273565424168,585.6114794176596,585.6114794176596,589.4900888585099,593.5150253313901,593.5150253313901,597.5065431937741,601.5659536978121,601.5659536978121,605.5653974462211,609.4607366715966,613.5698077085502,613.5698077085502,617.3953087811599,621.5381374045801,625.2583350559609,629.6199091837093,633.4024846127705,637.4011915376508,641.4742728355163,645.4399719064135,653.5360939376419,657.3862022526934,665.2875913235545,673.713237542036,685.7392999809778,697.3572608169108,709.5565143412737,725.5992616899098,741.5735583224117,757.6786477559742,785.213691026827,821.6490182328191,861.5833333333334,917.5714285714286,965.5972495088408,1089.0
EA076,39,67.48105760563766,75.61130547251024,83.54041660951184,91.79828944489023,99.40145682972465,107.90730061407032,107.90730061407032,115.3616069850472,115.3616069850472,115.3616069850472,123.72417761028727,123.72417761028727,131.59854863876038,131.59854863876038,131.59854863876038,139.5637837054982,139.5637837054982,139.5637837054982,147.39830078089994,147.39830078089994,147.39830078089994,155.42250040766157,155.42250040766157,155.42250040766157,155.42250040766157,163.44764760448922,163.44764760448922,163.44764760448922,171.55658674099647,171.55658674099647,179.61512735625965,179.61512735625965,187.34619142391895,187.34619142391895,187.34619142391895,195.4691007064514,203.65782774503495,203.65782774503495,211.43322053500677,211.43322053500677,219.6575409143508,219.6575409143508,227.59781842531902,227.59781842531902,235.51010837551118,235.51010837551118,235.51010837551118,243.50116074349907,243.50116074349907,251.40414441901856,251.40414441901856,259.485006346019,259.485006346019,259.485006346019,267.5880449823618,267.5880449823618,275.230808433024,275.230808433024,283.4584798157352,283.4584798157352,291.53161699693135,291.53161699693135,299.24840811806547,299.24840811806547,307.45548921652244,315.42526168060346,315.42526168060346,323.453809939515,331.37579794231266,339.4208766998405,339.4208766998405,347.35295927045075,355.3456974918769,363.47963654719837,371.3950860061934,387.2190622598001,403.58979537602977,435.4599857207762,459.4107027724048,491.45454545454544,515.6691005462709,539.772329536074,563.4513581198227,579.62176421281,603.4228653295129,627.4543282484836,643.629426074421,667.6250467522755,691.0738929940553,715.5413913942666,739.6837721164953,763.4599440697484,787.337248938067,803.5989634748271,827.2931469944435,859.5721041679803,883.2913758523869,915.5591200733272,955.3567178978682,1089.0
EA077,245,285.6842105263158,309.51002407630335,325.5945040874618,337.55022875185256,345.46691640710503,357.53426855414676,369.5165013645744,381.66315324761325,393.6047987963415,401.5900252663957,409.51730887534256,417.55277536860365,425.5130212898576,433.53842041585773,441.5230354622064,445.45921047146606,453.48690235192925,461.52477710784694,465.4574223589217,473.45195481381626,477.51593494868683,485.53782215187294,493.5611102650015,497.53339049182944,501.53623228463437,509.5164387740215,513.490609606963,517.485116568797,525.4979131309323,529.5139815455324,533.4949672056629,537.5870375242444,541.5042779437856,545.5462891379977,549.5712107546277,553.588162300906,557.5465542963332,561.551836805876,565.4974927714984,569.4972217852632,573.5328794478057,577.4809421190072,581.4900963610813,585.5685937870525,589.4804925721227,593.4668349138368,597.45835416004,601.4167171646977,605.4318268177036,609.4766969065956,613.4379280119886,617.5145376661279,621.4880597014925,625.4244093769955,633.4961978321401,637.5008409527034,641.5516979334437,645.5204502540125,649.5017517585907,653.5560312350163,657.3948861433098,661.4767537090119,665.4363172508479,669.4097163027849,673.5246972742358,677.4905555678868,681.5499529654438,685.5525921502933,689.4200087600093,693.5121121098257,701.5532460170302,705.4983742117166,709.5269578881971,713.428763543025,717.4880217274334,721.5618592271293,729.473815923626,733.5628393854848,737.5041731066458,741.4668180425151,749.4618921335145,753.4330642381291,761.5182128773458,769.4915252597567,773.465313725674,781.5536734750954,789.4927766343233,797.5001732868667,801.5496358384577,809.4025649045982,817.4799710596845,825.5085317066914,837.4124163533612,845.4721381408698,857.4883827187657,869.6087494841104,885.378512464747,901.3571648087615,937.4667884545122,1188.0
EA078,705,779.6146788990826,811.7164948453608,827.590171308618,851.6679041360417,867.5143461112114,875.4937438531308,891.47889886485,907.5650106458482,923.5857240939633,939.5012580594433,955.4731637902726,963.496447631941,979.5855480373375,987.3821138211382,995.4358088445869,1011.4970691784483,1019.44550088218,1035.581344902386,1043.3852813852814,1051.3712340620916,1059.4547976841532,1067.4137931034484,1083.6789883268482,1091.5601164183126,1099.4517677937317,1107.5172303859783,1115.5263157894738,1123.4318584070797,1131.4246606096747,1139.6231070110196,1147.3902689308136,1155.409187354127,1163.4943475543942,1171.3728536110532,1179.516677476142,1187.4676586267356,1195.4385692380833,1203.3329482763452,1211.4694306363476,1219.4607192407652,1227.570335322219,1235.4403585527143,1243.493584503503,1243.493584503503,1251.440997314284,1259.30372139708,1267.5236900889604,1275.6286328707822,1283.2622998020513,1291.5253943897262,1299.49910491272,1307.3481828323158,1315.5232322064642,1323.3279620499031,1331.49567662617,1339.5616070187361,1355.4805231754706,1363.228510717237,1371.5103426661094,1379.4274844262436,1387.4451384796707,1403.4103968753104,1411.6250618724366,1419.6012263409516,1427.6049599174905,1435.6492538589087,1451.5413883786946,1459.2264240292247,1475.4630756777783,1491.4138520687575,1499.3789180458346,1515.4537148607671,1531.4398551805493,1547.4285751930224,1563.450308570098,1579.2049734269406,1603.4668909081781,1619.2553491039926,1643.4532672035623,1659.410284315059,1683.490264716127,1699.1541813964793,1723.6526094652686,1747.4692320334327,1771.420741292298,1795.2599609045058,1819.5122925699757,1851.5756669535283,1875.6980981118272,1899.6296755630517,1923.253135714596,1955.4233027522935,1979.335961668179,2011.5909355967342,2059.6367995205273,2107.3044803817597,2163.6727839608493,2219.362225304032,2315.6258515596983,2539.0
EA079,26,67.87786929569519,83.55453366540245,99.4693313774748,107.50196122742167,115.46284777319369,131.46665985275763,139.4704767360284,147.5151116355055,155.43232843730127,163.48307225142372,171.53746639002108,179.35333045692377,187.63953526272593,195.35935576661436,203.5858928051365,211.5527063512904,219.632807678538,227.4645554501177,235.55802968960867,243.6027965506384,251.65233563505055,259.33974735523014,267.356864058671,283.56890335026475,291.3487405109164,299.6322555028911,315.4885687682538,323.51790151974956,331.651989026436,339.6048085444605,347.40147000551644,355.51410646956873,355.51410646956873,363.60463642616327,371.47457677150817,379.4787234497384,379.4787234497384,387.4309861350905,395.46093860045363,403.48020144482865,411.48468742392635,419.5825996975245,419.5825996975245,427.45914520814705,435.39106992150994,443.5235667377872,443.5235667377872,451.45629123000555,459.5734858457692,467.5610667476388,475.4444740772349,475.4444740772349,483.58761049579,491.59314621912375,499.4414061961626,499.4414061961626,507.50858245464644,515.4554215626628,515.4554215626628,523.4611939159835,531.479384673667,531.479384673667,539.5501790142623,547.4274751187504,547.4274751187504,555.4136395517285,563.5417295343135,571.5459122043393,571.5459122043393,579.4810695659612,587.4257360980708,595.557662253339,603.3748450911386,611.5202140998505,619.4242832225794,627.4454602320708,635.6000177597926,643.4603884689457,651.4552664512394,659.5522965611356,675.5675696427462,683.445054466231,691.5450611132577,707.4387571216382,723.4311246671068,731.4980774904357,747.4909148210132,763.4916349830048,779.3497179427968,795.6757546313055,811.2668991874141,835.4662469184584,859.4151075564384,883.5134911629516,915.24562775487,939.7431692721623,971.473150738723,1003.5219976218785,1035.3901822190521,1197.0
EA080,2,10.763754879420468,23.30569834931015,39.78564167890582,39.78564167890582,55.33760960798783,71.80221662170068,71.80221662170068,87.89726404094245,87.89726404094245,103.84882972423863,103.84882972423863,103.84882972423863,119.58588981345497,119.58588981345497,119.58588981345497,135.06843359806396,135.06843359806396,135.06843359806396,151.24241957361525,151.24241957361525,151.24241957361525,167.4248232685419,167.4248232685419,183.23371056183993,183.23371056183993,199.26544113397716,215.46758067948235,231.25487976085432,231.25487976085432,247.23807954848067,263.46559244763216,279.33383213819684,311.4325423075459,327.28489736396835,359.43503613415606,391.4498489039846,423.4155244600696,456.0985886502677,471.8771886652219,471.8771886652219,487.7008807026814,503.4074375068769,519.2961624325333,519.2961624325333,535.4354214989842,551.5032154402513,567.4987841672253,583.3975044205501,599.5520921136381,615.4209038901672,615.4209038901672,631.4147975889292,647.419096457164,663.5749119714271,679.481402742291,695.603513069638,711.5137145990433,711.5137145990433,727.4642726017631,743.4704896344674,759.5119219831888,775.5340994743567,775.5340994743567,791.6030326634601,807.4992621063748,823.3534014464099,839.4518078272309,855.4050610107607,871.5590102555763,887.3512358770454,887.3512358770454,903.3246241978287,919.4950243034098,951.5242376209679,967.3567227693235,983.4718847546533,999.3954547774257,1015.6008070391747,1031.4097829844818,1063.3757954087796,1079.4902155875527,1111.5721377879609,1143.174228738664,1175.285820152982,1223.4682862740035,1255.4731506300918,1303.3553989699824,1351.3867872331841,1415.386204177012,1463.262242552501,1527.5241460963346,1591.5881576399195,1671.5656018788295,1751.8056797398901,1831.4442310032507,1927.3555890202626,2071.6118009235506,2247.2762943963835,2439.428977837184,2900.4599156118147
EA081,48,69.72874987615369,73.64226274198911,73.64226274198911,77.51745162820235,77.51745162820235,81.58975012664177,81.58975012664177,85.49361950441923,85.49361950441923,89.48432912862535,89.48432912862535,89.48432912862535,93.52925036672215,93.52925036672215,93.52925036672215,97.50425529143598,97.50425529143598,97.50425529143598,101.51545408085595,101.51545408085595,101.51545408085595,105.47171659759452,105.47171659759452,109.46680122535993,109.46680122535993,109.46680122535993,113.53588059945523,113.53588059945523,117.48068207704394,117.48068207704394,117.48068207704394,121.50787671125813,121.50787671125813,125.4709814106984,125.4709814106984,129.47875367026708,129.47875367026708,133.48111145353295,133.48111145353295,137.45480026508193,137.45480026508193,141.40893855185604,141.40893855185604,145.49712033494262,145.49712033494262,149.51545682170465,153.46101621487807,157.4577725965013,161.49996218813806,165.40918870939106,169.49583283005197,173.4284204416491,177.5023044448132,181.63758695404266,189.5242217289248,193.45870278644077,201.49749070734475,205.50569160285502,213.4911891858978,217.57952976876302,225.44386422976513,233.48988088202464,241.51265659217339,245.5167620495991,257.52345110374654,261.51136824159096,269.47209691559726,281.53812632352685,289.5280344745033,297.50989658806486,309.4051409649598,317.51186738431636,329.4855674655746,341.5214124218646,349.48796409628716,365.3319329771734,377.6567320405465,389.447677842979,405.46581133919847,417.6574585635359,433.67180977936795,445.4764928786097,457.5446962183058,473.5080680109103,485.4,497.6165766493361,513.5919052319842,529.4501323918801,545.613074204947,561.4902450090743,581.433113180457,601.5002571071769,621.6953621631302,645.5346290719956,677.2564922845314,717.5509780942938,757.4614592053578,801.1945439515018,853.6686554965262,1023.0
EA082,31,43.56264729153726,43.56264729153726,51.967904451105625,51.967904451105625,59.406334713290676,59.406334713290676,59.406334713290676,67.4752440004593,67.4752440004593,75.34005882969744,75.34005882969744,75.34005882969744,83.62457823143689,83.62457823143689,83.62457823143689,91.42909987669543,91.42909987669543,91.42909987669543,99.55408047868139,99.55408047868139,99.55408047868139,107.49664208298086,107.49664208298086,107.49664208298086,107.49664208298086,115.52634362371671,115.52634362371671,115.52634362371671,115.52634362371671,123.42453488288461,123.42453488288461,123.42453488288461,123.42453488288461,131.67776953942774,131.67776953942774,131.67776953942774,139.5037260409477,139.5037260409477,139.5037260409477,139.5037260409477,147.32450029443453,147.32450029443453,147.32450029443453,147.32450029443453,155.4101938521711,155.4101938521711,155.4101938521711,163.67334645025508,163.67334645025508,163.67334645025508,171.6535723766358,171.6535723766358,171.6535723766358,179.4806293826249,179.4806293826249,179.4806293826249,187.62850803678867,187.62850803678867,195.33619104069027,195.33619104069027,195.33619104069027,203.44365981178106,203.44365981178106,211.49422864069993,211.49422864069993,219.5817920679537,219.5817920679537,227.56525879881968,235.4495270542879,235.4495270542879,243.4137648428405,251.3622033013374,251.3622033013374,259.5527510639927,267.52259130602596,275.56671308616103,275.56671308616103,283.6112658946562,291.39437842844944,307.1127232336556,315.40019464559657,323.24042975271544,331.451230503958,347.49366947029347,355.2845488576224,371.51967518636854,387.5722889974905,403.24500842285494,411.5089357859215,427.42562051394447,443.2017497431427,467.0889010434198,491.2076499999999,523.789785164167,571.2068145800317,635.1209058809205,707.4065320154706,771.5089919315641,867.9968652037616,1094.0
EA084,58,167.91623329488505,215.7784057167892,248.1212560382897,263.77584921210644,279.42876497618346,279.42876497618346,295.363270202913,311.4092159126815,327.5041515940786,343.6438599136846,359.71320620536096,359.71320620536096,375.60028967838707,391.6642155899847,391.6642155899847,407.573699314732,423.57914112369247,423.57914112369247,439.52948456334923,439.52948456334923,455.52300754393247,455.52300754393247,471.5345370451708,471.5345370451708,487.4835792811939,487.4835792811939,503.5790986580812,503.5790986580812,519.7324434223598,519.7324434223598,535.5266036960658,535.5266036960658,551.5978402323129,551.5978402323129,551.5978402323129,567.5469515444156,567.5469515444156,583.559293684774,583.559293684774,583.559293684774,599.4646283867635,599.4646283867635,599.4646283867635,615.4623530942616,615.4623530942616,631.3813009389723,631.3813009389723,631.3813009389723,647.4381936847279,647.4381936847279,663.4651409765758,663.4651409765758,663.4651409765758,679.4231578423828,679.4231578423828,695.4132413468676,695.4132413468676,711.3574093736169,711.3574093736169,727.2734789241897,727.2734789241897,743.3837124824902,743.3837124824902,759.4147175188924,759.4147175188924,775.4733332120402,791.405865559256,791.405865559256,807.484225239065,823.2903551164512,839.2798117133806,855.3792269385235,855.3792269385235,871.3163233807296,903.3734988730577,919.2614488057699,935.4145755026378,967.5844241003282,983.4965224045059,1015.5312757270434,1031.5719889880052,1063.5343863435692,1095.4873121362948,1127.3879335137522,1159.502083317851,1175.538500969745,1207.3631483975573,1239.4614501912297,1287.4913908123503,1319.318157945973,1351.4522610916179,1399.5668372801317,1447.5842362846663,1511.3544800523218,1575.099909912089,1655.3931144071403,1751.4809610696857,1879.6307135430707,2023.5174447373759,2539.0
EA085,433,471.4837389157598,503.68288901763793,519.5925716206892,535.5323106643845,551.5909171066413,583.1641687148725,599.5310380044391,631.3136880532584,647.4152094173847,663.7285037168033,679.6543049643194,695.6221885209569,711.4733630278563,727.5466936171468,743.5762067471967,759.5679083708632,759.5679083708632,775.5514231664094,791.6818928851521,791.6818928851521,807.6074175961037,823.3705488238098,823.3705488238098,839.5492251872109,839.5492251872109,855.5158480943609,871.5253942156195,871.5253942156195,887.35236793791,887.35236793791,903.326562670323,903.326562670323,919.5314945924881,919.5314945924881,935.4676799786431,951.4706072986958,951.4706072986958,967.3502197445282,967.3502197445282,983.4509151105077,999.4013062886548,999.4013062886548,1015.672451962111,1031.460190808535,1031.460190808535,1047.4434499145245,1063.439636729939,1079.555857197882,1079.555857197882,1095.4792718843698,1111.595972410045,1127.4918206441805,1127.4918206441805,1143.1672367460806,1159.3121369798823,1175.340707791007,1191.503475022738,1207.33163784948,1223.4909508128442,1239.5667704261177,1255.47351086225,1271.4097123946551,1287.363480811538,1303.3677565390115,1319.5068106426302,1335.5192398013157,1351.409323294293,1383.39799279615,1399.6519527937091,1415.398349722798,1447.5829402677348,1463.2790355451489,1479.6437323553396,1511.452893959878,1527.5680497772091,1559.6646299046797,1575.3214990687286,1607.4870563816064,1623.4929090009334,1655.3611324245446,1687.7279304970405,1719.4603023338375,1735.5994475138123,1767.4890692150648,1799.6396397511428,1831.4442310032507,1863.2246262143447,1895.5322797277938,1943.1984181624011,1975.1859530016761,2023.0684379857573,2087.4433267048776,2151.46455391261,2215.332153952364,2279.8072454045355,2343.3115511726137,2423.1126613686215,2487.4874650157735,2599.769639152523,2901.0
EA086,940,995.8499999999999,1027.333988641328,1051.9545454545455,1067.841876629018,1083.736179146256,1099.8706991358993,1115.7921667719518,1131.6385329209015,1148.0384615384614,1154.8840624044049,1163.731343283582,1179.3301374691575,1179.3301374691575,1195.4798469614734,1203.5017344382345,1211.4812078380983,1219.0305744286593,1226.9846938775509,1234.927484333035,1243.7843228632678,1251.7828141575849,1259.6181281845,1268.0467886005956,1276.20679401694,1283.6716196136704,1290.88,1307.2204951526319,1315.497214076246,1315.497214076246,1322.7497103128621,1339.6526562181964,1347.1786347931645,1355.2804054054054,1371.052354788069,1371.052354788069,1388.038977108682,1395.2937822427366,1403.304347826087,1411.9812185066426,1427.4699714013345,1435.5316395663956,1443.1024096385543,1451.8187669717388,1467.002910855064,1475.3185502026113,1491.574153612936,1507.3210266535043,1523.315193730953,1531.2400256574726,1555.8097400563731,1571.7,1587.2222222222222,1604.1253071253072,1611.2836312323611,1634.9354838709678,1643.5419727177334,1658.5339780449556,1676.0025954764553,1691.6756756756756,1699.1195106649939,1716.3222414914374,1723.0,1739.2873434704827,1748.225806451613,1755.2168134100914,1763.046511627907,1771.9494304871155,1787.7793904209,1794.741935483871,1803.878048780488,1811.6909090909091,1819.8281571858658,1827.4760605308857,1835.7441860465117,1851.5581395348838,1859.24,1867.9140684410645,1867.9140684410645,1883.375778646965,1883.375778646965,1891.781426746944,1899.8471189962443,1907.5679551122196,1915.3453120778165,1923.2792957585461,1923.2792957585461,1931.4592118656392,1939.4229708431835,1947.3353293413174,1955.4842925659473,1963.7114297419091,1971.3070667193053,1979.972845791869,1996.7345658073273,2011.979292035398,2027.2703966741728,2067.5,2164.0,2251.414690130069,2402.0
EA087,1018,1074.8968128747238,1115.5964010282776,1156.0,1203.0,1241.1666666666667,1267.9333333333334,1291.3157894736842,1307.8333333333333,1331.4,1347.4826454033773,1371.2460567823343,1387.799159884484,1411.7382720875685,1428.1660368970881,1450.5,1467.6173020527858,1482.4,1507.25,1523.388888888889,1538.897714285714,1556.0,1563.7037037037037,1580.9565217391305,1587.3529411764705,1603.25,1619.304347826087,1636.629633691599,1644.010060172997,1652.075,1658.986252545825,1668.07654723127,1674.9948640960808,1674.9948640960808,1684.157126053715,1691.8843697809214,1707.8531372098369,1716.0591332523288,1723.121408045977,1731.8822393822395,1739.2961401952084,1748.142857142857,1755.4754051340888,1763.4150256649561,1771.9248298313114,1779.4535667681603,1795.1797461443973,1803.0809532153496,1811.0922069557753,1827.3753720238094,1835.366194134834,1843.246153846154,1850.8,1859.4882509001325,1876.4357513821412,1884.2453703703702,1892.0701890989988,1907.6585514303104,1915.7337909992375,1923.1329898172003,1931.109191349318,1947.5454043610266,1955.357142857143,1963.5547246770905,1971.680997420464,1978.8055555555557,1988.34375,2003.3325822442544,2011.7293155104865,2019.7420349434738,2027.7989234047327,2035.4377410025706,2044.138888888889,2051.4627502461435,2059.3282034400463,2067.1774221603755,2075.6480378793312,2083.5632814710043,2083.5632814710043,2091.063717778047,2091.063717778047,2099.287226204032,2107.5459388359095,2107.5459388359095,2115.544108520259,2122.7469032474046,2138.5372495290294,2147.750487709715,2163.963250517598,2179.7751444230475,2195.657881002088,2211.2272727272725,2227.359296482412,2252.8734261100067,2267.84,2275.510213143872,2292.16,2308.2221569203643,2315.487809187279,2331.410528800755,2379.0
EA088,14,27.502563125627784,27.502563125627784,35.54001087087812,35.54001087087812,43.293201506835686,51.322381092655945,59.50921274258513,67.50883672741706,75.74036243096356,83.57241619988335,91.59282071850107,91.59282071850107,99.60159997241428,99.60159997241428,107.56622233470264,115.51345603762003,115.51345603762003,123.48538449752293,123.48538449752293,131.51381179067354,131.51381179067354,139.62667413130754,139.62667413130754,147.5852844673416,147.5852844673416,155.37668253940964,155.37668253940964,163.60612024450197,163.60612024450197,171.53065089371412,171.53065089371412,179.44404976387403,179.44404976387403,187.50180063039073,195.48400976538778,195.48400976538778,203.56351181815634,211.31713654496352,211.31713654496352,219.42155655617833,227.46780711010408,235.7300257890212,235.7300257890212,243.43982650048332,251.4205524075442,259.4220878798447,267.433296888189,275.3340874117943,283.4505865739735,291.49240775343424,299.55896627423965,307.4692321832742,315.4224213099899,323.6805602653041,331.5277925685843,331.5277925685843,339.2654046401981,347.5222836551201,355.48550192143205,371.4828264845581,379.60199988819636,387.42300794614283,395.44792936964683,403.40393631306347,419.6489566976806,427.6065035966618,435.6674363223864,451.2708069712378,459.68767039127596,467.51826645525875,475.3116953082911,491.4469777748159,499.425700520922,515.4695671032408,523.411165336374,539.316333035828,547.3824400647735,563.2849165141384,571.6379955334846,587.4441384887932,603.7229990472799,611.520452984158,627.5087357132068,643.5506590504555,659.4968144411998,675.4844270731229,699.5573077261917,715.6547557549105,731.3544424788861,747.7484423133216,771.5024186633448,795.4589318280504,819.4960938253504,843.1739301708408,875.2465117440033,915.5661012559887,955.3838497568007,1027.629242962558,1106.8325405707892,1434.0
EA089,39,59.6869164046577,68.18006718569247,75.75552777891218,75.75552777891218,83.63416408436788,83.63416408436788,83.63416408436788,91.5234398237882,91.5234398237882,91.5234398237882,99.47460208015886,99.47460208015886,99.47460208015886,107.44523199120648,107.44523199120648,107.44523199120648,115.50137884138526,115.50137884138526,123.40594504214285,123.40594504214285,123.40594504214285,131.48193784098663,131.48193784098663,139.4032387600773,139.4032387600773,139.4032387600773,147.42120735793648,147.42120735793648,155.47805198103623,155.47805198103623,163.46943843768634,171.41974667853052,171.41974667853052,179.44348229155554,187.58705187413622,187.58705187413622,195.50100243419374,203.45929200284237,203.45929200284237,211.48746756949961,219.43327041271513,219.43327041271513,227.43646017626457,235.4959697797726,235.4959697797726,243.439219358574,251.5054383644556,251.5054383644556,259.45244459871253,267.5121604409347,275.4207906968699,283.61930721093074,283.61930721093074,291.52743424968264,299.35421076916623,307.4146922478853,315.54886690864504,323.5298473189121,331.48499978432466,347.6133342696738,355.4596519242556,363.489548500272,379.5066799361997,387.46421453398875,403.4257575967842,411.5469168537499,427.4784684546474,435.5424521408738,451.60075861970995,459.49947460415905,475.3507991618045,491.47397772372295,507.496225389833,515.5456743049448,531.4886685894264,547.4494801680117,563.5142986266288,579.3665103438076,595.2794810155759,611.3549866942049,635.3912037037038,651.5462960757695,675.3545954610032,699.5001081976159,723.2950364274858,747.6435808167736,771.4551551519429,803.5235492302647,827.6716298295935,859.4027210241633,891.5099403578528,923.5330719454273,971.5009691817972,1019.4962614825891,1067.162294885615,1123.578550915682,1187.407205478257,1251.6148180940115,1387.4701964885244,1683.0
EA093,13,87.68578813640576,119.68598242009915,151.51940561037242,167.60657021571927,183.62190999220198,199.66101990252372,215.70885673955672,231.65834329767276,247.7398739210243,263.59893266959034,263.59893266959034,279.4200092871263,279.4200092871263,295.3740735977763,311.4881077020112,311.4881077020112,327.49691407593633,343.58243153374536,343.58243153374536,359.6586441530726,359.6586441530726,375.4898984269694,391.6240981430288,391.6240981430288,407.5114775531972,407.5114775531972,423.5163119778447,423.5163119778447,439.5186412450453,439.5186412450453,455.53371324353793,471.5344829871815,471.5344829871815,487.46792739258376,487.46792739258376,487.46792739258376,503.5392664979733,503.5392664979733,519.7123418052109,519.7123418052109,535.5097676906558,535.5097676906558,551.5632629533319,551.5632629533319,551.5632629533319,567.5248996467991,567.5248996467991,583.5620402926666,583.5620402926666,583.5620402926666,599.4476621201152,599.4476621201152,615.4884636747283,615.4884636747283,615.4884636747283,631.4327448218583,631.4327448218583,647.4779956443823,647.4779956443823,647.4779956443823,663.459625877783,663.459625877783,679.3848274006212,679.3848274006212,695.3972073152785,695.3972073152785,711.3164669939231,711.3164669939231,727.2292620924536,727.2292620924536,743.3577839514434,743.3577839514434,759.3489171544013,775.4014767854312,791.373399760672,791.373399760672,807.44467340171,823.2631936692122,839.2736801364239,871.311232082989,887.4181234361623,903.3660195693643,935.4167383275171,967.5876328372003,999.4299553439541,1047.4365351271406,1079.4875332981119,1111.4199622039068,1159.502083317851,1191.4180660937575,1239.4618134352202,1287.49177156486,1335.4415167350837,1399.566836190238,1463.257662190412,1543.7230455384415,1655.3931979871597,1783.692521769915,1975.407128101599,2536.887867647059
EA094,661,701.8666666666667,717.6666666666666,725.318060260296,737.2625656414103,745.3666666666667,753.3291699449252,757.3947368421053,765.5196959225985,769.3720930232558,773.805604365116,781.4003279456547,785.560975609756,789.6768333896586,797.4591489361702,802.0,805.5825983843474,809.4893298390116,813.4912280701755,817.4340731070496,821.1712728688206,825.5714285714286,829.32,833.4181818181818,837.2981430536452,841.44,845.3220338983051,849.4536689876807,853.6585365853658,857.7285303489547,861.5324105334233,865.795918367347,869.7510452753553,873.25,877.2012529365701,881.5195167286245,885.3857544794906,889.563112910481,893.4482708620316,897.4321398834303,901.7087268605968,905.3947368421053,913.2212196186873,917.4934947958366,921.7896869244937,925.4309348996575,933.4264135254989,937.4846076627072,945.1842434347644,949.4225474150379,953.1489199733563,961.5714973519499,965.4333333333333,973.2972972972973,977.6423344140804,981.4784435666862,989.2325581395348,993.6567915577499,997.3093030524014,1005.7831745055845,1009.5679482738716,1017.8776640577964,1021.2353866634394,1025.6576865846973,1033.4684312773188,1037.1896699528504,1045.6667008406807,1049.4283872007738,1053.3775185577942,1061.5433011339774,1065.3765539915748,1069.5618697478992,1077.646278040829,1081.8231977446633,1085.6451111456552,1089.6646122239342,1093.3583752695902,1101.4928755998521,1105.5659890073503,1105.5659890073503,1113.5169794944122,1117.5646013247253,1121.4736842105262,1125.616467618215,1133.7784677198433,1137.5101387406614,1145.7351392990113,1149.42062890699,1157.5438775510204,1165.445385939362,1173.4046013486713,1181.5557362692355,1189.5994727864784,1197.993110377494,1205.7663122281294,1217.3102282333052,1229.684244099511,1249.6722265321955,1297.055621301775,1369.1335773101557,1514.0
EA095,687,755.1965936739659,779.1367009815657,803.8207248596223,811.567160124949,827.6578947368421,835.6987594889838,843.3983050847457,851.7507658270931,859.7238229093465,867.433962264151,875.7644754879561,883.9282544840947,891.8462949376376,900.05,907.2714124829589,915.5173987136498,915.5173987136498,923.5966998968719,931.7159090909091,931.7159090909091,939.3544303797469,947.4961240310076,955.3623188405797,955.3623188405797,963.4560721969877,971.4676450967314,979.5373016265387,979.5373016265387,987.2760249385981,995.7534796573876,995.7534796573876,1003.5316277762158,1011.5370624848435,1011.5370624848435,1019.3275983146067,1027.6887176664832,1027.6887176664832,1035.669689502218,1043.415075241244,1051.223962292839,1051.223962292839,1059.441533685529,1067.8223948566838,1075.1464247945985,1083.2321123552854,1091.7936823679183,1099.5640524154117,1107.2471806674337,1115.4423076923076,1123.1335884501652,1131.856174842527,1147.7364635206704,1155.3408137821605,1163.6688329774395,1179.7692307692307,1187.8911443494776,1195.550248481502,1211.3508806846455,1219.2561128170134,1235.6358110801118,1251.3148844707146,1259.863056965595,1275.7586206896551,1291.030303030303,1307.9896373056995,1331.3797776233494,1339.5,1355.4906990405327,1363.5625,1379.7124355438302,1387.5142857142857,1404.1935483870968,1410.6457954909713,1427.9767945172537,1435.9528841042,1443.4088528678303,1451.8062889558094,1467.8847001016604,1476.169597534445,1492.0335900256694,1498.9993553066322,1507.856744109679,1515.921755027422,1524.0320838957534,1539.698038326341,1547.2724425089773,1555.9365225390986,1571.59880330228,1579.4940440738535,1587.5428439092175,1603.371791547835,1611.9914840150777,1627.7,1635.1314285714286,1651.6410038797285,1667.7074889867843,1683.1700575421291,1691.5340757777508,1714.677556440903,1777.0
EA096,651,730.8808975834291,770.5159296243462,803.8218988218989,835.0,868.3571428571429,890.7692307692307,923.2857142857143,947.2777777777778,963.6,979.4075854700856,1003.6986234021632,1019.2848505206583,1028.3591715047858,1044.1333333333334,1060.0,1075.9430781983974,1083.6180602919112,1100.0521898367163,1115.5058167330678,1131.2421227197347,1139.5428571428572,1155.9042840938837,1163.422358591249,1171.4042922714302,1179.778018240841,1195.030243519246,1203.154370919014,1218.9483528418004,1235.3846153846155,1244.031151714842,1258.8214285714287,1267.2653292959878,1284.1712850182703,1291.7639708434572,1308.4165649786453,1323.4528534802014,1331.5277572168764,1347.585065991683,1363.5357142857142,1371.664486592544,1388.2410256410255,1404.0601542416453,1411.928650007858,1427.8303653871524,1435.5067698259188,1451.5530303030303,1459.3932888502077,1476.03228999134,1491.370456303171,1499.595769682726,1507.5427145325398,1522.7272727272727,1531.1738405577448,1538.837837837838,1554.857142857143,1570.8597122302158,1579.6203703703704,1595.2708590217837,1611.3211635144844,1619.804156222204,1627.4805603651816,1635.108911636309,1643.615199034982,1643.615199034982,1651.5831497797355,1659.4737105300758,1667.778593117409,1667.778593117409,1675.352013444509,1683.9336618371697,1691.7989977346056,1699.6821671986886,1707.5714681696393,1715.4355303287023,1723.9478241313393,1731.7378686964794,1739.4773636555067,1748.0159362549803,1763.6383743735018,1771.2071180090982,1778.9117232881538,1787.7518182634462,1796.1117597998332,1811.4980290573262,1819.2472540883573,1835.6197085357392,1851.9608369098712,1867.2605752961083,1884.1119530214055,1891.6832890070923,1907.5886237750321,1931.4620284174425,1946.7673796791444,1962.9038047379756,1987.4895720963682,2011.8167647058822,2035.3388590931256,2083.3630754627434,2187.4111675126906,2289.0
EA097,820,867.0342416636788,890.8235294117648,907.0574253260414,931.176042798629,947.4255319148937,971.5581395348837,986.9679071109189,995.7272727272727,1011.5281541704306,1027.4184921567273,1043.4251321197887,1059.549019607843,1067.6542397660821,1083.3564994564374,1091.6441354221674,1107.301886792453,1123.7347632996316,1130.9851155259387,1148.2727272727273,1163.3938121410486,1171.611429332623,1187.5683205839007,1203.510269121813,1211.3840671418104,1227.8350426613808,1243.0243902439024,1259.0,1267.5712893796685,1283.0338983050847,1298.5383417672244,1315.0,1331.3333333333333,1339.3142857142857,1363.1020408163265,1371.25,1387.6153846153845,1403.421052631579,1419.7761131419668,1428.1299165673422,1443.625,1458.8703703703704,1467.597543751919,1483.4417810760667,1499.2553816046968,1507.263033796175,1523.7465536306668,1531.7777648088706,1547.336392239119,1563.4683593246552,1570.7503752528876,1587.0869565217392,1594.8908303355113,1611.9818259568099,1627.5127288028611,1643.7967148810983,1652.2606654701092,1658.9169786749146,1675.066243293551,1683.5580631489725,1691.5990680580164,1707.6104739807756,1715.8003622790648,1731.6166301231237,1739.7404188067958,1755.7071164129989,1771.5759761549928,1779.7164009111616,1795.1147438194193,1811.105677346824,1819.7193298504772,1835.5854669592782,1850.9340818235942,1867.4517558813502,1883.9734363894813,1899.1684857695495,1915.6153454421997,1931.4175684815693,1947.3962264150944,1963.4318316538233,1979.3469387755101,1995.2418942817844,2011.348771433622,2027.9354596309595,2035.1700706991357,2051.7029186643113,2067.022599599664,2075.7384571264697,2083.619741851611,2099.062813522355,2107.5713798784295,2115.6641596760196,2131.445605913537,2155.07598358194,2170.7192391304347,2204.114428690576,2227.3014999460447,2260.2398705683736,2283.584553928096,2315.487809187279,2379.0
EA098,847,948.1119123561227,995.205376136144,1035.4979818365289,1060.0900185332273,1083.4489902963546,1099.5423838908737,1123.3382352941176,1139.8515043675186,1155.6243626062321,1171.8006279434853,1187.480677528313,1195.7,1211.6891252955081,1219.8068289326568,1235.6166519192686,1243.5423800021006,1251.3777255639095,1267.421843830151,1275.2718446601941,1283.7928711493455,1291.3570064910273,1299.3950380479214,1307.8323686114588,1315.2483487450463,1323.5093278814209,1331.3577016388572,1339.8831168831168,1347.2009658152244,1355.5109070896085,1355.5109070896085,1363.7899502614462,1371.7704003215815,1379.1688111168298,1379.1688111168298,1387.4571073437119,1395.468126251813,1403.4526315789474,1403.4526315789474,1411.5937424303593,1419.8185151237399,1419.8185151237399,1427.6634615384614,1427.6634615384614,1435.5993384329129,1443.5988458123702,1443.5988458123702,1451.6368421052632,1459.469210388985,1459.469210388985,1467.3446123288643,1475.4163894055698,1483.2092948717948,1491.3247332980252,1491.3247332980252,1499.4191916352804,1507.278476517416,1515.6396484118,1523.5180733889129,1531.5419463087246,1539.2451083325377,1547.1695981017353,1555.2231029541788,1563.671672150763,1571.5969667181575,1579.3490675376672,1595.281500715736,1603.331212333567,1612.19807645903,1619.4523086168333,1627.1508508470736,1635.6586601124643,1643.2437452102963,1659.180335902348,1675.7141035700276,1683.6809246147436,1699.06553940749,1707.7357473454942,1723.6818354912416,1739.6705710864699,1755.1035194018307,1771.7113310942198,1787.607374005305,1795.7271816403454,1811.5454868514566,1827.7033777730937,1843.4051664910917,1851.7118831599912,1875.8525970686553,1891.7520667663964,1915.3807901907358,1932.3091190108191,1954.3164292350573,1971.902516767382,1996.3495399679246,2019.4631578947367,2043.9739881273613,2075.709367285956,2115.5115703682145,2171.8932038834955,2469.0
EA099,48,151.72576340342462,199.6796815152154,231.80101456869124,248.07427439245114,263.7339497983145,279.42122779461175,279.42122779461175,295.3665643920886,311.40506036454815,327.4932613169553,343.63803905620654,359.70705829420814,359.70705829420814,375.5734377637203,391.66095968838704,391.66095968838704,407.55993722627704,407.55993722627704,423.554567467508,439.52298370239345,439.52298370239345,455.520542069173,455.520542069173,471.52723690921624,471.52723690921624,487.47992844867446,487.47992844867446,503.5829997719759,503.5829997719759,519.7295118927344,519.7295118927344,535.5261956093508,535.5261956093508,535.5261956093508,551.5949395085312,551.5949395085312,567.5459148908735,567.5459148908735,567.5459148908735,583.553381028686,583.553381028686,599.4586833940705,599.4586833940705,599.4586833940705,615.4568386062832,615.4568386062832,631.3795915229814,631.3795915229814,631.3795915229814,647.4366878138803,647.4366878138803,663.46354578031,663.46354578031,663.46354578031,679.4266281507722,679.4266281507722,695.4143138574835,695.4143138574835,711.3588835931419,711.3588835931419,727.2747666456503,727.2747666456503,743.3815499285272,743.3815499285272,759.4141843759411,775.4726020845108,775.4726020845108,791.4080146687807,807.4838342862049,807.4838342862049,823.2884036349247,839.2799680685732,855.3803842724955,871.3160663304385,887.4248898367887,903.3743337714477,919.2592534683861,951.4301298543867,983.4965224045059,999.4391341735821,1031.5719889880052,1047.4380883729082,1079.4950665849447,1111.4204356115708,1143.4099754915142,1175.538500969745,1207.3631483975573,1239.4614501912297,1271.2807186130299,1303.401687989716,1351.4522610916179,1399.5668372801317,1447.5842362846663,1495.2986379283843,1575.099909912089,1655.3931144071403,1735.352486192536,1863.2813512659413,2023.5174447373759,2536.887867647059
EA101,505,523.9832023841778,531.6012981904013,539.5284485543531,547.2447172681937,547.2447172681937,555.3186585022524,563.3808993220147,563.3808993220147,571.4973076188659,579.2437185404876,587.5112790410004,595.3278509476389,595.3278509476389,603.4681544156531,611.554119092209,619.4329684422662,627.4266059791041,635.1958896844341,643.264065627239,643.264065627239,651.4415039768619,667.6619757515774,675.5866123262768,683.4261957826161,691.5965373214766,699.4941548659235,707.580477068971,715.3548242381517,731.274239339279,739.5315408479834,747.4842399371342,755.7323712307873,763.5490680162942,771.3228783348665,779.1961165545295,787.6988282680336,787.6988282680336,795.730608608497,811.551681329951,819.5680139455178,827.8025544601418,835.5234411408334,843.5100767130411,852.0193763245536,859.6396802325581,867.1626506024096,875.3832213455265,883.4500654785629,891.1473983650021,899.649137243809,907.4573643410853,915.3870022602339,923.3645193582424,931.3367179000809,939.2151473894182,955.6021543476721,955.6021543476721,963.3834567091453,971.3129251700681,979.3835871930369,987.2557238171701,995.2314280915858,1003.1029379522035,1011.4736842105264,1019.4766955606635,1027.3886243026263,1043.468253968254,1051.4395009655454,1059.3916083916083,1067.511332960998,1075.5007874466685,1083.440429761216,1091.6804007715389,1099.4711060823488,1107.446469300772,1107.446469300772,1115.6348531959839,1123.923154895622,1131.2445390817525,1139.5875092632818,1147.407681599595,1155.6205483941449,1163.4482037472067,1171.6518375789858,1187.2750373692074,1195.3491946308723,1203.388167473925,1211.353659503608,1227.3734094937954,1235.289150943396,1251.5650135073145,1267.1795930260794,1283.4599786552828,1299.149471150801,1315.8299072954453,1340.19514903066,1363.801352221507,1394.9157692307695,1435.1346901017575,1536.0
EA110,354,419.965489794758,443.87840893973663,459.5181987515104,467.82788060479663,483.51876475216375,491.6499139481368,507.72492233083284,515.5167628726484,523.5444681702922,531.6137695750875,539.712892054046,547.5472377249639,555.4366027420847,555.4366027420847,563.8026136282041,571.5220527805682,571.5220527805682,579.5783369472039,587.5670259705902,595.6331992381494,595.6331992381494,603.3980522235906,611.3931491600889,611.3931491600889,619.4792354756619,627.5583826064933,635.711968708208,635.711968708208,643.4324259853163,651.5371364772185,651.5371364772185,659.3408224810188,667.4834833573162,675.2801205517561,675.2801205517561,683.5186304977613,691.5508460778673,699.4844027170857,707.5731026841418,707.5731026841418,715.4187314810839,723.4303393570706,731.3869990004196,731.3869990004196,739.4479749505036,747.3927587160754,755.4089994410284,755.4089994410284,763.4421595752636,771.460222941547,779.352346454527,787.6345643813819,787.6345643813819,795.0955524898175,803.5126818310689,811.391551428283,819.4248067463107,819.4248067463107,827.377839116719,835.526671979403,843.3579253324866,851.509156538311,859.6781978462567,867.4215516905451,875.3715191653669,883.5824943243509,891.4312862975102,899.5822242147441,907.5399241111935,915.3781607266974,915.3781607266974,931.6283341407707,939.6716946767116,947.5302202836931,955.4723439977614,971.6081917867126,987.4127892786615,995.4994705960206,1011.5800161196435,1019.7525146796019,1035.6286124609,1043.577085156731,1051.744486637785,1067.6424130349315,1075.5402629009666,1083.3999290213824,1091.6364605256058,1099.6639947100655,1107.4878677326706,1115.4938459489792,1131.5439884379798,1147.2613131740325,1163.4477527756337,1179.5461122966121,1203.6686134708739,1227.447048000433,1267.3504121449328,1299.6719573477142,1356.3103544127866,1522.0
EA111,479,537.2,565.25,593.1818181818181,617.6216216216216,641.6363636363636,657.1869181773641,673.5,689.2105263157895,705.2115171650056,713.5806451612904,721.4592875318067,729.5179505054026,733.7509344206592,741.7151228126505,745.7803386224624,749.4868381693091,757.8089779005525,761.5753733748791,765.3384615384615,769.2978723404256,773.4380986482856,777.2594803608981,785.3408490626812,789.6470588235294,793.4736842105264,797.6296296296297,801.3978963938179,805.2606541909105,813.4350114970349,813.4350114970349,821.7097879163326,825.6341463414634,829.6861057438961,833.4150943396227,837.5661424606845,841.4777193099314,845.5255323547653,849.3825492561319,853.6523938129143,857.6065202764695,861.5204087625536,865.5276724791509,869.8325673013786,873.6095457972106,873.6095457972106,877.4743567801929,881.6762981321405,885.615948944292,889.5747346963248,893.7096774193549,897.6925343811395,901.328125,905.3333333333334,909.4719818610893,909.4719818610893,913.6927027812774,917.1548224603685,921.7497833918555,921.7497833918555,925.6862254211645,929.6402660217655,929.6402660217655,933.4890436746987,937.6147867180699,937.6147867180699,941.6360554197228,941.6360554197228,945.7647595762021,945.7647595762021,949.3664990229682,949.3664990229682,953.4791659942553,953.4791659942553,957.6463752852375,957.6463752852375,961.5988959966984,965.5805678466074,965.5805678466074,969.4958869000867,973.61810951136,973.61810951136,977.4785191771409,977.4785191771409,981.4965922671921,981.4965922671921,985.5114728206028,989.453474967062,989.453474967062,993.5784118727051,997.3057639438986,997.3057639438986,1001.4934213868427,1005.3785612535615,1009.2954164186373,1013.6098132405114,1017.3727411944866,1025.5652072929975,1033.801942421089,1053.3864514662423,1134.0
EA112,527,558.1432258064516,569.4970645792564,577.1674296926096,581.3601909039866,589.7470238095239,597.5334796926455,605.1447368421052,613.4,618.0375088464259,621.1111111111111,629.4973721930243,629.4973721930243,633.3872371283538,637.625,641.6785714285714,645.48,649.8090161437709,649.8090161437709,653.2991900905192,657.494140625,657.494140625,661.578947368421,661.578947368421,665.5151515151515,669.3333333333334,673.4303185718511,673.4303185718511,677.40625,677.40625,681.7575757575758,685.3974269819194,685.3974269819194,689.7142857142857,693.6086956521739,697.6109850204267,701.8,705.4000965250966,709.2167832167831,714.0,717.8,721.478066248881,725.7826086956521,729.3333333333334,733.5416666666666,737.2631578947369,740.9444444444445,745.1666666666666,749.4865380538478,753.3793103448276,757.341131664853,761.6997450480486,765.8508726899383,765.8508726899383,769.2153334861334,773.2561710677383,773.2561710677383,777.6860785665059,781.5240092565807,785.3274360746371,789.6934624017958,789.6934624017958,793.48065455554,797.2115365489807,797.2115365489807,801.2927062031357,805.2689075630252,809.7050754458163,813.1781767955802,817.6919602529358,821.8405682715075,829.7287955331028,833.9000682128241,837.5168636995827,841.2725255972697,845.4895681707907,849.5727673649394,853.6456927352124,857.6599319863974,866.1052631578947,869.1764705882352,877.2414800389485,881.1818181818181,885.8181818181819,893.1416666666668,898.164377861007,905.9355788096796,905.9355788096796,913.0576727124517,918.3456829896908,925.5212591986918,933.6491442542788,944.6781914893617,953.2079790712884,965.3838882038634,972.9128878281623,989.3366336633663,1001.3441265060239,1025.2446613788895,1037.6016989145824,1111.0
EA113,227,315.3629039320431,355.8721829171157,379.5533980582524,403.44303797468353,419.1299217225735,435.6531643383068,443.68285635409967,459.6841577844584,467.58650271201174,475.4547781429067,491.35372064510045,499.4528985507246,507.3955666953865,515.6346563491718,523.6984386050813,531.7101109954909,547.7512268673278,555.1956202699201,563.5943757218193,571.3894730214695,579.5583091910717,587.4034822638953,595.4775226075078,603.5566911910918,611.3262515405833,619.5889574375274,627.3655098633938,635.6176726603496,643.4436539962834,651.1679855055064,659.2345064991672,667.5950288990398,675.6392512573414,683.4118284251776,691.5137915791801,691.5137915791801,699.5640572123791,707.3600985586328,715.3163624050114,723.4262431069424,723.4262431069424,731.4941969810657,739.434180138568,747.5497382198953,755.4304166512896,755.4304166512896,763.3804435887416,771.4098411932401,779.7169218546873,779.7169218546873,787.4491536821072,795.385171580646,795.385171580646,803.5679282738568,811.510139012881,819.4258439130007,819.4258439130007,827.3779962702232,835.3933968338132,843.3245313123255,851.5353634038443,859.6469137132395,859.6469137132395,867.4771759962167,875.5289084267232,883.5513132690498,891.4032412313572,899.3506286725213,907.5874737993859,915.3496740171321,923.6018998272885,931.4941942911701,939.48805076438,955.2735023757715,963.5543680168563,971.3393927700217,979.3558405344116,987.6898691860466,1003.271502263396,1011.402452619844,1019.3164739394349,1027.463809330354,1043.4502159563199,1051.3577253452213,1059.3212838792754,1075.5301869809623,1083.647810218978,1099.5275626506902,1107.3143654261198,1123.5292582497243,1131.6292977703688,1147.885247601763,1163.1159992529947,1186.9421623397961,1211.6523671167324,1243.381363456985,1275.770353960022,1315.7020002817296,1363.2557098483467,1606.0
EA115,149,187.4743341764618,234.4392839864538,276.11750230698243,315.455098934551,339.4736842105263,355.3565708644142,371.96952460783143,387.4782608695652,395.6010766580534,411.7395646319569,427.75,435.6743761856121,451.7473759341674,459.6202499790286,475.8636363636364,483.21464356110386,491.623276589758,507.42857142857144,515.4954954954954,531.2468800868149,539.5957803642707,547.7233305333893,555.7864077669902,571.3551401869158,579.532844805025,587.8380952380952,595.9322033898305,611.5091431203099,619.4358314772408,627.4332342549492,635.5284761828259,643.6493196117641,651.8160396092032,659.5186817913016,667.5934770114943,675.4965986394558,683.6049254966887,691.4790373879584,691.4790373879584,699.4418830553449,707.311627279473,715.2599238256454,723.4924376437289,731.0926276469548,731.0926276469548,739.3267056530216,747.512059558411,755.4436897504587,763.5884007438399,771.5104669502462,779.5757575757575,779.5757575757575,787.3047389038908,795.5542331714088,795.5542331714088,804.091198224852,811.52017180318,811.52017180318,819.5129017376596,819.5129017376596,827.3639489271261,827.3639489271261,835.2262127781049,843.0915349790724,843.0915349790724,851.669517952649,859.7134235820675,859.7134235820675,867.7424093509774,875.7085175155064,875.7085175155064,883.4277286702535,891.4879375105114,891.4879375105114,899.6351167114235,907.6471242886839,915.3489631262438,923.417209682614,923.417209682614,931.7263060836128,939.3591230809793,947.5992607388017,955.3205549992849,955.3205549992849,963.5150041513467,971.2230615318899,979.6363467045372,987.0816219833534,995.5009937430989,995.5009937430989,1011.296708766254,1018.8692830655127,1027.1873556468977,1035.6471143261517,1051.2448721195237,1067.7166012538864,1082.9551199853456,1099.8517522631535,1131.3858649187805,1189.0
EA120,433,457.57737413094964,465.4992042122897,469.7151550734362,473.5007252456592,473.5007252456592,477.556569677975,481.49876959533356,485.44190329515186,485.44190329515186,489.46500909780565,489.46500909780565,493.4663795540835,497.599021705324,497.599021705324,501.4681345872985,501.4681345872985,505.49566922455165,505.49566922455165,509.4782406453322,509.4782406453322,513.3481603791422,517.4818225988538,517.4818225988538,521.4593237531699,525.4760641428455,529.5029755286123,533.5181825054811,537.4661307205963,541.5415090498889,545.5071518103993,549.5154585138532,549.5154585138532,553.4675973328671,557.5091100493968,561.4695460965014,565.5200985807768,569.5081153833902,573.5198237885462,577.4239586832381,581.4103257837778,581.4103257837778,585.5179544476294,589.4958020922194,593.5992376803704,597.5608444373095,601.4438398447834,605.4492541149814,613.4305294135997,617.4948599443846,621.4755401588028,625.4682637105304,629.5543210126175,633.4906945571593,637.3724242333702,641.4268463832524,645.4599264472768,649.5167235067738,653.438331927259,657.5275742579288,661.3071046108614,665.4864547677262,669.5163726104092,673.5085118621149,677.475017459209,681.4521140590517,685.4627005912163,693.4138717030283,697.6057503533847,701.5292935845113,705.5904343861658,709.4682841805854,713.4760761314596,717.48,721.4796238244514,725.3829660512209,733.4662316904432,737.466115261473,741.4264172574343,749.4942268809195,753.5013435268986,757.5649517727314,765.4812043516013,769.522596605672,773.4951751934337,781.5224508758984,785.4360163460215,793.5218302968174,801.4449878140083,809.5084755030622,817.466786355476,825.4532584868166,833.6834020322086,845.4947869583559,857.5984827867737,877.5292823950906,893.6207716033776,921.5287245573888,949.62734962406,985.5100179043396,1158.0
EA121,19,40.061818907084216,72.12517561033407,88.01632477780203,88.01632477780203,103.92102018385535,103.92102018385535,103.92102018385535,119.64492299592794,119.64492299592794,119.64492299592794,135.09727158078923,135.09727158078923,135.09727158078923,151.2104329680426,151.2104329680426,151.2104329680426,167.4505485503326,167.4505485503326,183.1657354698402,183.1657354698402,199.21115671062296,215.48483079567384,231.21886656106474,247.2050540033496,263.4542000391748,279.3841565267028,295.4322582145612,327.2701858873134,359.49170308824705,391.47752463257916,423.47968969668995,439.6628801506441,471.88408199469694,471.88408199469694,487.69959298851904,503.41085000602544,503.41085000602544,519.2958495015104,535.4354214989842,535.4354214989842,551.5032154402513,567.4987841672253,583.3975044205501,599.5520921136381,599.5520921136381,615.4209038901672,631.4147975889292,647.419096457164,663.5749119714271,663.5749119714271,679.481402742291,695.603513069638,711.5137145990433,711.5137145990433,727.4642726017631,743.4704896344674,759.5119219831888,759.5119219831888,775.5340994743567,791.6030326634601,807.4992621063748,807.4992621063748,823.3534014464099,839.4518078272309,855.4050610107607,871.5590102555763,871.5590102555763,887.3512358770454,903.3246241978287,919.4950243034098,935.4454064537147,951.5242376209679,967.3567227693235,983.4718847546533,999.3954547774257,1015.6008070391747,1031.4097829844818,1063.3757954087796,1079.4902155875527,1095.448340887793,1127.4316469633748,1159.304091124427,1191.5097030166835,1239.539297291197,1271.394739206472,1319.46950385077,1367.4463964641654,1415.386204177012,1463.262242552501,1527.5241460963346,1575.3309609614141,1639.4702202836802,1719.4603023338375,1799.6396397511428,1879.2880714211467,1975.1859530016761,2119.6770411130105,2279.8072454045355,2455.588105328318,2900.4599156118147
EA122,64,82.1514143094842,96.125,100.4,108.57142857142857,114.11111111111111,118.52025671881269,124.6,130.48866176940277,134.44533705902901,136.44444444444446,140.46714650568842,142.5,146.47514340344168,150.56755228942905,152.64285714285714,156.63829787234044,158.58333333333334,162.27777777777777,164.25,166.6477900552486,170.44444444444446,174.45454545454547,176.5,178.49748193562513,182.62203557312253,184.3379273787437,188.45454545454547,190.45248422712933,192.3684210526316,194.641733088085,198.44444444444446,200.42372881355934,200.42372881355934,204.45894526034715,206.42864346949068,208.45,210.2941176470588,212.7408536585366,216.33333333333334,218.47545059042886,222.45519457336664,224.30769230769232,226.63427751882398,228.1818181818182,230.45438630616613,232.3515383215001,234.56288416075654,238.3616288492707,240.37058823529415,242.47682268226822,244.15384615384616,246.26552580734196,248.6670403587444,252.52361889511607,254.4477709079076,256.37820043891736,260.53846153846155,262.1761049723757,266.36113099498925,268.68500559492725,272.33056779880735,274.6891549620077,278.5636777128005,280.37971014492757,284.58755760368666,286.3589021815623,292.5,296.4858870967742,298.2847222222223,304.3759675635828,308.3662628145387,312.37610619469024,314.42677222022314,322.0,326.5833333333333,332.42857142857144,338.57142857142856,342.54545454545456,348.6,354.2857142857143,360.7,362.4166666666667,370.7007299270073,376.3333333333333,382.3981113320079,388.3942251031232,396.55574912891984,402.2560175054705,408.7139315815568,414.65891472868213,422.40031397174255,430.8502642395772,438.53238866396765,444.58170914542734,454.1296928327645,466.46741573033705,478.8365508365508,494.26512968299716,512.6330935251799,550.0
EA123,92,97.84125824306305,101.50407859181253,101.50407859181253,105.64267908750536,105.64267908750536,105.64267908750536,109.38609370445934,109.38609370445934,109.38609370445934,113.45257009140255,113.45257009140255,113.45257009140255,113.45257009140255,117.56286472579114,117.56286472579114,117.56286472579114,121.49567281134276,121.49567281134276,121.49567281134276,121.49567281134276,125.44221240663425,125.44221240663425,125.44221240663425,125.44221240663425,125.44221240663425,129.51071202698432,129.51071202698432,129.51071202698432,129.51071202698432,133.4299989652471,133.4299989652471,133.4299989652471,133.4299989652471,137.48403949506312,137.48403949506312,137.48403949506312,141.47271188705295,141.47271188705295,141.47271188705295,145.46587461845505,145.46587461845505,145.46587461845505,149.54703194674627,149.54703194674627,149.54703194674627,149.54703194674627,153.49335932740337,153.49335932740337,153.49335932740337,157.51462097051632,157.51462097051632,157.51462097051632,161.43896540006796,161.43896540006796,161.43896540006796,165.46057660270856,165.46057660270856,169.41833229060336,169.41833229060336,169.41833229060336,173.5142737241996,173.5142737241996,173.5142737241996,177.50300097052664,177.50300097052664,181.41459365228704,181.41459365228704,185.3464140096543,185.3464140096543,189.42695341237655,193.54042716148234,193.54042716148234,197.45788298872176,197.45788298872176,201.44224524791127,201.44224524791127,205.49979673294402,209.62518524076614,209.62518524076614,213.43868849911618,217.4966077363277,217.4966077363277,221.4412860223485,225.5478498081572,229.28024241378566,229.28024241378566,233.44853754940715,237.59955340528467,241.54680872382355,245.31255192342425,253.32267760672656,257.3272111024596,265.4420648606553,272.98637820512823,289.21813762722167,332.625,397.18562231759654,457.41944990176813,557.0,801.0
EA124,94,100.49048192112028,102.54622566547476,104.49373490682099,106.51985517538446,108.53536998806796,108.53536998806796,110.47184533614087,110.47184533614087,112.54688041535566,112.54688041535566,112.54688041535566,114.49097277542309,114.49097277542309,114.49097277542309,116.5211462648572,116.5211462648572,118.50058831371322,118.50058831371322,118.50058831371322,120.49050290715775,120.49050290715775,120.49050290715775,120.49050290715775,122.50816654492331,122.50816654492331,122.50816654492331,124.49054677763789,124.49054677763789,126.49434605375278,126.49434605375278,126.49434605375278,128.52032906002682,128.52032906002682,128.52032906002682,130.51744281868622,130.51744281868622,130.51744281868622,132.48634203884203,132.48634203884203,132.48634203884203,134.48521179415494,134.48521179415494,136.48607174274264,136.48607174274264,136.48607174274264,138.45038743353652,138.45038743353652,140.54108758675216,140.54108758675216,142.4963245974664,142.4963245974664,144.50553619604318,144.50553619604318,146.46487849963412,146.46487849963412,148.49712812447117,148.49712812447117,150.5246762484571,152.48749371481532,152.48749371481532,154.49263129826576,154.49263129826576,156.44007734401657,158.495868964187,160.53605834927578,162.44340144465414,164.51687166648523,166.5217383991792,168.54473242515317,170.4832187896177,172.4860649623652,176.52192493055722,178.532913345333,182.49526367877843,184.42127150507005,188.43838285435947,192.51760394644114,194.50250099733023,198.51861854228883,202.41846659511668,206.5294631928659,210.44776053992456,216.58197518851858,220.50611531741407,224.48716428799423,230.49842072015164,234.46593742050365,240.5827926657264,246.49789768745617,252.4209147790658,260.45992352644106,270.3870988529449,278.55102040816325,288.4706099474024,298.41364766951443,312.43562665010097,326.4670544936483,348.34797716554976,380.33777304208843,521.0
EA125,47,83.30377668308704,99.50332756690752,107.5960916521296,123.54671522622215,139.6320481624434,148.0374543305012,155.30716026919532,163.50431064290822,171.4441415969238,179.67649886721557,187.54273848452803,195.64347515832668,195.64347515832668,203.5665136094675,211.36788067193316,219.3997213824736,227.56871204229648,235.81571768190497,243.45012006335247,251.47780576189416,251.47780576189416,259.439121212711,267.4366773881643,275.433222349286,283.58298903762466,291.62296427272184,291.62296427272184,299.57316621387986,307.4452987896441,315.36569673662433,323.6131585058683,323.6131585058683,331.4174247756858,339.3102759513421,347.5567032219672,355.54981166951495,355.54981166951495,363.32405443388234,371.3802069488338,379.5120411033611,387.43766514291457,387.43766514291457,395.51318205106315,403.4838660677473,411.3459490475097,419.587554408125,427.549399171554,435.59384674102023,443.40301665780794,451.2753013337136,459.6757613967022,467.63599931052323,475.2461581621521,483.4191623290158,491.4389506098954,499.46328449500595,507.3376593830468,515.489112529909,523.5099013935295,531.564696644506,539.4344354809964,547.3377534434084,555.5102730789738,563.3005305255338,571.6499202838613,579.5247969854879,587.4985525579588,595.3910531549334,603.8227514187873,611.5116935042174,619.5036033439033,635.6840707281291,643.648,659.4957620370533,667.3680129634794,683.6897590361447,691.2723602810107,707.3852459016393,715.6300244483926,731.2906719380943,739.5921111680984,755.67573498618,763.691675592155,779.4574349368297,795.4882360445408,803.4578788496085,819.5120868574168,835.4218883275375,851.3434778515274,867.4918813427012,883.7680888284169,899.1719851904091,923.8062376237624,947.2788043852995,979.4619678995114,1011.9098794344698,1051.518114116132,1106.8152434721244,1196.187121629059,1434.0
EA131,30,38.54842518025046,42.4584991608727,44.42012768586531,48.5238456433109,52.47826086956522,54.410215725330005,56.400209259743654,60.53524099917908,64.47343706195683,66.46302963168097,70.52372716463084,74.50548855347729,76.53187953467634,80.5338421461542,84.60073068893529,86.53793429449303,90.53836625801944,92.48519515477794,96.43175487465182,100.45167583596708,104.47118671658798,106.49438826095579,110.42492269635126,112.48379098172468,116.47406900525824,118.50317559381769,122.51920292616019,126.55884669383282,128.52336448598132,132.51351351351352,134.4868913857678,138.5049504950495,142.56435643564356,146.48794100059797,148.49484536082474,152.53571428571428,156.55963302752295,158.42448749294715,162.49529178912016,164.51322020520914,168.5367279649206,172.46400978432717,174.4794470046083,178.4747474747475,180.57381771924574,184.47822631913542,186.47027064683547,190.41640813512583,192.4928810859248,196.60035913806865,198.52994958825187,202.56419568468274,204.49825246993422,206.54495405877438,210.5033288476521,212.52975352112676,216.53508771929825,218.51347680420147,220.48588526490585,224.5080254535094,226.47255038220987,230.46366711378087,232.44631386861312,234.46114041198132,238.49224495253375,240.48917593589286,244.53615628847274,246.4178094390027,250.4874355072195,254.5421176853585,256.4326159554731,260.512792822728,264.57657591814365,268.5068994857756,270.4193807155463,274.52721215906723,278.49596792359324,282.54819212665814,286.46062958899483,290.42025760015156,294.473325554259,300.413579716373,304.50277619220594,308.50281715200765,312.4130558722919,318.5708991825613,322.4210795164311,328.58982232945823,334.4994981994215,340.46716744913925,346.5729365805004,352.47484499557135,358.33519351935195,368.44365192582023,376.6283643892338,388.2970018400259,398.5072050435305,412.6102083333334,436.599937245058,527.0
EA132,11,17.60973315927626,21.481305363516697,25.63543070567198,29.419501540621713,29.419501540621713,33.47003787851036,33.47003787851036,37.589475188696575,37.589475188696575,41.58472735172714,41.58472735172714,45.41134331338571,45.41134331338571,49.500121546598336,49.500121546598336,53.430022069423,53.430022069423,57.52227415757799,57.52227415757799,57.52227415757799,61.51978847875419,61.51978847875419,65.49924564350891,65.49924564350891,69.37098546207109,73.54544956783607,73.54544956783607,77.58530187594866,77.58530187594866,81.60820446007085,85.51357780673598,85.51357780673598,89.5532859378189,89.5532859378189,93.50709870371496,97.52658362590572,97.52658362590572,101.54162613488975,105.42921273089335,105.42921273089335,109.54825043789971,109.54825043789971,113.49126643042047,117.40718998519857,117.40718998519857,121.4756101085815,125.51329810873537,125.51329810873537,129.42987972726888,133.4529417229926,137.6146493321265,141.57394366197184,145.4951117318436,149.49426756734937,153.43132599566326,157.4945233623656,161.51224605579228,165.41409940520097,169.45900193714402,173.39367182784224,177.50064180572457,181.5471498997452,185.42939129458648,189.45096109228456,193.42655424624135,201.59087187883748,205.40470909401125,209.38993223064554,213.61623771839814,217.57223316553586,221.36675769384186,225.4984921131263,229.58619330499172,233.53300790330078,237.38217348516807,241.5645732089337,245.46076080814868,253.54996027733642,257.4445423143351,261.4770232196638,265.5124606270299,273.39783678490875,277.50377431906617,285.62297067573303,289.543640735686,297.6711141472578,301.37575296683946,309.48387511517774,313.4555837257032,321.47405504587147,329.56200364636436,337.49017498565695,345.4907151558368,353.44495094638785,361.4668131584049,373.5066216786167,389.2503522324249,401.481790734975,425.7193544084301,527.0
EA134,190,213.59784366576818,221.70112285336856,225.73910347820694,233.3802270357929,237.38796311276488,241.75300666341624,245.52735384724338,249.50156123916776,249.50156123916776,253.49580680229855,257.535256644944,261.60446576726065,265.57861228013377,269.41650335224347,273.40161508891293,273.40161508891293,277.621335662978,281.49676343936653,281.49676343936653,285.5829586137763,289.58995249929217,289.58995249929217,293.41820492646605,297.5433818528091,297.5433818528091,301.4321906197024,305.60393771566095,309.51834803321964,309.51834803321964,313.5128318584072,317.342176550262,317.342176550262,321.47169310161655,325.60142154182626,329.5274708122619,333.40671540752777,337.46967005943026,337.46967005943026,341.6349500454133,345.4940099502487,349.5414160743575,353.3744216251319,357.35147236094366,361.64561207378426,369.5174009447605,373.3662505685551,377.5700355697289,385.40512780909717,393.15824017309774,401.64013953995425,413.6810074880871,425.2132520944402,437.5154965211891,453.8134573304157,461.70494186046506,481.72222222222223,489.64516129032256,505.3438303341902,517.8309034680804,525.4709409594096,537.2413793103449,545.4360571637961,557.6045694200351,565.5991172143207,577.5384615384615,585.3684210526316,597.6176470588235,609.2928974804518,617.4869509866327,629.5610301034806,637.5714285714286,645.6152575048196,657.6905406667289,665.7409293443668,677.3555555555556,689.1936315841684,697.7652926118809,709.7208109997669,721.3333333333334,733.3035837015219,745.5771765522026,753.40625,765.3103219382675,773.5986782817663,785.602621688514,797.4857142857143,805.3337837837837,817.3502031769486,829.4127286585366,841.544639043144,853.3162550681901,861.6046935797665,873.5275381552754,889.593128947774,901.1947921162422,916.9762424904424,941.4268585131895,961.6111111111112,989.5521701638401,1089.0
EA138,899,963.5811436891919,987.6440677966102,1011.6293103448276,1027.2256756756756,1043.3652570931624,1059.2611301526788,1075.3650396489336,1091.7601113350609,1099.5835744249964,1115.6076658121133,1123.5311082307192,1139.3442655177498,1147.486801508399,1163.2811306584856,1171.528657282935,1179.6419163595576,1195.451076440338,1203.5284822300475,1219.4052968432281,1227.5825174151714,1235.3032755412469,1251.4197865733966,1259.6601680892547,1275.221834713832,1283.173175082327,1291.5018096109013,1299.50436534587,1307.3173291712012,1323.5268310035442,1331.5323603381853,1339.4124175450524,1347.6198479443851,1355.6156080313172,1363.574039757412,1379.553594856047,1387.4841691276695,1395.4519009406038,1411.4045619825056,1419.396694214876,1427.5544380317103,1435.2391304347825,1451.554006968641,1459.5715198409882,1467.5132075471697,1475.424597584825,1491.5915755115252,1499.6692307692308,1507.4162571132956,1515.660590658137,1531.3377702217063,1539.5233448315657,1547.4313026250618,1555.4959713801784,1563.3924591356845,1579.4013475507966,1587.6415165697535,1595.7547339495381,1611.3616526953626,1619.4030726169135,1627.474914410636,1643.469315245478,1651.3984273528279,1667.5306303969166,1675.5490880939092,1691.7280435486482,1707.863794301598,1723.59203539823,1739.468956550005,1755.5880284765894,1763.3992700437173,1779.4296284491395,1795.4308355669502,1811.390974336668,1827.8113043089577,1843.4790806580809,1859.368406120174,1875.368538653366,1891.615018289737,1907.4811919662018,1923.4078215223096,1939.568932206811,1955.618406102905,1979.5747622207475,2003.5460950826966,2035.4819322648925,2059.8736842105263,2091.3062381852556,2115.2440839341834,2147.714668776649,2179.4126589275843,2211.6534358481495,2243.440476190476,2275.158454730771,2315.154128440367,2347.3443930938265,2387.9639034105053,2419.656097691607,2467.7495965572894,2531.3848706038475,2830.0
EA139,892,963.4507261410789,987.6946063004393,1003.4739594042826,1027.2307692307693,1043.3804347826087,1059.2425736339264,1067.5806222502813,1083.7105085508551,1091.78224077412,1107.6913356726895,1115.624339526163,1131.4660019201297,1139.3219913001453,1155.4186224294779,1163.2812340153455,1179.64334013779,1187.4764818935869,1203.5260664208827,1211.7779736126497,1219.4121034097168,1235.3032755412469,1243.6153834346412,1259.6601680892547,1267.600348001282,1275.221834713832,1291.5018096109013,1299.50436534587,1307.3173975917416,1315.8257636228184,1323.5255338536508,1331.532679170622,1347.6198479443851,1355.6156080313172,1363.574039757412,1371.3948920617465,1387.4841691276695,1395.4519009406038,1403.3289931825498,1411.4045619825056,1427.5544380317103,1435.2391304347825,1443.3889452488547,1459.5715198409882,1467.5132075471697,1475.424597584825,1483.7212543554008,1491.5915755115252,1507.4162571132956,1515.660590658137,1523.5663574204043,1531.3377702217063,1547.4313026250618,1555.4959713801784,1563.3924591356845,1571.6078164825824,1587.6415165697535,1595.7547339495381,1603.434506888257,1619.4030726169135,1627.474914410636,1635.4800853132283,1651.3984273528279,1667.5306303969166,1675.5490880939092,1691.7280435486482,1707.863794301598,1715.2598478160342,1731.6437533729086,1747.6104326957013,1763.3992700437173,1779.4296284491395,1795.4308355669502,1811.390974336668,1827.8113043089577,1843.4790806580809,1859.368406120174,1867.3709752494285,1883.157267604422,1899.529237100513,1915.4712571478083,1939.568932206811,1955.618406102905,1979.5747622207475,2003.5460950826966,2027.247191011236,2059.8736842105263,2091.3062381852556,2115.2440839341834,2147.714668776649,2179.4126589275843,2211.6534358481495,2243.440476190476,2275.158454730771,2315.154128440367,2347.3443930938265,2387.9639034105053,2419.656097691607,2467.7495965572894,2531.3848706038475,2830.0
EA140,483,535.7336829729778,567.6720749184648,599.5869113320218,615.4336559655007,647.3623140385331,663.753919136451,679.6406657357956,695.6257992320051,711.4706871619771,727.5091374781863,743.5503427780088,759.5839159351383,775.5331771060296,775.5331771060296,791.6588606755189,807.6399790425219,823.4536602041317,823.4536602041317,839.6464203243696,855.5210371455015,855.5210371455015,871.5741655358887,887.3472279659062,887.3472279659062,903.3301317038519,903.3301317038519,919.5606687344911,919.5606687344911,935.4684032454923,935.4684032454923,951.4957586825376,967.3456210862511,967.3456210862511,983.4582759169144,983.4582759169144,999.4077893935884,999.4077893935884,1015.6714942053206,1031.46450395134,1031.46450395134,1047.4434499145245,1063.439636729939,1063.439636729939,1079.555857197882,1095.4792718843698,1095.4792718843698,1111.595972410045,1127.4918206441805,1127.4918206441805,1143.1672367460806,1159.3121369798823,1175.340707791007,1191.503475022738,1207.33163784948,1207.33163784948,1223.4909508128442,1239.5667704261177,1255.47351086225,1271.4097123946551,1287.363480811538,1303.3677565390115,1319.5068106426302,1335.5192398013157,1351.409323294293,1367.4442989770394,1383.39799279615,1415.398349722798,1431.373249777269,1447.5829402677348,1479.6437323553396,1495.4461012801773,1511.452893959878,1543.36179063721,1559.6646299046797,1575.3214990687286,1607.4870563816064,1623.4929090009334,1655.3611324245446,1671.5685132947322,1703.446960416651,1735.5994475138123,1751.8056797398901,1783.5215012835981,1815.3613842232692,1847.5143448574922,1879.2880714211467,1895.5322797277938,1927.3555890202626,1975.1859530016761,2023.0684379857573,2071.6118009235506,2135.211633489735,2199.7644494466326,2247.2762943963835,2311.693289751651,2375.61850729683,2439.428977837184,2503.5580810840347,2599.769639152523,2901.0
EA141,469,519.6716278245109,551.6414986671776,583.3204236074301,615.4396133133222,631.3365474683545,647.3537935715761,679.6352919699146,695.6279570776823,711.4747425458157,727.5096521892061,743.5503427780088,743.5503427780088,759.5839159351383,775.5331771060296,791.6588606755189,807.6399790425219,807.6399790425219,823.4536602041317,839.6464203243696,839.6464203243696,855.5210371455015,871.5741655358887,871.5741655358887,887.3472279659062,887.3472279659062,903.3301317038519,903.3301317038519,919.5606687344911,935.4684032454923,935.4684032454923,951.4957586825376,951.4957586825376,967.3456210862511,967.3456210862511,983.4582759169144,999.4077893935884,999.4077893935884,1015.6714942053206,1015.6714942053206,1031.46450395134,1047.4434499145245,1047.4434499145245,1063.439636729939,1079.555857197882,1079.555857197882,1095.4792718843698,1111.595972410045,1127.4918206441805,1127.4918206441805,1143.1672367460806,1159.3121369798823,1175.340707791007,1175.340707791007,1191.503475022738,1207.33163784948,1223.4909508128442,1239.5667704261177,1255.47351086225,1271.4097123946551,1287.363480811538,1303.3677565390115,1319.5068106426302,1335.5192398013157,1351.409323294293,1367.4442989770394,1383.39799279615,1415.398349722798,1431.373249777269,1447.5829402677348,1463.2790355451489,1495.4461012801773,1511.452893959878,1527.5680497772091,1559.6646299046797,1575.3214990687286,1607.4870563816064,1623.4929090009334,1639.468998231391,1671.5685132947322,1703.446960416651,1719.4603023338375,1751.8056797398901,1783.5215012835981,1815.3613842232692,1847.5143448574922,1863.2246262143447,1895.5322797277938,1927.3555890202626,1975.1859530016761,2023.0684379857573,2071.6118009235506,2135.211633489735,2183.6514750969836,2247.2762943963835,2311.693289751651,2375.61850729683,2439.428977837184,2503.5580810840347,2599.769639152523,2901.0
