gauge_id,name,river,basin,gauge_lon,gauge_lat,outlet_lon,outlet_lat,snap_dist_m,area_km2,area_official_km2,area_ratio,area_ok,sdim_component,elev_median_m,elev_max_m,reservoirs_upstream,n_reservoirs_upstream,regulated
ES9248,Capdella,,Ebro,1.0013888888888889,42.50194444444445,0.992917,42.502917,707.1,23.27,3,7.758,False,,2467.1510420672153,2896.0,CAPDELLA (SISTEMA),1,True
ES9276,Alastuey,,Ebro,-0.7502777777777778,42.53694444444445,-0.74875,42.540417,403.8,10.54,4,2.636,False,,925.8181818181819,1526.0,,0,False
ES9312,Sabiñanigo,,Ebro,-0.3702777777777777,42.48833333333334,-0.372917,42.489583,258.9,767.51,5,153.503,False,,1463.7231943729626,2964.0,AGUAS LIMPIAS (SISTEMA)|ALTO CALDARES (SISTEMA)|BUBAL|ESCARRA (SISTEMA)|LANUZA,5,True
ES9356,Iribas,,Ebro,-1.9016666666666664,42.98972222222222,-1.902083,42.99125,173.2,31.66,6,5.277,False,,1033.5124671393294,1412.0,,0,False
ES9275,Alastuey,,Ebro,-0.7505555555555555,42.53694444444445,-0.74875,42.54125,498.6,10.56,6,1.759,False,,921.7894736842105,1526.0,,0,False
ES5162,Natividad,,Guadalquivir,-2.6752777777777776,37.891666666666666,-2.674583,37.887917,419.5,10.05,7,1.436,False,,1515.39281828074,2124.0,,0,False
ES9223,Ondategui,,Ebro,-2.7447222222222223,42.94805555555556,-2.742917,42.947917,148.5,29.28,8,3.66,False,,737.9285714285714,1416.0,,0,False
ES5052,Lanteira,,Guadalquivir,-3.1341666666666668,37.13138888888889,-3.13375,37.13125,40.6,10.58,11,0.962,True,,2115.7083333333335,2776.0,,0,False
ES2537,Resoba,,Duero,-4.528611111111111,42.9025,-4.529583,42.902917,92.5,13.26,13,1.02,True,,1237.5238095238096,1618.0,"REQUEJADA, LA",1,True
ES5163,Vadillo,,Guadalquivir,-3.0238888888888886,37.77388888888889,-3.02375,37.772083,199.9,13.04,13,1.003,True,,1325.6410978184379,1903.0,,0,False
ES9085,Riezu,,Ebro,-1.9544444444444444,42.765277777777776,-1.96125,42.767083,594.7,30.96,14,2.212,False,,953.4640978342555,1234.0,,0,False
ES2157,Remolina,,Duero,-5.079722222222222,42.92611111111111,-5.082083,42.927917,280.1,13.43,14,0.959,True,,1373.4627151051623,1762.9999999999998,,0,False
ES2533,Monderio,,Duero,-4.531666666666666,42.90583333333333,-4.53375,42.90875,367.9,14.75,15,0.984,True,,1341.2424961608262,1847.0,"REQUEJADA, LA",1,True
ES9295,Cosuenda,,Ebro,-1.2980555555555555,41.37055555555556,-1.29875,41.37125,97.0,16.09,16,1.005,True,,794.040520984081,1225.3098039215686,,0,False
ES9357,Iriberri,,Ebro,-1.5369444444444442,42.640277777777776,-1.537083,42.639583,77.7,15.81,16,0.988,True,,850.6104017804847,1026.951871657754,,0,False
ES9296,Aguaron,,Ebro,-1.2716666666666665,41.33916666666667,-1.27125,41.339583,57.6,16.91,17,0.995,True,,829.0,1209.0,,0,False
ES1595,Bouzas,,Galicia Costa,-8.81861111111111,42.10527777777778,-8.817917,42.10625,121.4,16.94,17,0.997,True,,273.53333333333336,643.0,,0,False
ES9330,Barindano,,Ebro,-2.125277777777778,42.76555555555556,-2.124583,42.76625,95.3,17.35,18,0.964,True,,809.3571428571429,1104.0,,0,False
ES3190,"Jarosa, La",,Tajo,-4.121944444444444,40.66694444444444,-4.119583,40.66625,215.6,17.95,18,0.997,True,,1305.7869395992504,1814.0,"JAROSA, LA",1,True
ES5051,Jerez Del Marquesado,,Guadalquivir,-3.198888888888889,37.150277777777774,-3.19875,37.150417,19.5,17.85,18,0.992,True,,2219.52,3128.0,,0,False
ES3284,Cañaveral,,Tajo,-6.430833333333334,39.765277777777776,-6.430417,39.765417,38.7,19.03,19,1.001,True,,369.5693071895424,807.0,,0,False
ES5166,Peñaflor (Canal),,Guadalquivir,-5.333055555555555,37.69277777777778,-5.32625,37.692083,609.8,15.1,19,0.795,False,,126.0,153.0,,0,False
ES3189,Navacerrada,,Tajo,-4.003333333333333,40.712500000000006,-4.002917,40.712917,57.7,19.18,21,0.913,True,,1426.9199939731807,2264.0,NAVACERRADA,1,True
ES9221,Larrinoa,,Ebro,-2.7319444444444447,42.97027777777778,-2.732083,42.969583,77.8,21.39,22,0.972,True,,809.4159981397511,1416.0,,0,False
ES9178,Reinosa,,Ebro,-4.163055555555556,43.001666666666665,-4.162917,43.002083,47.5,10.9,23,0.474,False,,1025.1298973880596,1485.0,,0,False
ES1821,Regueiro,,Mino-Sil,-8.198055555555555,42.153888888888886,-8.19625,42.15375,150.3,30.3,25,1.212,False,,667.9270487920415,1243.0,FRIEIRA,1,True
ES3274,Alcobendas,,Tajo,-3.6197222222222223,40.53833333333333,-3.61375,40.539583,523.8,24.93,25,0.997,True,,693.0,771.0,,0,False
ES5152,Frailes,,Guadalquivir,-3.840555555555556,37.47972222222222,-3.840417,37.479583,19.9,25.92,26,0.997,True,,1209.5076004343105,1534.0,,0,False
ES2514,Salida Del Embalse De Casares,,Duero,-5.761388888888889,42.92361111111111,-5.759583,42.92375,148.0,26.2,26,1.008,True,,1397.7,1930.0,CASARES DE ARBAS,1,True
ES3047,Pedrezuela-Gargüera,,Tajo,-3.6688888888888886,40.79,-3.667917,40.790417,93.7,30.06,26,1.156,True,,1101.3696925329427,1821.0,,0,False
ES2008,Piscardanos,,Duero,-4.102222222222222,42.66361111111111,-4.10375,42.662917,146.3,29.72,26,1.143,True,,1058.4212075185114,1362.0,,0,False
ES9150,Estenoz,,Ebro,-1.9261111111111109,42.74722222222222,-1.92625,42.747083,19.1,27.96,28,0.999,True,,749.2933333333333,1113.0,,0,False
ES9294,Maidevera C. E.,,Ebro,-1.7730555555555556,41.59611111111112,-1.772917,41.59625,19.2,28.67,28,1.024,True,,1021.5974405612577,1435.0,,0,False
ES2142,Villabañez,,Duero,-4.528888888888889,41.63055555555555,-4.52875,41.63125,77.7,160.28,28,5.724,False,,868.7319328237959,913.0,,0,False
ES1284,"Molinin, El",,Cantabrico,-4.933888888888889,43.396388888888886,-4.93375,43.39625,19.2,27.45,28,0.981,True,,393.375,857.9999999999999,,0,False
ES5012,"Doctor, El",,Guadalquivir,-2.670555555555556,37.88555555555556,-2.670417,37.88625,77.4,17.33,28,0.619,False,,1412.0859431900947,2124.0,,0,False
ES9274,Sallente P.P.,,Ebro,0.9913888888888888,42.48694444444445,0.992083,42.487917,121.6,27.88,29,0.961,True,,2427.7089265690306,2896.0,CAPDELLA (SISTEMA)|SALLENTE,2,True
ES8151,Callosa De Ensarria,,Jucar,-0.0986111111111111,38.66027777777778,-0.097917,38.660417,62.5,28.39,30,0.946,True,,619.3505868191394,1193.0,,0,False
ES3034,Orihuela Del Tremedal,,Tajo,-1.6322222222222222,40.55138888888889,-1.632917,40.55125,60.8,31.59,31,1.019,True,,1637.4778752800598,1928.0,,0,False
ES1593,Caride,,Galicia Costa,-8.695277777777777,42.22222222222222,-8.697917,42.220417,293.3,19.9,31,0.642,False,,232.56088992974242,440.0,,0,False
ES4287,Valdejudios,,Guadiana,-2.7369444444444446,39.97611111111112,-2.737083,39.97625,19.6,29.91,32,0.935,True,,904.0,1017.0,CAMPOS DEL PARAISO,1,True
ES2153,"Fuentona, La",,Duero,-2.8575,41.730555555555554,-2.857083,41.73125,84.0,32.72,32,1.022,True,,1158.4062982609278,1343.0,,0,False
ES3046,Pedrezuela-Albala,,Tajo,-3.63,40.785,-3.629583,40.78375,143.4,31.11,32,0.972,True,,993.3178421298456,1820.0,,0,False
ES2034,Besande,,Duero,-4.885555555555555,42.89694444444444,-4.882917,42.89875,292.4,35.17,32,1.099,True,,1515.2602667717983,2400.0,,0,False
ES2539,Ventanilla,,Duero,-4.581944444444444,42.89083333333333,-4.579583,42.889583,239.2,34.15,34,1.004,True,,1305.6651346027577,1981.0,,0,False
ES1763,Incio (Puente De Pena),,Mino-Sil,-7.348055555555555,42.64472222222222,-7.347083,42.645417,110.0,35.06,35,1.002,True,,881.4653151726322,1227.0,,0,False
ES3265,Torrejoncillo,,Tajo,-6.613611111111111,39.86972222222222,-6.612917,39.869583,61.8,15.79,35,0.451,False,,307.0,441.0,,0,False
ES9288,Carabantes,,Ebro,-1.9944444444444445,41.55166666666666,-1.995417,41.55375,245.7,35.69,35,1.02,True,,1060.4929577464789,1289.0,,0,False
ES2051,"Espinar, El",,Duero,-4.155555555555556,40.750277777777775,-4.15375,40.75125,185.6,36.08,35,1.031,True,,1605.5576923076924,2183.0,,0,False
ES1809,Bubaces,,Mino-Sil,-8.106666666666666,41.86472222222223,-8.105417,41.865417,128.1,34.87,36,0.969,True,,851.564371257485,1450.0,,0,False
ES1296,Sobrefoz,,Cantabrico,-5.177222222222222,43.16944444444445,-5.177083,43.170417,108.4,34.21,36,0.95,True,,1299.3650793650793,1951.0,,0,False
ES3275,Barajas,,Tajo,-3.5616666666666665,40.49916666666667,-3.56375,40.504583,628.1,28.49,36,0.791,False,,685.0,761.0,,0,False
ES9308,Otxandio,,Ebro,-2.6575,43.040277777777774,-2.657917,43.040417,37.5,34.45,36,0.957,True,,661.4270833333334,1280.0,,0,False
ES2009,Riaza,,Duero,-3.4719444444444445,41.28388888888889,-3.47375,41.28625,304.3,37.87,36,1.052,True,,1445.375,2029.0,,0,False
ES1304,Salinas,,Cantabrico,-5.957777777777778,43.57222222222222,-5.959583,43.57625,472.8,32.35,37,0.874,True,,117.33892432729981,549.0,,0,False
ES9354,Mues,,Ebro,-2.215277777777778,42.58888888888889,-2.214583,42.589583,95.4,36.95,37,0.999,True,,621.4454302977521,1314.0,,0,False
ES1107,Oyarzun,,Cantabrico,-1.8763888888888889,43.29833333333333,-1.875417,43.29875,91.1,36.93,38,0.972,True,,281.48410287565815,811.0,,0,False
ES2547,Quintanilla Del Castillo,,Duero,-6.098888888888888,42.67305555555555,-6.09875,42.672917,19.3,38.13,39,0.978,True,,1196.50953992922,1469.0,,0,False
ES9236,Maidevera C.E.,,Ebro,-1.7788888888888887,41.57861111111112,-1.77875,41.57875,19.2,39.81,39,1.021,True,,1057.2711324892125,1495.0,,0,False
ES1836,Almagarinos,,Mino-Sil,-6.219444444444445,42.7075,-6.219583,42.707083,47.5,39.58,40,0.989,True,,1299.5467401881285,2049.3835182250396,,0,False
ES1204,Campiazo De Beranga,,Cantabrico,-3.579722222222222,43.41361111111111,-3.575417,43.417083,517.0,27.87,40,0.697,False,,136.41666666666666,460.0,,0,False
ES3500,Gargoles De Abajo,,Tajo,-2.6283333333333334,40.73361111111111,-2.62875,40.73375,38.7,41.26,41,1.006,True,,906.5097458672591,1122.0,,0,False
ES5086,Dilar,,Guadalquivir,-3.5516666666666663,37.06472222222222,-3.552083,37.064583,40.0,46.15,41,1.126,True,,1959.336528056887,3346.0,,0,False
ES4251,Cañamero,,Guadiana,-5.378055555555555,39.37972222222222,-5.377917,39.380417,77.6,41.38,42,0.985,True,,811.6862836945875,1585.0,CANCHO DEL FRESNO,1,True
ES9358,Monreal,,Ebro,-1.506388888888889,42.70138888888889,-1.50625,42.702917,169.7,41.99,42,1.0,True,,717.5366863905325,1343.0,,0,False
ES3002,"Paular, El",,Tajo,-3.885833333333333,40.84638888888889,-3.88625,40.84625,38.2,38.36,42,0.913,True,,1819.6019854271601,2414.0,,0,False
ES1435,"Guioncho, O",,Galicia Costa,-7.449166666666667,43.685,-7.447917,43.685417,110.2,41.5,43,0.965,True,,269.70887873549026,697.0,RIO COBO,1,True
ES4156,"Nava, La",,Guadiana,-6.744722222222222,37.95916666666667,-6.744583,37.959583,47.4,36.17,43,0.841,True,,653.4897360703812,946.0,,0,False
ES2065,Pontedo,,Duero,-5.569999999999999,42.973055555555554,-5.570417,42.972917,37.1,42.4,43,0.986,True,,1601.5406784749325,2177.0,,0,False
ES9326,Espinal,,Ebro,-1.3541666666666667,42.967777777777776,-1.354583,42.967917,37.5,48.68,44,1.106,True,,953.441899300523,1516.0,,0,False
ES9309,Sallent De Gallego,,Ebro,-0.3341666666666666,42.769444444444446,-0.33375,42.769583,37.3,44.42,44,1.009,True,,1843.714578572389,2599.0,,0,False
ES1430,As Anzas,,Galicia Costa,-7.085,43.50055555555556,-7.084583,43.500417,37.3,46.83,45,1.041,True,,273.7082585815094,557.0,,0,False
ES9039,Ortigosa,,Ebro,-2.6716666666666664,42.17111111111111,-2.67125,42.17125,37.6,43.44,45,0.965,True,,1285.0460805985376,1760.0063694267517,GONZALEZ LACASA,1,True
ES9297,Beceite,,Ebro,0.1974999999999999,40.84,0.197917,40.84125,142.4,45.65,45,1.015,True,,953.4893617021277,1345.0,,0,False
ES2511,Cardaño De Arriba,,Duero,-4.760277777777778,42.93444444444444,-4.759583,42.934583,58.6,44.96,45,0.999,True,,1811.6813186813188,2436.0,,0,False
ES3075,Santillana Samburiel,,Tajo,-3.922222222222222,40.6975,-3.922083,40.697917,47.5,55.66,46,1.21,False,,1140.5044953263885,2264.0,NAVACERRADA,1,True
ES9078,Garinoain,,Ebro,-1.643333333333333,42.59555555555556,-1.642917,42.595417,37.7,47.99,47,1.021,True,,773.6000360003599,1068.0,,0,False
ES9080,Zuriza,,Ebro,-0.8202777777777778,42.8625,-0.820417,42.862083,47.5,47.08,47,1.002,True,,1675.3373493975905,2332.0,,0,False
ES3185,Santibañez El Bajo,,Tajo,-6.318333333333333,40.21833333333333,-6.31875,40.219583,143.7,48.25,47,1.027,True,,537.4677318991954,977.1570247933885,,0,False
ES2151,Cremenes,,Duero,-5.1147222222222215,42.92944444444444,-5.11375,42.929583,80.7,48.28,48,1.006,True,,1393.3507706679125,1945.0,,0,False
ES3283,Acebo,,Tajo,-6.693611111111111,40.18,-6.69375,40.180417,47.9,53.83,48,1.122,True,,667.5604395604396,1474.5,,0,False
ES5039,Central Diechar,,Guadalquivir,-3.4725,37.11527777777778,-3.474583,37.117917,348.7,40.82,48,0.85,True,,1948.176370830978,3232.0,,0,False
ES4160,Aroche,,Guadiana,-6.943333333333333,37.97916666666667,-6.94375,37.97875,58.2,46.07,48,0.96,True,,554.5454545454545,760.0000000000001,,0,False
ES9052,Beceite,,Ebro,0.1855555555555555,40.824444444444445,0.18625,40.824583,60.6,47.58,48,0.991,True,,1025.405661508936,1336.0,,0,False
ES9110,Beceite,,Ebro,0.1297222222222222,40.80083333333333,0.129583,40.80125,47.7,49.57,49,1.012,True,,953.5320428982474,1340.0,,0,False
ES9259,Izalzu,,Ebro,-1.0552777777777778,42.91361111111111,-1.055417,42.91375,19.2,48.53,49,0.99,True,,1117.6891314031182,1691.0,,0,False
ES1205,Entrambasaguas,,Cantabrico,-3.688055555555556,43.38194444444444,-3.685417,43.38375,291.5,43.23,49,0.882,True,,149.5831976242935,551.0,,0,False
ES9116,Caldas De Bohi,,Ebro,0.8350000000000001,42.55138888888889,0.834583,42.55375,264.2,47.86,49,0.977,True,,2387.9514563106795,2978.62,CAVALLERS,1,True
ES9200,Arties,,Ebro,0.8730555555555556,42.69583333333333,0.872917,42.69625,47.7,49.28,50,0.986,True,,2123.326533174314,2904.0,,0,False
ES1429,Mazo De Meredo,,Cantabrico,-6.9944444444444445,43.43805555555555,-6.99375,43.43875,94.8,50.58,51,0.992,True,,481.5698099188905,1120.0,,0,False
ES5021,Quentar,,Guadalquivir,-3.4255555555555555,37.22055555555556,-3.425417,37.22125,77.4,47.26,51,0.927,True,,1397.324943272544,1951.0000000000002,,0,False
ES2107,Salida Embalse De Cervera,,Duero,-4.525833333333333,42.865833333333335,-4.52625,42.86625,57.8,54.35,52,1.045,True,,1233.6610169491526,1981.0,CERVERA DE RUESGA,1,True
ES3245,Hernan-Perez,,Tajo,-6.441666666666667,40.21555555555556,-6.44125,40.215417,39.0,53.62,52,1.031,True,,513.608345073589,1025.0034129692833,,0,False
ES7040,Librilla,,Segura,-1.362777777777778,37.88,-1.36125,37.879583,143.5,47.56,52,0.915,True,,459.5889877641824,1316.0,ALGECIRAS,1,True
ES3197,Cantos Blancos,,Tajo,-4.555555555555555,39.6325,-4.554583,39.632083,96.3,59.97,53,1.131,True,,945.6546051418245,1346.0,,0,False
ES2077,Salida Embalse De Villameca,,Duero,-6.073888888888889,42.64472222222222,-6.072083,42.64625,223.5,55.16,53,1.041,True,,1164.5070527558566,1469.0,VILLAMECA,1,True
ES1297,Ribota,,Cantabrico,-5.054444444444444,43.14055555555556,-5.055417,43.142917,275.0,43.39,54,0.804,True,,1187.3346097979663,1872.0,,0,False
ES3260,Villanueva De La Vera,,Tajo,-5.401111111111112,40.13777777777778,-5.400417,40.137917,61.0,57.55,54,1.066,True,,1331.3725490196077,2258.2677824267785,,0,False
ES1262,Roiz (Las Cuevas),,Cantabrico,-4.351111111111111,43.32888888888889,-4.350417,43.32875,58.6,54.45,55,0.99,True,,289.47598271594586,910.0,,0,False
ES9151,Muez,,Ebro,-1.936388888888889,42.74944444444444,-1.93625,42.75125,200.5,74.59,55,1.356,False,,965.6502104860316,1236.0,,0,False
ES3071,Santillana Manzanares,,Tajo,-3.867777777777778,40.72583333333333,-3.86625,40.724583,191.0,55.23,56,0.986,True,,1539.3693991327689,2372.0,,0,False
ES2022,Ruesga,,Duero,-4.517222222222222,42.85833333333333,-4.517083,42.85875,47.5,59.46,56,1.062,True,,1229.5454545454545,1981.0,CERVERA DE RUESGA,1,True
ES2003,Quintanatello De Ojeda,,Duero,-4.447500000000001,42.73111111111111,-4.447917,42.73125,37.7,58.01,56,1.036,True,,1065.4835145395914,1792.0,,0,False
ES3228,Peguerinos,,Tajo,-4.218333333333334,40.60361111111112,-4.217917,40.60375,38.3,54.55,56,0.974,True,,1501.404505056696,1888.0000000000002,ACEÑA,1,True
ES1449,A Maciñeira,,Galicia Costa,-8.131944444444445,43.50416666666667,-8.132083,43.504583,47.9,55.79,56,0.996,True,,361.56417670333497,648.0,,0,False
ES1646,Porriño,,Mino-Sil,-8.624444444444444,42.1625,-8.62375,42.162083,74.4,48.93,58,0.844,True,,165.51162790697674,732.0,,0,False
ES1806,Puenteareas (Nivel),,Mino-Sil,-8.504166666666666,42.15972222222222,-8.505417,42.160417,130.1,56.57,58,0.975,True,,237.36484414920798,932.0,,0,False
ES9202,Matamorosa,,Ebro,-4.136111111111112,42.98611111111112,-4.14375,42.989583,737.1,198.03,59,3.356,False,,1187.548078881585,2148.0,,0,False
ES2508,Pineda De La Sierra,,Duero,-3.304722222222222,42.22555555555556,-3.30375,42.225417,82.0,59.17,59,1.003,True,,1477.5760480924127,2114.0,,0,False
ES9310,Sallent De Gallego (Aguas Limpias),,Ebro,-0.3277777777777778,42.775,-0.327917,42.774583,47.5,59.54,60,0.992,True,,2267.1051297592153,3080.0681818181815,AGUAS LIMPIAS (SISTEMA),1,True
ES9135,Alins,,Ebro,1.3272222222222223,42.55305555555555,1.327917,42.55375,95.5,58.34,60,0.972,True,,2067.604938271605,2882.0,,0,False
ES9299,Peralta De La Sal,,Ebro,0.376111111111111,41.980555555555554,0.377083,41.980417,82.4,60.29,61,0.988,True,,749.4557681530702,1064.0,,0,False
ES9164,Canfranc,,Ebro,-0.5152777777777777,42.75083333333333,-0.514583,42.750417,73.7,68.6,62,1.106,True,,1947.4954954954956,2750.0,,0,False
ES3226,Candeleda,,Tajo,-5.246111111111111,40.155277777777776,-5.24625,40.155417,19.6,59.2,62,0.955,True,,1315.7539593184717,2370.75,,0,False
ES5091,Molino De Chicorro,,Guadalquivir,-4.186944444444444,37.31,-4.184583,37.31125,249.3,59.66,62,0.962,True,,825.5576010519695,1296.0,,0,False
ES1594,A Ponte,,Galicia Costa,-8.774166666666668,42.11055555555556,-8.77375,42.11125,83.9,62.87,64,0.982,True,,302.0956643251001,695.0,,0,False
ES9117,Bohi,,Ebro,0.8380555555555556,42.54416666666666,0.837917,42.54375,47.5,64.57,64,1.009,True,,2339.681818181818,2946.3002680965146,,0,False
ES7070,Desagüe De La Pedrera,,Segura,-0.875,38.06861111111112,-0.87125,38.069583,346.5,62.21,64,0.972,True,,120.53959766273529,305.0,"PEDRERA, LA",1,True
ES9353,Torres Del Río,,Ebro,-2.266111111111111,42.528888888888886,-2.26625,42.52875,19.1,62.77,64,0.981,True,,641.6983905056088,1411.0,,0,False
ES5134,Cerrada Del Utrero,,Guadalquivir,-2.928333333333333,37.93083333333333,-2.929583,37.932917,256.9,64.28,65,0.989,True,,1355.3236442010832,1922.0,,0,False
ES5137,Cambil,,Guadalquivir,-3.566111111111111,37.6725,-3.565417,37.672917,76.2,66.68,66,1.01,True,,1195.4269745044928,2151.0,,0,False
ES4157,"Nava, La",,Guadiana,-6.7716666666666665,37.96694444444445,-6.77125,37.96625,85.9,64.77,67,0.967,True,,553.4345107355776,900.0,,0,False
ES3227,Butarque,,Tajo,-3.659444444444445,40.32777777777778,-3.652917,40.332083,727.0,982.71,68,14.452,False,,723.4149001671211,2309.0,"NAVACERRADA|PARDO, EL|SANTILLANA",3,True
ES9148,Coll De Nargo,,Ebro,1.3008333333333333,42.165,1.30125,42.165417,57.4,67.92,69,0.984,True,,1051.5355879095646,1752.0,,0,False
ES3171,Puentes Viejas La Nava,,Tajo,-3.577777777777777,41.02361111111111,-3.577917,41.02375,19.5,70.93,69,1.028,True,,1299.4509990264708,2026.4903581267217,,0,False
ES9152,Eugui,,Ebro,-1.5147222222222223,42.97027777777778,-1.514583,42.970417,19.0,69.14,69,1.002,True,,957.5609161984835,1437.0,EUGUI,1,True
ES5049,Pantano Colomera (A. Arriba),,Guadalquivir,-3.728888888888889,37.43222222222222,-3.72875,37.432083,19.9,66.32,69,0.961,True,,1165.5884805837893,1649.0,,0,False
ES5153,Quiebrajano,,Guadalquivir,-3.692777777777778,37.60916666666667,-3.692917,37.609583,47.8,69.24,69,1.004,True,,1261.2856535846722,1757.0000000000002,,0,False
ES5126,Galapagar,,Guadalquivir,-5.690833333333334,37.63805555555555,-5.689583,37.640417,281.1,81.65,70,1.166,True,,272.5037344834841,433.0,,0,False
ES1344,"Fresneda, La",,Cantabrico,-5.791944444444444,43.40833333333333,-5.792083,43.407917,47.5,69.88,71,0.984,True,,222.88323223160796,652.0,,0,False
ES1742,Porto,,Mino-Sil,-6.896388888888889,42.16638888888889,-6.897083,42.16625,59.2,70.0,71,0.986,True,,1661.4968037449032,2043.0,,0,False
ES3229,Losar De La Vera,,Tajo,-5.581944444444444,40.11027777777778,-5.58125,40.110417,61.0,68.99,71,0.972,True,,1291.6171624224266,2360.0,,0,False
ES1445,"Porto Do Cabo, O",,Galicia Costa,-8.04,43.625,-8.040417,43.625417,57.7,70.33,71,0.991,True,,253.55007523363838,564.0,,0,False
ES2035,Otero De Guardo,,Duero,-4.849444444444444,42.82972222222222,-4.84875,42.829583,59.1,71.92,72,0.999,True,,1451.4303612552849,2400.0,,0,False
ES9325,Ochagavia,,Ebro,-1.0919444444444444,42.924166666666665,-1.09125,42.924583,72.9,72.53,72,1.007,True,,1041.3055921424002,1492.0,,0,False
ES3504,"Atazar-Riato, El",,Tajo,-3.4905555555555554,40.95972222222223,-3.490417,40.95875,108.5,70.56,72,0.98,True,,1313.5922330097087,1849.0,,0,False
ES1472,A Ponte Da Ribeira,,Galicia Costa,-8.323611111111111,43.22583333333333,-8.324583,43.22625,92.2,72.65,72,1.009,True,,312.4301075268817,516.0,,0,False
ES3236,"Ladrillar, El",,Tajo,-6.143611111111111,40.42361111111111,-6.14375,40.424583,108.6,73.36,73,1.005,True,,867.5645851372689,1609.6100917431193,,0,False
ES9167,Barrio Blanco,,Ebro,-2.3327777777777774,41.19305555555555,-2.332917,41.192083,108.2,59.4,73,0.814,True,,1190.460643568542,1364.0,,0,False
ES9267,Capdella,,Ebro,0.9908333333333332,42.46805555555556,0.992083,42.467917,104.3,71.78,74,0.97,True,,2347.431818181818,2896.0,CAPDELLA (SISTEMA)|SALLENTE,2,True
ES8111,Valverde De Jucar,,Jucar,-2.206666666666667,39.73805555555556,-2.207083,39.74125,355.7,82.78,74,1.119,True,,964.5027036610229,1121.0,,0,False
ES8141,Villora,,Jucar,-1.5716666666666663,39.75083333333333,-1.572083,39.750417,58.0,65.6,74,0.887,True,,1101.5701826313827,1391.0,,0,False
ES9157,Azarrulla,,Ebro,-3.033611111111111,42.2625,-3.034583,42.264583,245.6,74.17,74,1.002,True,,1507.443368578324,2257.0,,0,False
ES9269,Aragües Del Puerto,,Ebro,-0.7158333333333333,42.67611111111111,-0.71625,42.67625,37.7,74.87,75,0.998,True,,1307.623690970164,2635.0898876404494,,0,False
ES9234,Oza,,Ebro,-0.7116666666666667,42.82138888888889,-0.71125,42.820417,113.4,74.63,75,0.995,True,,1747.5511811023623,2431.0,,0,False
ES9136,Noales,,Ebro,0.6619444444444444,42.45777777777778,0.66125,42.457917,59.4,75.95,76,0.999,True,,1827.4155844155844,2993.0,,0,False
ES9086,Garinoain,,Ebro,-1.6502777777777775,42.6,-1.649583,42.599583,73.8,73.69,76,0.97,True,,633.5379297715516,1153.0,MAIRAGA,1,True
ES1342,Pola De Siero,,Cantabrico,-5.6658333333333335,43.38861111111111,-5.665417,43.38875,36.9,77.23,77,1.003,True,,293.41343944623145,727.0,,0,False
ES9355,Udabe,,Ebro,-1.8166666666666669,42.96638888888889,-1.81625,42.967083,83.9,76.9,77,0.999,True,,709.4041154462855,1200.0,,0,False
ES9238,Maidevera P.P.,,Ebro,-1.7575,41.57,-1.757083,41.570417,57.5,77.76,77,1.01,True,,1017.4103125622139,1495.0,MAIDEVERA,1,True
ES1720,Camponaraya,,Mino-Sil,-6.665555555555556,42.57861111111112,-6.670417,42.57375,666.3,48.95,77,0.636,False,,608.562984296784,987.0,,0,False
ES9109,Valderrobles,,Ebro,0.1319444444444444,40.82416666666667,0.132083,40.824583,47.5,63.4,79,0.802,True,,909.4527824135351,1340.0,PENA,1,True
ES2535,Vegacerneja,,Duero,-5.008333333333334,43.04222222222222,-5.00875,43.042083,37.1,79.19,79,1.002,True,,1465.4788560032632,2052.0,,0,False
ES1252,Puente Pumar,,Cantabrico,-4.405,43.11333333333334,-4.405417,43.11375,57.7,80.18,80,1.002,True,,1243.6745915986,2110.0,,0,False
ES2525,Valsain,,Duero,-4.022222222222222,40.890277777777776,-4.02125,40.890417,83.3,77.39,80,0.967,True,,1603.3610869691174,2409.0,,0,False
ES1402,Vallo,,Cantabrico,-6.985555555555556,42.89361111111111,-6.984583,42.894583,133.1,86.9,80,1.086,True,,1115.5460992907801,1970.0,,0,False
ES1398,Luarca,,Cantabrico,-6.535,43.53,-6.53625,43.530417,111.7,80.52,82,0.982,True,,369.64020356234096,989.0,,0,False
ES8024,Orcheta,,Jucar,-0.2591666666666666,38.55972222222222,-0.25875,38.559583,39.8,80.11,82,0.977,True,,715.5954785954787,1546.7823042647997,,0,False
ES1834,Insua,,Mino-Sil,-7.688055555555556,43.28666666666666,-7.687917,43.28625,47.9,81.28,82,0.991,True,,494.5141439298192,900.5,,0,False
ES9198,Alins,,Ebro,1.3266666666666669,42.55416666666667,1.327917,42.555417,171.9,82.19,83,0.99,True,,2203.430107526882,3099.6666666666665,,0,False
ES1469,Barllobre,,Galicia Costa,-8.201388888888888,43.265,-8.20125,43.265417,47.5,82.39,83,0.993,True,,357.4367197589324,563.0,,0,False
ES9257,Escanilla,,Ebro,0.1905555555555555,42.28777777777778,0.192917,42.285417,327.9,83.04,83,1.001,True,,677.4949310677335,1097.35,,0,False
ES3249,Jabalera,,Tajo,-2.7741666666666664,40.28777777777778,-2.77375,40.287917,38.5,84.03,84,1.0,True,,834.4862869912645,1161.0,,0,False
ES9006,Marañon,,Ebro,-2.4491666666666667,42.62777777777778,-2.44875,42.627917,37.4,84.69,87,0.973,True,,785.4128278850762,1366.0,,0,False
ES9129,Tranquera - C.E.,,Ebro,-1.7786111111111111,41.20722222222223,-1.777083,41.207083,129.6,80.06,87,0.92,True,,977.5517858569716,1262.0,,0,False
ES9154,Peñarroya De Tastavins,,Ebro,0.0227777777777777,40.73805555555556,0.02375,40.737917,84.0,89.02,88,1.012,True,,1049.481837311036,1338.0,,0,False
ES2006,Hoyos Del Espino,,Duero,-5.1819444444444445,40.34111111111111,-5.189583,40.342083,661.4,88.9,88,1.01,True,,1613.6256899147013,2196.0,,0,False
ES3170,Puentes Viejas Madarquillos,,Tajo,-3.584166666666667,41.032777777777774,-3.582917,41.032917,106.3,85.9,88,0.976,True,,1371.4048619532416,2032.9895287958116,,0,False
ES4158,Aroche,,Guadiana,-6.952777777777778,37.97694444444445,-6.952083,37.977917,122.4,88.75,88,1.009,True,,493.41619704136053,788.0,,0,False
ES3280,Cilleros,,Tajo,-6.895277777777777,40.11388888888889,-6.895417,40.11375,19.2,89.96,89,1.011,True,,485.45428571428573,1118.0,,0,False
ES5054,Doctor Jurena,,Guadalquivir,-2.488888888888889,37.89611111111111,-2.489583,37.89625,63.6,83.92,90,0.932,True,,1443.4736712653446,2331.0,,0,False
ES3241,"Rinconada, La",,Tajo,-3.3916666666666666,40.47361111111111,-3.389583,40.472083,246.8,83.53,90,0.928,True,,722.483040040806,876.0,,0,False
ES8097,Montemayor,,Jucar,-2.2244444444444444,38.72527777777778,-2.224583,38.72625,108.3,78.39,90,0.871,True,,1232.5460710249242,1448.0,,0,False
ES3225,Madrigal De La Vera,,Tajo,-5.3566666666666665,40.14888888888889,-5.35625,40.147917,114.0,86.88,90,0.965,True,,1287.7100471157519,2532.0,,0,False
ES1822,Redemuiños,,Mino-Sil,-7.495833333333334,43.30444444444444,-7.497083,43.30375,126.4,91.08,91,1.001,True,,585.3898477429022,949.0,,0,False
ES1835,"Regadas, Las",,Mino-Sil,-8.295833333333333,42.12,-8.294583,42.119583,114.0,90.38,91,0.993,True,,547.69505197055,1080.0,,0,False
ES1525,A Ponte De Lesta,,Galicia Costa,-8.654444444444445,42.97555555555556,-8.65375,42.975417,58.9,92.19,91,1.013,True,,352.3828242973355,558.0,,0,False
ES1528,Negreira,,Galicia Costa,-8.739999999999998,42.90694444444444,-8.739583,42.907083,37.1,91.58,92,0.995,True,,334.5320948367306,517.0,,0,False
ES4206,"Castellones, Los",,Guadiana,-2.583055555555555,39.10333333333333,-2.582917,39.102917,47.8,96.45,92,1.048,True,,956.4999618058208,1099.0,,0,False
ES9320,Montearagon C.E.,,Ebro,-0.3716666666666666,42.23361111111111,-0.37125,42.23375,37.6,96.16,92,1.045,True,,1195.8565596310868,1677.0,SANTA MARIA DE BELSUE,1,True
ES9132,Guiamets - C.E.,,Ebro,0.7761111111111112,41.09972222222223,0.77625,41.100417,77.6,67.37,93,0.724,False,,473.37857142857143,910.6451612903224,,0,False
ES1141,Berriatua,,Cantabrico,-2.4650000000000003,43.31055555555555,-2.464583,43.312083,172.6,92.92,93,0.999,True,,285.4730813609884,957.0,,0,False
ES3266,Camarenilla,,Tajo,-4.051388888888889,40.02611111111111,-4.050417,40.027083,135.0,86.37,94,0.919,True,,615.0,677.0000000000001,,0,False
ES1603,Reguntille,,Mino-Sil,-7.374444444444444,43.17166666666667,-7.374583,43.172083,47.9,93.98,95,0.989,True,,589.4433455537555,1024.0,,0,False
ES1920,Portomouro,,Galicia Costa,-8.650833333333333,42.96333333333334,-8.650417,42.962917,57.9,94.12,95,0.991,True,,348.49590391815246,558.0,,0,False
ES9298,"Peña C.E., La",,Ebro,-0.7880555555555555,42.40916666666666,-0.78625,42.409583,155.5,94.06,95,0.99,True,,857.6626819834005,1491.0,,0,False
ES8014,Tramacastilla,,Jucar,-1.576111111111111,40.41722222222222,-1.57625,40.417083,19.3,98.54,95,1.037,True,,1601.5937082596577,1850.0,,0,False
ES3224,Gargüera,,Tajo,-5.915555555555556,40.009166666666665,-5.914583,40.00875,95.9,71.14,97,0.733,False,,587.2790411800861,1409.0,,0,False
ES8099,Ulldecona Salida Embalse,,Jucar,0.2391666666666666,40.671388888888885,0.239583,40.672083,84.2,94.4,97,0.973,True,,845.340865047623,1341.0,ULLDECONA,1,True
ES2063,Tolibia De Abajo,,Duero,-5.399722222222223,42.9525,-5.400417,42.952917,73.7,96.32,97,0.993,True,,1565.5940581738996,2124.459770114943,,0,False
ES1833,Fraga,,Mino-Sil,-7.736111111111112,43.26805555555556,-7.742917,43.269583,580.2,96.04,97,0.99,True,,512.4854544478061,702.0,,0,False
ES4161,Puebla De Guzman,,Guadiana,-7.262777777777778,37.64138888888889,-7.262083,37.642083,97.2,100.5,98,1.026,True,,204.00000000000003,382.0,,0,False
ES1305,Villaviciosa,,Cantabrico,-5.445833333333334,43.469722222222224,-5.445417,43.469583,37.3,97.81,98,0.998,True,,265.47273420617773,621.2375366568914,,0,False
ES2136,Villallano,,Duero,-4.232222222222222,42.76722222222222,-4.232917,42.76625,121.3,100.64,99,1.017,True,,970.5333348776873,1212.0,,0,False
ES1285,Rales,,Cantabrico,-4.889722222222222,43.40972222222222,-4.890417,43.409583,58.1,99.67,99,1.007,True,,443.67010939314304,1293.6690647482014,,0,False
ES9171,Molino De Gistain,,Ebro,0.3463888888888888,42.6125,0.34625,42.612083,47.5,100.0,100,1.0,True,,2215.5679888283917,3341.0,,0,False
ES3240,Bejar,,Tajo,-5.789166666666667,40.38666666666666,-5.789583,40.387083,58.7,98.12,100,0.981,True,,1315.4444467459296,2430.0,NAVAMUÑO,1,True
ES4247,Calamon,,Guadiana,-6.959722222222222,38.82694444444445,-6.96125,38.827083,134.3,115.33,100,1.153,True,,256.0,403.0,,0,False
ES5088,Riofrio,,Guadalquivir,-4.206944444444445,37.15611111111111,-4.207083,37.15625,19.9,103.99,100,1.04,True,,947.6591234347048,1656.318637274549,,0,False
ES3218,Miranda Del Castañar,,Tajo,-6.006666666666667,40.48527777777778,-6.00625,40.485417,38.3,102.12,101,1.011,True,,971.5429605696164,1701.0,,0,False
ES9271,Canfranc Antiguo,,Ebro,-0.5252777777777778,42.719722222222224,-0.524583,42.719583,59.2,102.63,101,1.016,True,,1947.4905660377358,2859.0,IP,1,True
ES1443,Santa Maria De Mera,,Galicia Costa,-7.908888888888889,43.63944444444444,-7.90875,43.63875,78.2,106.59,102,1.045,True,,353.60602338606657,747.0,,0,False
ES8078,Orcheta,,Jucar,-0.2727777777777778,38.55777777777777,-0.272917,38.557917,19.7,102.35,103,0.994,True,,691.5558615979968,1198.0,RELLEU,1,True
ES4232,Cordobilla,,Guadiana,-6.4325,39.1425,-6.432917,39.142083,58.0,101.91,103,0.989,True,,384.53415349673514,658.0,"BOQUERON, EL|HORNO TEJERO",2,True
ES1585,Pontecaldelas,,Galicia Costa,-8.500277777777777,42.390277777777776,-8.49875,42.390417,126.4,102.07,103,0.991,True,,613.4856717202698,1003.0,,0,False
ES9043,San Pedro Manrique,,Ebro,-2.223055555555556,42.019444444444446,-2.222917,42.019583,19.1,106.32,105,1.013,True,,1285.460820159874,1709.0,,0,False
ES3269,Cereceda,,Tajo,-2.651388888888889,40.63472222222222,-2.65125,40.635417,77.6,106.87,105,1.018,True,,1044.4523797455522,1168.0,,0,False
ES1715,Boeza,,Mino-Sil,-6.2925,42.685,-6.292083,42.685417,57.1,106.17,106,1.002,True,,1363.5485907715945,2086.0,,0,False
ES2109,Salida Embalse De Arlanzon,,Duero,-3.3394444444444447,42.26972222222222,-3.33875,42.269583,59.6,107.26,107,1.002,True,,1409.4787181422957,2114.0,ARLANZON,1,True
ES1446,San Sadurniño,,Galicia Costa,-8.07861111111111,43.5325,-8.077083,43.53375,184.4,107.08,108,0.992,True,,249.4316991358086,600.2747252747253,,0,False
ES1506,A Ponte De Constante,,Galicia Costa,-9.191944444444443,43.00305555555556,-9.192083,43.002917,19.0,109.89,109,1.008,True,,230.4808743169399,525.0,,0,False
ES5135,Mogon,,Guadalquivir,-3.019722222222222,38.074444444444445,-3.019583,38.074583,19.5,109.62,109,1.006,True,,1163.6746031746031,1804.0,AGUASCEBAS,1,True
ES9291,Luna,,Ebro,-0.9280555555555556,42.08305555555556,-0.927917,42.08375,77.7,110.36,109,1.013,True,,480.59132930360136,761.0,,0,False
ES3235,Nuñomoral,,Tajo,-6.189722222222223,40.38361111111111,-6.18875,40.38375,83.9,108.63,109,0.997,True,,811.0707883345723,1575.0,,0,False
ES4284,Cerros Verdes,,Guadiana,-6.1369444444444445,38.998333333333335,-6.137083,38.99875,47.9,69.4,110,0.631,False,,346.45728897122996,539.0,,0,False
ES9046,Lecina,,Ebro,0.0419444444444444,42.21861111111112,0.037083,42.217083,435.0,107.93,110,0.981,True,,917.4290185557792,1433.0,,0,False
ES9235,Moleta De Roni,,Ebro,1.2002777777777778,42.46638888888889,1.200417,42.46625,19.3,109.21,110,0.993,True,,1827.5956929129782,2763.0000000000005,,0,False
ES1440,Pte. Segade (Mañon),,Galicia Costa,-7.733611111111111,43.61888888888889,-7.732083,43.61625,320.1,112.59,112,1.005,True,,489.4880182106643,806.0,,0,False
ES1186,Guriezo,,Cantabrico,-3.329722222222222,43.35444444444445,-3.32625,43.354583,281.9,116.42,112,1.039,True,,369.63461150861633,984.0,,0,False
ES9142,Lumbreras,,Ebro,-2.6222222222222222,42.10027777777778,-2.62375,42.102917,320.3,111.07,113,0.983,True,,1467.448119422651,2163.0,PAJARES,1,True
ES1729,Oencia,,Mino-Sil,-6.956666666666667,42.53361111111111,-6.95625,42.53375,37.3,111.73,113,0.989,True,,1083.4926536829864,1626.6754385964914,,0,False
ES9314,Vitoria,,Ebro,-2.6372222222222224,42.86666666666667,-2.629583,42.867917,638.6,123.04,114,1.079,True,,597.6289478743967,1092.0,,0,False
ES1832,Neira De Rey,,Mino-Sil,-7.211666666666667,42.91972222222222,-7.212083,42.920417,84.8,114.16,115,0.993,True,,741.4939648198964,1082.0,,0,False
ES9153,Horta De San Juan,,Ebro,0.2738888888888889,40.93888888888888,0.274583,40.93875,60.8,116.15,115,1.01,True,,617.5163634046079,1326.0,,0,False
ES3040,Santa Maria Del Val,,Tajo,-2.0308333333333333,40.49638888888889,-2.030417,40.49625,38.8,115.21,116,0.993,True,,1481.4769557307459,1789.0122824974414,,0,False
ES2542,Getino,,Duero,-5.552777777777778,42.94222222222222,-5.552917,42.942083,19.0,116.54,117,0.996,True,,1507.6534571083628,2177.0,,0,False
ES3270,Pareja,,Tajo,-2.6566666666666667,40.55555555555555,-2.65625,40.55625,84.2,83.56,117,0.714,False,,1040.39778273602,1136.0,,0,False
ES1725,Veguellina,,Mino-Sil,-6.779166666666667,42.70805555555556,-6.77875,42.70875,83.9,117.74,118,0.998,True,,1187.8461347869177,1921.0,,0,False
ES2120,Salvatierra,,Duero,-5.655,40.66833333333333,-5.655417,40.667917,57.6,122.71,118,1.04,True,,926.4832820472487,1172.0,,0,False
ES2512,Triollo,,Duero,-4.675000000000001,42.92916666666667,-4.675417,42.92875,57.1,117.17,118,0.993,True,,1699.5984927536235,2477.0,,0,False
ES1483,Carballo,,Galicia Costa,-8.692777777777778,43.21,-8.692083,43.21125,149.1,120.06,118,1.017,True,,218.57195060147768,536.0,,0,False
ES4173,Paymogo,,Guadiana,-7.325277777777777,37.72361111111111,-7.325417,37.72375,19.9,118.6,119,0.997,True,,226.48223563369197,604.0,,0,False
ES4256,Merida,,Guadiana,-6.327222222222222,38.92666666666666,-6.327083,38.92625,47.9,117.0,119,0.983,True,,294.50956275235694,539.0,CORNALBO,1,True
ES5017,"Original, La",,Guadalquivir,-2.781944444444445,37.79555555555555,-2.78125,37.795417,63.7,120.06,120,1.001,True,,1555.5065789473683,2123.0,"PORTILLO, EL",1,True
ES3244,Campillo De Deleitosa,,Tajo,-5.5841666666666665,39.723888888888894,-5.58375,39.72375,39.3,138.65,120,1.155,True,,609.5156217612999,996.0,,0,False
ES2529,Liegos,,Duero,-5.076666666666666,43.02833333333333,-5.075417,43.02875,111.3,123.56,120,1.03,True,,1427.3260357067174,2156.0,,0,False
ES1414,Sueiro,,Cantabrico,-6.876388888888889,43.52861111111111,-6.875417,43.52875,79.8,132.09,123,1.074,True,,379.80929387190406,1182.0,,0,False
ES4209,Malagon,,Guadiana,-3.971111111111111,39.17083333333333,-3.97125,39.17125,47.8,107.56,123,0.874,True,,702.5306247806249,1066.0,,0,False
ES9261,Trasobares,,Ebro,-1.6402777777777775,41.64138888888889,-1.639583,41.642083,95.8,121.28,123,0.986,True,,1059.363900670837,1726.0,,0,False
ES4278,Alcollarin,,Guadiana,-5.741111111111112,39.24194444444444,-5.74375,39.242083,229.4,127.58,124,1.029,True,,417.44739849835594,996.0,ALCOLLARIN,1,True
ES2000,Vinuesa,,Duero,-2.7575,41.91138888888889,-2.75875,41.910417,148.8,117.11,126,0.929,True,,1539.4357003350713,2186.0,,0,False
ES9076,Orbaiceta,,Ebro,-1.1638888888888888,42.98444444444444,-1.16375,42.984583,19.0,125.25,127,0.986,True,,1155.3548955533497,2001.0,IRABIA,1,True
ES5128,Parroso,,Guadalquivir,-5.7444444444444445,37.6425,-5.74375,37.642917,76.1,129.31,128,1.01,True,,325.4152883136173,664.0,,0,False
ES1626,Sarria,,Mino-Sil,-7.384444444444445,42.755833333333335,-7.384583,42.755417,47.5,129.53,129,1.004,True,,801.4932833621089,1463.0,,0,False
ES4130,Corcoles En Cabecera,,Guadiana,-2.563055555555555,39.086666666666666,-2.562917,39.087083,47.4,92.84,129,0.72,False,,960.9353399995928,1099.0,,0,False
ES7177,Tinajon,,Segura,-1.274722222222222,38.14111111111111,-1.274583,38.142083,107.8,131.45,130,1.011,True,,275.4552570018117,1232.3157894736842,,0,False
ES9084,Alloz,,Ebro,-1.9475,42.693888888888885,-1.947083,42.69375,37.7,155.74,132,1.18,True,,797.5824910589333,1233.0365853658536,ALLOZ,1,True
ES2098,Villamanin,,Duero,-5.6577777777777785,42.935,-5.657917,42.934583,47.5,130.36,132,0.988,True,,1483.5981025110398,2177.0,,0,False
ES1638,Carballino,,Mino-Sil,-8.081388888888888,42.43666666666666,-8.08125,42.43625,47.9,132.59,133,0.997,True,,637.3922474140634,1032.0,,0,False
ES9192,Sietamo,,Ebro,-0.2669444444444444,42.12444444444444,-0.267083,42.124583,19.3,133.22,135,0.987,True,,1051.5637081981095,2053.0,VADIELLO,1,True
ES3264,Guadiloba-Caceres,,Tajo,-6.2988888888888885,39.48805555555556,-6.29875,39.48875,77.6,134.51,135,0.996,True,,416.52223305868506,644.0,GUADILOBA,1,True
ES2101,Molinos De Duero,,Duero,-2.785833333333333,41.888888888888886,-2.785417,41.88875,38.1,132.73,135,0.983,True,,1363.5245614674886,2206.0,,0,False
ES1164,Lemona (Arratia),,Cantabrico,-2.7713888888888887,43.20111111111111,-2.77125,43.20125,19.0,138.58,136,1.019,True,,379.4937106918239,1341.0,,0,False
ES5024,Horno Del Vidrio,,Guadalquivir,-3.3597222222222225,37.74638888888889,-3.359583,37.74625,19.8,152.95,136,1.125,True,,1051.3076887661143,2066.5,,0,False
ES9144,Tabescan,,Ebro,1.251111111111111,42.63527777777778,1.25125,42.634583,77.9,130.39,137,0.952,True,,2171.563517915309,3025.0,CERTESCANS|TABESCAN,2,True
ES9143,Arties,,Ebro,0.8791666666666667,42.70194444444445,0.879583,42.702083,37.4,144.23,137,1.053,True,,2115.430337763137,2879.0,VALLE DE ARAN (SISTEMA),1,True
ES1540,Vidaloiso (Bastabales),,Galicia Costa,-8.64861111111111,42.83027777777778,-8.647083,42.830417,125.5,138.05,138,1.0,True,,222.56009683483998,513.0,,0,False
ES9122,Blesa,,Ebro,-0.9016666666666668,41.03583333333333,-0.90125,41.03625,57.7,123.94,138,0.898,True,,1021.5776000668155,1404.0,,0,False
ES1470,A Ponte De Bedoña,,Galicia Costa,-8.256666666666666,43.25666666666667,-8.257083,43.25625,56.9,137.03,139,0.986,True,,238.4996957815035,536.0,,0,False
ES1294,Cangas De Onis,,Cantabrico,-5.126388888888888,43.35194444444445,-5.12625,43.352083,19.0,148.14,139,1.066,True,,403.4989129600737,1874.0,,0,False
ES5038,Puente Blanqueo,,Guadalquivir,-3.516111111111111,37.16333333333333,-3.515417,37.165417,236.9,139.77,139,1.006,True,,1387.4715616240164,2327.0,QUENTAR,1,True
ES2047,Mediana De Voltoya,,Duero,-4.539166666666667,40.71694444444445,-4.53875,40.717083,38.3,131.14,140,0.937,True,,1325.4757265411981,1732.0,,0,False
ES3211,Villarejo De Montalban,,Tajo,-4.566944444444444,39.77111111111111,-4.56625,39.77125,61.4,136.63,140,0.976,True,,785.4770421840486,1346.0,,0,False
ES9318,Urbina,,Ebro,-2.6391666666666667,42.94361111111111,-2.639583,42.942083,172.6,146.81,141,1.041,True,,625.4423114069626,1471.0,ALBIÑA|URRUNAGA,2,True
ES9100,Berge,,Ebro,-0.4227777777777778,40.86194444444445,-0.422083,40.862083,60.6,142.01,141,1.007,True,,1045.4305036118653,1585.0,,0,False
ES9203,Reinosa,,Ebro,-4.147777777777778,42.98833333333334,-4.147917,42.987917,47.5,197.71,142,1.392,False,,1187.5480788815853,2148.0,,0,False
ES5043,Benalua De Las Villas,,Guadalquivir,-3.684444444444445,37.42916666666667,-3.685417,37.42875,97.2,141.99,142,1.0,True,,1045.424985807636,1647.0,,0,False
ES9201,Gallipuen - P.P.,,Ebro,-0.4144444444444444,40.87583333333333,-0.414583,40.874583,138.7,145.58,142,1.025,True,,1041.6003195576461,1585.0,GALLIPUEN,1,True
ES3049,Matallana,,Tajo,-3.330833333333333,41.05305555555555,-3.330417,41.05375,84.1,251.56,143,1.759,False,,1435.4441409987,2257.0,,0,False
ES2536,San Salvador De Cantamuda,,Duero,-4.488055555555556,42.96055555555556,-4.487917,42.960417,19.3,144.08,144,1.001,True,,1379.540711367902,2155.0,,0,False
ES2165,Palacios De La Sierra,,Duero,-3.124722222222222,41.96722222222223,-3.124583,41.967917,77.7,144.75,144,1.005,True,,1225.4896867695186,2038.0,,0,False
ES9155,Biota,,Ebro,-1.1919444444444445,42.26055555555556,-1.19125,42.260417,59.6,145.04,144,1.007,True,,803.6313438121442,1506.0,,0,False
ES2519,Boisan,,Duero,-6.288611111111111,42.37416666666667,-6.287083,42.374583,133.4,145.29,145,1.002,True,,1371.546246841063,2168.293768545994,,0,False
ES9090,"Fayos, Los",,Ebro,-1.7838888888888889,41.8775,-1.78375,41.877083,47.7,141.81,145,0.978,True,,1035.4328840719595,1869.0,VAL,1,True
ES1431,Masma,,Galicia Costa,-7.335833333333333,43.47666666666667,-7.33375,43.47625,175.4,144.94,145,1.0,True,,537.4557432581057,1059.0,,0,False
ES1207,"Cavada, La",,Cantabrico,-3.706944444444445,43.35277777777778,-3.707083,43.352917,19.2,159.98,146,1.096,True,,539.6068076230207,1591.0,,0,False
ES5156,"Cigüeña, La",,Guadalquivir,-6.270833333333333,37.2075,-6.275417,37.20375,575.0,145.0,148,0.98,True,,104.47598657433736,187.0,,0,False
ES9130,Ginaste,,Ebro,0.7147222222222221,42.49611111111111,0.717083,42.49625,195.0,148.42,149,0.996,True,,2071.937500821493,3175.0,BASERCA|LLAUSET,2,True
ES9049,Debanos,,Ebro,-1.9452777777777777,41.905277777777776,-1.942917,41.904583,211.7,150.56,150,1.004,True,,1037.442397498967,1453.0,,0,False
ES4218,Alia,,Guadiana,-5.164444444444444,39.33972222222222,-5.16875,39.339583,372.5,210.27,150,1.402,False,,561.4706085505015,1331.0,,0,False
ES1647,Tuy,,Mino-Sil,-8.636111111111111,42.06638888888889,-8.635417,42.067083,95.3,136.88,150,0.913,True,,129.57335350821126,730.0,,0,False
ES1542,Puente Barazon,,Galicia Costa,-8.020555555555557,42.85805555555556,-8.01875,42.857917,148.5,148.3,150,0.989,True,,544.4834656084656,796.0,,0,False
ES9287,Bijuesca,,Ebro,-1.922222222222222,41.54111111111111,-1.92125,41.54125,82.6,150.37,151,0.996,True,,1137.482836559613,1740.0,,0,False
ES2549,Burgos-Vena,,Duero,-3.6966666666666663,42.34444444444445,-3.692083,42.342083,462.8,628.25,151,4.161,False,,1051.7187180610308,2039.0,ARLANZON|UZQUIZA,2,True
ES4277,Ruecas (Azud),,Guadiana,-5.543055555555555,39.22027777777778,-5.542917,39.220417,19.3,244.48,152,1.608,False,,483.33896506551713,1585.0000000000002,CANCHO DEL FRESNO|LAVADERO O RUECAS (AZUD)|RUECAS,3,True
ES3262,Getafe,,Tajo,-3.5972222222222223,40.30361111111111,-3.602917,40.305417,528.0,143.41,152,0.944,True,,621.0,720.0,,0,False
ES2032,Salida Embalse De Uzquiza,,Duero,-3.373055555555556,42.305277777777775,-3.372917,42.305417,19.1,151.15,153,0.988,True,,1355.4620405756818,2114.0,ARLANZON|UZQUIZA,2,True
ES9020,Puigcerda,,Ebro,1.908611111111111,42.44694444444444,1.909583,42.447917,133.8,145.23,153,0.949,True,,2187.2219407144667,2897.7191011235955,,0,False
ES2068,Caldas De Nocedo,,Duero,-5.400277777777778,42.89805555555556,-5.399583,42.897917,59.0,152.81,154,0.992,True,,1499.2293590548484,2124.2325581395353,,0,False
ES2078,Camposolillo,,Duero,-5.26,42.98861111111111,-5.25875,42.98875,102.9,143.42,154,0.931,True,,1515.4988705266915,2150.0,,0,False
ES1644,Mondariz,,Mino-Sil,-8.457777777777777,42.23694444444445,-8.457917,42.237083,19.4,154.11,155,0.994,True,,563.2925377163252,1146.0,,0,False
ES7019,"Cierva, La (Desembalse)",,Segura,-1.4869444444444444,38.06027777777778,-1.487083,38.059583,77.4,171.78,156,1.101,True,,739.4696461770433,1510.0,"CIERVA, LA",1,True
ES1264,Ojedo,,Cantabrico,-4.611666666666666,43.16166666666666,-4.61125,43.16125,57.7,156.76,157,0.998,True,,947.704347826087,2000.0,,0,False
ES3503,Alameda Del Valle,,Tajo,-3.8425,40.91444444444444,-3.84125,40.914583,106.4,155.29,157,0.989,True,,1595.4336283185842,2414.0,,0,False
ES3276,Torrejon,,Tajo,-6.025277777777777,39.80305555555555,-6.024583,39.802917,61.9,153.63,158,0.972,True,,421.50500203448803,810.7774390243904,,0,False
ES1625,Sarria,,Mino-Sil,-7.411944444444445,42.77583333333333,-7.40875,42.77625,264.6,158.46,160,0.99,True,,747.5667141635794,1463.0,,0,False
ES9190,Quicena,,Ebro,-0.3466666666666666,42.14388888888889,-0.347083,42.14375,37.7,157.76,160,0.986,True,,1011.4549180327868,1677.0,MONTEARAGON|SANTA MARIA DE BELSUE,2,True
ES3281,"Batan, El",,Tajo,-6.42,39.97861111111112,-6.419583,39.97875,38.6,147.43,160,0.921,True,,388.779461126735,600.0,,0,False
ES9062,Binies,,Ebro,-0.7861111111111111,42.65583333333333,-0.78625,42.65625,47.7,162.74,161,1.011,True,,1219.5445207905364,2332.0,,0,False
ES1217,"Penilla, La",,Cantabrico,-3.8761111111111113,43.3175,-3.874583,43.31625,187.2,168.34,161,1.046,True,,339.42934355939366,1223.0,,0,False
ES4264,Sevilleja,,Guadiana,-4.977777777777778,39.45444444444445,-4.977917,39.454583,19.7,108.11,163,0.663,False,,625.4676033805167,1320.0,,0,False
ES5050,Güejar-Sierra,,Guadalquivir,-3.434444444444445,37.15416666666667,-3.434583,37.154583,47.8,155.46,163,0.954,True,,2055.646599891478,3464.0,,0,False
ES1433,San Acisclo,,Galicia Costa,-7.377777777777777,43.55694444444444,-7.377917,43.557083,19.2,164.01,163,1.006,True,,357.34306331723724,1046.174074074074,,0,False
ES4240,Montijo (Lorianilla),,Guadiana,-6.757777777777778,38.96138888888889,-6.75625,38.96125,134.1,162.11,163,0.995,True,,256.53521952172423,529.0,,0,False
ES4123,Gasset,,Guadiana,-3.934444444444445,39.12694444444445,-3.934583,39.127083,19.7,163.0,163,1.0,True,,700.4956045324367,1066.0,GASSET,1,True
ES5144,Casariche,,Guadalquivir,-4.7619444444444445,37.29527777777778,-4.762083,37.295417,19.9,212.88,164,1.298,False,,436.4678599961134,766.0,,0,False
ES2526,Salida Embalse Ponton Alto,,Duero,-4.049722222222222,40.921388888888885,-4.049583,40.922083,77.7,160.33,165,0.972,True,,1555.68208707426,2409.0,PONTON ALTO,1,True
ES2501,Zamarra,,Duero,-6.4494444444444445,40.49138888888889,-6.44875,40.49125,61.2,165.25,166,0.995,True,,907.6424322727012,1718.0,,0,False
ES1824,Guntin,,Mino-Sil,-7.705555555555556,42.88472222222222,-7.705417,42.884583,19.3,165.5,166,0.997,True,,576.4961686024023,780.0,,0,False
ES5095,Tozar,,Guadalquivir,-3.803888888888889,37.36527777777778,-3.80375,37.36625,107.7,267.38,168,1.592,False,,953.496184725632,1531.0,,0,False
ES3048,Pedrezuela-Guadalix,,Tajo,-3.6911111111111112,40.78833333333333,-3.68625,40.78625,474.7,89.93,168,0.535,False,,1147.5357870700027,2080.0,,0,False
ES3278,Valencia De Alcantara,,Tajo,-7.206666666666667,39.46638888888889,-7.207083,39.467083,85.6,167.72,169,0.992,True,,446.5149740024594,637.0,,0,False
ES1940,Riberas Del Sor,,Galicia Costa,-7.706666666666667,43.67777777777778,-7.70625,43.677917,36.7,163.69,169,0.969,True,,449.4783737497039,806.0,,0,False
ES2057,Villovela De Piron,,Duero,-4.124444444444444,41.11305555555556,-4.124583,41.11375,78.0,200.3,172,1.165,True,,1099.3720500545896,2146.417322834646,,0,False
ES2055,San Rafael,,Duero,-4.2425,40.77305555555555,-4.242083,40.772917,38.7,174.33,173,1.008,True,,1347.5791791791792,2180.5,,0,False
ES3031,Hoz Seca,,Tajo,-1.8855555555555557,40.53138888888889,-1.88625,40.53125,60.8,175.25,175,1.001,True,,1605.5204527414041,1933.0,,0,False
ES1586,Sotomayor,,Galicia Costa,-8.556666666666667,42.34,-8.55625,42.34125,142.5,175.21,175,1.001,True,,483.6503266705478,1045.0,,0,False
ES3217,Horcajo De Montemayor,,Tajo,-5.893888888888888,40.42611111111111,-5.892917,40.42625,83.8,177.21,177,1.001,True,,849.5005450361339,1451.0,,0,False
ES1588,"Sobral, O",,Galicia Costa,-8.556666666666667,42.34027777777778,-8.55625,42.34125,112.8,175.21,177,0.99,True,,483.6503266705478,1045.0,,0,False
ES5020,Pinos-Genil,,Guadalquivir,-3.492777777777778,37.1625,-3.492917,37.162917,47.8,181.43,178,1.019,True,,1943.3697286867807,3460.5,CANALES,1,True
ES9196,Torla,,Ebro,-0.1077777777777777,42.63027777777778,-0.107917,42.630417,19.3,177.84,180,0.988,True,,2167.381018046094,3306.4085365853657,,0,False
ES9079,Urroz,,Ebro,-1.4066666666666665,42.77055555555555,-1.407083,42.77125,84.6,202.03,180,1.122,True,,729.4939893894324,1400.0,,0,False
ES3222,Peraleda De San Roman,,Tajo,-5.419722222222222,39.76055555555556,-5.419583,39.760417,19.6,191.1,184,1.039,True,,659.5560652076605,1404.0,,0,False
ES9322,Irurtzun,,Ebro,-1.8369444444444445,42.91944444444445,-1.834583,42.919583,193.5,232.75,184,1.265,False,,717.3936975462508,1415.0,,0,False
ES5136,Santo Tome,,Guadalquivir,-3.104722222222222,38.024166666666666,-3.104583,38.024583,47.4,190.32,185,1.029,True,,739.3574663384092,1796.0000000000002,,0,False
ES1441,"Morgallon, O",,Galicia Costa,-7.694444444444445,43.7025,-7.694583,43.702083,47.5,180.27,185,0.974,True,,437.47767246663835,806.0,,0,False
ES2717,Villaveza De Valverde,,Duero,-5.848055555555555,41.94916666666666,-5.847917,41.94875,47.8,185.13,186,0.995,True,,798.4860244572,1195.0,,0,False
ES1722,Barcena De La Abadia,,Mino-Sil,-6.624444444444445,42.79555555555555,-6.62375,42.795417,59.1,177.51,187,0.949,True,,1227.5206257829743,1953.0,,0,False
ES8087,Belmontejo,,Jucar,-2.345,39.818333333333335,-2.344583,39.81875,58.0,185.83,187,0.994,True,,919.2334381301903,1060.0,,0,False
ES9268,Isaba,,Ebro,-0.9275,42.85916666666667,-0.927083,42.85875,57.7,188.29,188,1.002,True,,1259.2660498026942,2377.0,,0,False
ES3242,Casar De Palomero,,Tajo,-6.264444444444444,40.30277777777778,-6.26375,40.302917,60.8,188.47,188,1.003,True,,739.5780912640257,1576.0,,0,False
ES1564,Caldas De Reis,,Galicia Costa,-8.642222222222221,42.6025,-8.642083,42.602083,47.9,196.94,190,1.037,True,,421.5808999230489,796.0,,0,False
ES4244,"Riscos, Los",,Guadiana,-7.037222222222222,39.13166666666667,-7.037083,39.132083,47.4,485.18,190,2.554,False,,373.5066989994338,961.25,,0,False
ES1455,Ribeiranova,,Galicia Costa,-7.834722222222222,43.455000000000005,-7.834583,43.455417,47.5,133.94,191,0.701,False,,637.5389243979597,1014.0,"RIBEIRA, LA",1,True
ES9158,San Miguel De Pedroso,,Ebro,-3.2133333333333334,42.38638888888889,-3.212083,42.38625,104.4,190.83,192,0.994,True,,1187.4102761991628,2114.0,,0,False
ES1620,Gonday,,Mino-Sil,-7.646666666666666,43.06666666666667,-7.645417,43.067083,111.1,191.69,192,0.998,True,,524.4855132450332,780.0,,0,False
ES9174,"Fayos, Los",,Ebro,-1.7816666666666665,41.88055555555555,-1.782083,41.880417,37.8,192.46,194,0.992,True,,1027.4447993982183,2308.277966101695,VAL,1,True
ES3213,Alcaudete De La Jara,,Tajo,-4.8469444444444445,39.77222222222222,-4.84875,39.77375,231.6,196.42,196,1.002,True,,761.6009041180166,1369.5687583444592,,0,False
ES9058,Jubera,,Ebro,-2.3383333333333334,41.196666666666665,-2.33875,41.197083,58.3,208.55,196,1.064,True,,1166.5213602978167,1306.0,,0,False
ES2160,Castrelo Do Val,,Duero,-7.442222222222222,41.995,-7.442917,41.994583,73.2,188.56,196,0.962,True,,769.5172636937547,1421.6082474226805,,0,False
ES4133,Consuegra,,Guadiana,-3.593888888888889,39.46277777777778,-3.59625,39.464583,287.8,156.58,197,0.795,False,,800.461491113334,1199.0,,0,False
ES2550,Boca De Huergano,,Duero,-4.923333333333334,42.97111111111112,-4.922917,42.972083,112.8,195.73,197,0.994,True,,1587.45093853574,2474.3278688524592,,0,False
ES4263,Anchuras,,Guadiana,-4.820277777777777,39.45055555555556,-4.822083,39.450417,156.4,129.83,197,0.659,False,,717.5465123823942,1408.0,,0,False
ES9186,Sadaba,,Ebro,-1.271111111111111,42.280277777777776,-1.270417,42.280417,59.3,195.77,197,0.994,True,,697.4022997702515,1141.0,,0,False
ES1438,Chavin,,Galicia Costa,-7.591388888888889,43.61833333333333,-7.59125,43.617917,47.9,198.55,198,1.003,True,,499.38811548940123,1039.0,,0,False
ES9255,Ortilla,,Ebro,-0.6236111111111111,42.15333333333333,-0.62375,42.15375,47.7,161.71,200,0.809,True,,547.5301418323344,1561.0,,0,False
ES1512,A Ponte De Truebe,,Galicia Costa,-8.889722222222222,42.99611111111111,-8.889583,42.99625,19.0,201.83,201,1.004,True,,376.4830867318189,558.0,,0,False
ES9230,"Pardina, La",,Ebro,-0.66,41.99444444444445,-0.659583,41.99375,84.7,204.2,202,1.011,True,,426.0,601.0,,0,False
ES3268,Taravillas,,Tajo,-1.9661111111111111,40.67972222222222,-1.96625,40.680417,77.9,188.2,206,0.914,True,,1441.5343138290011,1876.0,,0,False
ES9057,Embid De Ariza,,Ebro,-1.9841666666666664,41.38638888888889,-1.984583,41.38625,38.0,207.76,207,1.004,True,,985.6761310231084,1304.0,,0,False
ES5082,Venta Pantalones,,Guadalquivir,-4.066111111111111,37.64222222222222,-4.065417,37.642083,63.8,214.19,208,1.03,True,,907.4087194843427,1840.0,VIBORAS,1,True
ES3253,Alcantara,,Tajo,-6.993055555555555,39.57305555555556,-6.992917,39.572917,19.7,208.38,208,1.002,True,,334.50711401512365,508.0,,0,False
ES3157,"Vellon, El",,Tajo,-3.625,40.75666666666667,-3.624583,40.757083,57.7,218.94,210,1.043,True,,995.448892447291,2108.652777777778,"VELLON, EL",1,True
ES1378,Grado,,Cantabrico,-6.066388888888889,43.388333333333335,-6.064583,43.38875,152.8,210.04,210,1.0,True,,547.6112106730387,1429.0,,0,False
ES1105,Ereñozu,,Cantabrico,-1.9416666666666669,43.24361111111112,-1.942083,43.24375,37.4,216.15,215,1.005,True,,483.5386299503746,1125.0,AÑARBE,1,True
ES1723,Fabero,,Mino-Sil,-6.6483333333333325,42.757777777777775,-6.64875,42.757917,37.7,215.23,216,0.996,True,,1163.4409462515218,1953.0,,0,False
ES1748,"Pedrazas, Las (Guistolas)",,Mino-Sil,-7.323055555555555,42.33694444444445,-7.322917,42.337083,19.1,215.95,216,1.0,True,,1163.5276750962566,1768.0,CHANDREJA,1,True
ES4227,Olivar De La Frontera,,Guadiana,-6.140000000000001,38.72611111111112,-6.140417,38.72625,39.8,192.63,216,0.892,True,,458.54075410032084,708.5,,0,False
ES9189,Oron,,Ebro,-2.979444444444445,42.67055555555555,-2.97875,42.670417,59.2,214.28,217,0.987,True,,753.553087311621,1345.0,,0,False
ES8137,Tiriez,,Jucar,-2.253888888888889,38.89611111111111,-2.252917,38.89625,85.9,188.83,217,0.87,True,,982.5345757228546,1079.0,,0,False
ES5161,Partido Nuevo,,Guadalquivir,-6.461111111111111,37.19555555555555,-6.46125,37.195417,19.5,218.13,217,1.005,True,,97.31878664039503,178.0,,0,False
ES4164,"Albuera, La",,Guadiana,-6.818055555555556,38.71333333333334,-6.817083,38.712917,97.5,284.23,220,1.292,False,,385.6178750602308,814.0,,0,False
ES2011,Salida Embalse Del Porma,,Duero,-5.296388888888889,42.92527777777777,-5.292917,42.92875,475.5,224.13,220,1.019,True,,1419.4796081434256,2150.0,PORMA / JUAN BENET,1,True
ES4228,Palomas,,Guadiana,-6.068888888888889,38.64972222222222,-6.06875,38.650417,77.5,146.96,221,0.665,False,,489.4983399092636,909.0,,0,False
ES2106,Salida Embalse De Requejada,,Duero,-4.525,42.899166666666666,-4.525417,42.899583,57.8,253.56,221,1.147,True,,1323.4237879405173,2155.0,"REQUEJADA, LA",1,True
ES2150,Pardave,,Duero,-5.507777777777778,42.82361111111111,-5.507917,42.82375,19.3,257.89,222,1.162,True,,1387.6091999085236,2177.0,,0,False
ES9044,Yanguas,,Ebro,-2.332222222222222,42.10472222222222,-2.332083,42.104583,19.3,225.98,223,1.013,True,,1329.5413031706878,1785.0,,0,False
ES3251,"Pueblanueva, La",,Tajo,-4.705,39.91861111111111,-4.70375,39.91875,108.0,224.27,223,1.006,True,,641.5065052020427,1201.2028301886792,,0,False
ES9270,Pamplona,,Ebro,-1.6669444444444443,42.7975,-1.665417,42.797083,133.9,226.89,224,1.013,True,,597.2999328930173,1342.38995215311,,0,False
ES3234,Jaraiz De La Vera,,Tajo,-5.7138888888888895,40.005833333333335,-5.712917,40.005417,95.9,224.89,224,1.004,True,,683.5055038103302,2250.0,,0,False
ES9131,Llesp,,Ebro,0.7552777777777778,42.45166666666667,0.755417,42.452083,47.5,233.82,225,1.039,True,,2119.615526347071,2981.0,CAVALLERS,1,True
ES2108,Salida Embalse De Camporredondo,,Duero,-4.7444444444444445,42.89527777777778,-4.742083,42.895417,193.4,229.39,227,1.011,True,,1651.4849702885874,2506.0,CAMPORREDONDO,1,True
ES4257,Mirandilla,,Guadiana,-6.287222222222222,39.06555555555556,-6.287083,39.06625,77.5,223.35,228,0.98,True,,381.42036046268345,992.0,,0,False
ES5138,Puertollano,,Guadalquivir,-4.019166666666667,38.659444444444446,-4.01875,38.659583,39.3,212.92,228,0.934,True,,724.4752066115702,1080.0,,0,False
ES3250,Trujillo,,Tajo,-5.925833333333333,39.4575,-5.925417,39.457917,57.9,164.78,231,0.713,False,,502.5039126834216,884.0,,0,False
ES1363,Vega Del Rey,,Cantabrico,-5.816388888888889,43.12,-5.815417,43.120417,91.1,234.79,232,1.012,True,,1107.6270900250104,2375.0,,0,False
ES3100,Villalba,,Tajo,-4.005833333333333,40.62805555555556,-4.005417,40.62875,84.2,229.83,234,0.982,True,,1083.4813931006854,2143.0,"JAROSA, LA|NAVALMEDIO",2,True
ES9066,Arive,,Ebro,-1.2558333333333334,42.94611111111111,-1.255417,42.94625,37.2,222.3,236,0.942,True,,1091.3957759063169,2001.0,IRABIA,1,True
ES3054,Pesadilla,,Tajo,-3.6119444444444446,40.69472222222222,-3.612083,40.694583,19.2,239.64,238,1.007,True,,971.4065144523439,2080.0,"VELLON, EL",1,True
ES9018,Jaca,,Ebro,-0.5544444444444445,42.57861111111112,-0.55375,42.57875,59.0,243.35,238,1.022,True,,1559.9249118247635,2859.0,IP,1,True
ES3273,Velilla De San Antonio,,Tajo,-3.4827777777777778,40.36388888888889,-3.482917,40.36375,19.3,237.86,238,0.999,True,,780.4557484103799,913.0,,0,False
ES3200,Sotoserrano,,Tajo,-6.014166666666667,40.42444444444444,-6.012917,40.425417,149.9,237.78,239,0.995,True,,955.3396932197809,2430.0,NAVAMUÑO,1,True
ES9067,Olave,,Ebro,-1.606666666666667,42.89055555555556,-1.60625,42.890417,37.5,231.26,240,0.964,True,,669.4566747963739,1404.0,,0,False
ES2123,Barbadillo Del Pez,,Duero,-3.230277777777778,42.1075,-3.229583,42.107083,74.3,239.28,240,0.997,True,,1355.3858977348812,2114.0,,0,False
ES4276,Sierra Brava,,Guadiana,-5.656388888888889,39.17472222222222,-5.65625,39.174583,19.7,218.94,240,0.912,True,,393.52859431584346,1124.2105263157896,SIERRA BRAVA,1,True
ES5056,Gerena,,Guadalquivir,-6.189444444444445,37.52388888888889,-6.18875,37.52375,63.9,155.21,240,0.647,False,,290.48661613067003,559.0,,0,False
ES8104,Los Santos,,Jucar,-1.288611111111111,40.10805555555556,-1.28875,40.107917,19.3,241.22,241,1.001,True,,1305.4929003131144,1715.0,,0,False
ES9034,Mansilla,,Ebro,-2.9066666666666667,42.16166666666666,-2.90625,42.16125,58.0,240.12,242,0.992,True,,1371.627230813563,2084.416666666667,MANSILLA,1,True
ES2719,Brime De Urz,,Duero,-5.872777777777778,42.03944444444444,-5.872917,42.040417,108.7,232.86,243,0.958,True,,778.4542794495125,991.9999999999999,,0,False
ES3069,Santillana,,Tajo,-3.818611111111111,40.70722222222223,-3.819583,40.707083,83.6,239.9,244,0.983,True,,1107.4869707495677,2372.0,NAVACERRADA|SANTILLANA,2,True
ES3196,Pinilla,,Tajo,-3.775555555555556,40.943888888888885,-3.77625,40.945417,180.0,247.68,246,1.007,True,,1523.5594465049226,2414.0,PINILLA,1,True
ES5041,Molino Del Tuerto,,Guadalquivir,-3.702777777777778,37.35111111111111,-3.702917,37.352083,108.2,280.18,246,1.139,True,,1041.56284342245,1648.5,COLOMERA,1,True
ES3237,Romanones,,Tajo,-3.0238888888888886,40.54472222222222,-3.020417,40.54625,337.9,317.73,247,1.286,False,,984.4852754590983,1073.0,,0,False
ES1464,Muñiferal,,Galicia Costa,-8.05638888888889,43.248333333333335,-8.05625,43.247917,47.9,245.53,248,0.99,True,,517.5257530182539,825.0,,0,False
ES2520,Velilla De La Valduerna,,Duero,-6.146666666666667,42.324444444444445,-6.147917,42.32375,127.7,245.26,248,0.989,True,,1267.5516642900793,2169.0,,0,False
ES1574,Campo Lameiro,,Galicia Costa,-8.537222222222223,42.52333333333333,-8.537083,42.52375,47.5,250.1,248,1.008,True,,577.4812195619842,1010.5,,0,False
ES4172,Paymogo,,Guadiana,-7.279722222222222,37.69583333333333,-7.279583,37.69625,47.4,251.64,250,1.007,True,,229.61630834613047,640.0,,0,False
ES8126,Venta De Juan Romero,,Jucar,-1.8486111111111112,40.221944444444446,-1.844583,40.222917,359.1,259.48,250,1.038,True,,1497.4970599285296,1849.75,,0,False
ES1497,As Casasnovas,,Galicia Costa,-9.11,43.13583333333333,-9.10875,43.13625,110.9,251.12,251,1.0,True,,229.4410628938561,551.0,,0,False
ES1163,Lemona (Ibaizabal),,Cantabrico,-2.755,43.211666666666666,-2.754583,43.212917,142.5,252.57,251,1.006,True,,291.4234657271931,1282.0,,0,False
ES2050,Segovia,,Duero,-4.14638888888889,40.95194444444445,-4.14625,40.952083,19.2,248.32,252,0.985,True,,1323.5163753897202,2409.0,PONTON ALTO,1,True
ES3246,Ayuela,,Tajo,-6.487777777777778,39.33444444444444,-6.485417,39.335417,228.8,306.5,252,1.216,False,,400.44982276920365,688.0,,0,False
ES3193,Torote,,Tajo,-3.4202777777777778,40.46944444444445,-3.420417,40.469583,19.5,253.66,252,1.007,True,,798.5141944543877,954.0,,0,False
ES2052,Guijas Albas,,Duero,-4.282777777777778,40.81972222222223,-4.28375,40.822083,275.5,230.79,252,0.916,True,,1283.3377259949016,2181.6666666666665,,0,False
ES2021,Cervera De Pisuerga,,Duero,-4.503055555555555,42.87222222222222,-4.502917,42.872083,19.3,264.33,253,1.045,True,,1315.5797643487379,2155.0,"REQUEJADA, LA",1,True
ES3173,"Peraleja, La",,Tajo,-2.5475,40.2625,-2.547083,40.262917,57.8,260.81,253,1.031,True,,916.4994330481393,1232.0,,0,False
ES1175,Sodupe,,Cantabrico,-3.0458333333333334,43.20111111111111,-3.044583,43.20125,102.7,254.97,255,1.0,True,,387.57616211304054,1179.0,,0,False
ES2149,Fresno-Alhandiga,,Duero,-5.605555555555555,40.708333333333336,-5.607917,40.71125,383.1,40.08,255,0.157,False,,952.9999999999999,1022.0,,0,False
ES4233,Aljucen,,Guadiana,-6.34,39.04583333333333,-6.340417,39.04875,325.6,251.99,255,0.988,True,,373.46964597039994,992.0,,0,False
ES3233,Valdecaba Baja,,Tajo,-3.8922222222222222,39.89111111111111,-3.889583,39.892083,249.1,264.55,256,1.033,True,,741.4746367272224,1222.0,,0,False
ES8118,Valverde De Jucar,,Jucar,-2.1975,39.73777777777778,-2.197083,39.737917,38.8,268.59,257,1.045,True,,1014.7397268515732,1205.0,,0,False
ES2716,Camarzana-Regato,,Duero,-6.018055555555556,41.998333333333335,-6.019583,41.997083,186.4,253.33,257,0.986,True,,829.4138722457321,1300.0,,0,False
ES7168,"Pliego, Rio En Mula",,Segura,-1.497777777777778,38.01833333333333,-1.497917,38.017917,47.4,254.53,257,0.99,True,,555.4362917238782,1552.938053097345,,0,False
ES5014,Ballesteros,,Guadalquivir,-2.654722222222222,37.85111111111111,-2.655417,37.850417,97.4,165.27,259,0.638,False,,1331.2977039924372,2364.707729468599,SAN CLEMENTE,1,True
ES3279,Trujillo,,Tajo,-5.91,39.605555555555554,-5.909583,39.60625,84.2,290.21,260,1.116,True,,482.5067368668085,765.0,,0,False
ES8057,Montaberner,,Jucar,-0.4997222222222222,38.89083333333333,-0.499583,38.89125,47.4,260.34,261,0.997,True,,537.505626569131,1118.0,,0,False
ES3198,Villamantilla,,Tajo,-4.136666666666667,40.36972222222222,-4.13625,40.370417,84.2,262.34,261,1.005,True,,665.4459897022136,1456.0,,0,False
ES9283,Villarcayo,,Ebro,-3.5733333333333333,42.946666666666665,-3.57375,42.94625,57.1,262.74,262,1.003,True,,865.4896356098626,1501.966804979253,,0,False
ES9187,Erla,,Ebro,-0.9461111111111112,42.11611111111111,-0.944583,42.11625,127.4,261.13,263,0.993,True,,715.4750443643549,1457.3523537803137,,0,False
ES2502,Robleda,,Duero,-6.675833333333333,40.36333333333334,-6.675417,40.36375,57.7,261.93,263,0.996,True,,901.5398436576678,1476.0,,0,False
ES3254,Aragosa,,Tajo,-2.728055555555556,40.96138888888889,-2.727917,40.96125,19.5,206.8,263,0.786,False,,1126.4841651092167,1306.0,,0,False
ES1830,Baños De Molgas,,Mino-Sil,-7.674722222222223,42.24138888888889,-7.675417,42.242083,96.9,262.54,264,0.994,True,,715.4798841086935,1604.0,,0,False
ES1365,Moreda,,Cantabrico,-5.730833333333334,43.16722222222222,-5.730417,43.167917,83.8,270.81,265,1.022,True,,1043.3393346615949,2096.0,,0,False
ES3221,Bohonal De Ibor,,Tajo,-5.519722222222222,39.77166666666667,-5.51875,39.772083,94.7,268.19,266,1.008,True,,771.4505397075588,1569.0,,0,False
ES8128,Tibi (Embalse),,Jucar,-0.5569444444444445,38.5,-0.557083,38.500417,47.7,264.23,267,0.99,True,,753.5274908237789,1345.0,TIBI,1,True
ES5084,Puente Jontoya,,Guadalquivir,-3.751388888888889,37.76,-3.75125,37.759583,47.8,292.09,269,1.086,True,,987.3656986513852,1810.3143189755529,QUIEBRAJANO,1,True
ES1274,Poncebos,,Cantabrico,-4.830555555555556,43.259166666666665,-4.832083,43.262917,436.2,196.5,270,0.728,False,,1463.5278669366778,2584.0,CAMARMEÑA,1,True
ES2049,Cabañes De Esgueva,,Duero,-3.7905555555555552,41.82972222222222,-3.79125,41.829583,59.6,270.48,271,0.998,True,,969.8290641314586,1411.0,,0,False
ES3018,Puente Batan,,Tajo,-3.823888888888888,40.687777777777775,-3.822917,40.687917,83.6,256.09,275,0.931,True,,1075.548179694445,2369.53,NAVACERRADA|SANTILLANA,2,True
ES3065,Palmaces,,Tajo,-2.9408333333333334,41.05,-2.94125,41.049583,57.6,275.0,275,1.0,True,,1101.5938683862487,1492.7795275590552,PALMACES,1,True
ES9073,Sangüesa,,Ebro,-1.2552777777777775,42.551944444444445,-1.254583,42.552917,121.5,230.9,275,0.84,True,,747.5620993698103,1505.2482517482517,,0,False
ES2138,Castro De La Lomba,,Duero,-5.956666666666667,42.76805555555556,-5.95625,42.76875,83.9,275.58,276,0.998,True,,1419.4102773908646,2139.0,,0,False
ES9315,Mendivil,,Ebro,-2.628055555555556,42.907222222222224,-2.629583,42.907917,147.5,308.28,277,1.113,True,,617.4791771852962,1487.9999999999998,ULLIVARRI,1,True
ES1471,Cambre,,Galicia Costa,-8.331944444444444,43.28666666666666,-8.332917,43.287083,92.1,277.48,277,1.002,True,,209.52571924895716,536.0,,0,False
ES9088,Pitarque,,Ebro,-0.6,40.62611111111112,-0.599583,40.62625,38.4,277.96,279,0.996,True,,1569.5590651611212,1997.0,,0,False
ES2089,Morla De La Valderia,,Duero,-6.2525,42.2225,-6.252083,42.222917,57.2,280.53,280,1.002,True,,1323.4058644134188,2168.3333333333335,,0,False
ES2016,Pajares De Pedraza,,Duero,-3.854722222222222,41.16722222222222,-3.85375,41.167083,83.4,267.75,280,0.956,True,,1171.4013787259007,2207.0,,0,False
ES1100,Legasa,,Cantabrico,-1.6455555555555554,43.13055555555555,-1.644583,43.130417,80.8,285.32,280,1.019,True,,523.5403414797455,1404.0,,0,False
ES2125,Sotopalacios,,Duero,-3.6825,42.42333333333333,-3.679583,42.427917,559.7,287.78,281,1.024,True,,954.1579528290926,1086.0,,0,False
ES9197,Leza De Rio Leza,,Ebro,-2.4077777777777776,42.33027777777778,-2.407917,42.330417,19.3,283.25,283,1.001,True,,1139.4540400937058,1752.22,TERROBA,1,True
ES2105,Santervas De Campos,,Duero,-5.096666666666667,42.215833333333336,-5.09625,42.215417,58.1,278.14,283,0.983,True,,874.8701436509477,1205.0,,0,False
ES3165,Valverde De Los Arroyos,,Tajo,-3.193888888888889,41.135,-3.19375,41.134583,47.8,278.97,284,0.982,True,,1425.538107526882,2005.0,,0,False
ES9035,Villoslada De Cameros,,Ebro,-2.6533333333333333,42.12583333333333,-2.652083,42.12625,112.9,282.91,285,0.993,True,,1467.426959891324,2162.3582214765106,PAJARES,1,True
ES2718,Genestacio,,Duero,-5.85,42.195277777777775,-5.847083,42.194583,254.2,273.62,285,0.96,True,,849.5253468668997,1701.0,,0,False
ES2147,Ambasaguas,,Duero,-5.3775,42.70888888888889,-5.379583,42.707083,261.5,283.25,285,0.994,True,,1315.5096574215243,2123.1634241245138,,0,False
ES9349,Oroz Betelu,,Ebro,-1.3033333333333337,42.89194444444444,-1.302917,42.892083,37.3,295.61,286,1.034,True,,1051.3563759051544,2001.0,IRABIA,1,True
ES1645,Puenteareas,,Mino-Sil,-8.511111111111111,42.18083333333333,-8.51125,42.18125,47.9,277.18,286,0.969,True,,395.51281549598906,1146.0,,0,False
ES4212,Alia,,Guadiana,-5.029444444444445,39.376666666666665,-5.030417,39.37625,95.1,254.95,287,0.888,True,,635.4173733324332,1410.0,,0,False
ES2141,Pinilla De Los Moros,,Duero,-3.327777777777777,42.065,-3.32625,42.064583,135.4,286.1,288,0.993,True,,1307.370317227444,2108.9999999999995,,0,False
ES1473,A Telva,,Galicia Costa,-8.356666666666666,43.29444444444445,-8.35625,43.294583,36.9,287.62,289,0.995,True,,201.43059917335648,536.0,,0,False
ES1265,Ojedo,,Cantabrico,-4.6125,43.16166666666666,-4.612917,43.16125,57.0,299.51,290,1.033,True,,1127.638185202888,2552.0,,0,False
ES9166,Virues,,Ebro,-3.357222222222222,42.80805555555556,-3.357083,42.807917,19.3,295.63,290,1.019,True,,737.4729530942695,1217.0,,0,False
ES2713,Santiago De La Valduerna,,Duero,-5.925277777777778,42.31027777777778,-5.927917,42.312083,298.2,367.66,290,1.268,False,,1139.5092274790047,2168.177993527508,,0,False
ES5151,"Partido, El",,Guadalquivir,-6.457777777777778,37.17444444444444,-6.457083,37.174583,63.5,272.89,291,0.938,True,,90.49429076159365,178.0,,0,False
ES4229,Alange (Valdemedel),,Guadiana,-6.295833333333333,38.700833333333335,-6.295417,38.70125,58.1,187.59,293,0.64,False,,450.5228646321422,644.0,,0,False
ES2166,Salida Embalse De Castrovido,,Duero,-3.2494444444444444,42.04555555555555,-3.249583,42.04625,78.0,338.86,293,1.157,True,,1211.338495987514,2037.5497630331756,,0,False
ES1831,Ginzo De Limia,,Mino-Sil,-7.736111111111112,42.06083333333333,-7.73625,42.057917,324.0,293.79,293,1.003,True,,769.583787062903,1514.0,,0,False
ES1404,San Antolin,,Cantabrico,-6.875277777777778,43.05555555555555,-6.875417,43.055417,19.0,303.64,294,1.033,True,,1059.4633726647003,1938.229219143577,,0,False
ES9138,Moneva - C.E.,,Ebro,-0.8388888888888889,41.13111111111111,-0.83625,41.13125,222.6,279.94,296,0.946,True,,877.4771588753172,1404.0,,0,False
ES5145,"Pedroso, El",,Guadalquivir,-5.733055555555556,37.85333333333333,-5.732083,37.85375,96.6,297.39,297,1.001,True,,601.4943486144788,894.0,,0,False
ES9250,Bubal,,Ebro,-0.3163888888888889,42.678888888888885,-0.31625,42.67875,19.2,297.94,298,1.0,True,,1927.5541068144464,3080.0681818181815,AGUAS LIMPIAS (SISTEMA)|ALTO CALDARES (SISTEMA)|BUBAL|ESCARRA (SISTEMA)|LANUZA,5,True
ES2080,Puebla De Sanabria,,Duero,-6.631666666666667,42.05638888888888,-6.63125,42.057083,83.9,303.28,298,1.018,True,,1483.3874579639253,2098.0,MONCABRIL (SISTEMA),1,True
ES9251,Cervera Del Rio Alhama,,Ebro,-1.9513888888888888,42.00722222222223,-1.95125,42.007083,19.3,298.56,299,0.999,True,,1051.458280667772,1590.4836363636364,,0,False
ES1617,Guitiriz,,Mino-Sil,-7.793888888888889,43.17194444444444,-7.79375,43.172917,108.5,302.67,301,1.006,True,,514.4873677321531,833.0,,0,False
ES4213,Valdecaballeros,,Guadiana,-5.164166666666668,39.30694444444444,-5.162083,39.30875,266.6,320.66,303,1.058,True,,549.5382124148356,1330.41647597254,,0,False
ES1109,Echabe,,Cantabrico,-2.2344444444444447,43.26694444444444,-2.234583,43.267083,19.2,306.23,304,1.007,True,,419.32576960063017,1398.0,,0,False
ES1628,Puebla De San Julian,,Mino-Sil,-7.4430555555555555,42.85944444444445,-7.442083,42.859583,80.7,305.52,307,0.995,True,,611.6062526035012,1463.0,,0,False
ES2037,Salida Embalse De Compuerto,,Duero,-4.833333333333333,42.85277777777778,-4.83375,42.852917,37.6,312.62,307,1.018,True,,1587.468605994522,2475.324074074074,CAMPORREDONDO|COMPUERTO,2,True
ES9075,Berantevilla,,Ebro,-2.8841666666666668,42.68083333333333,-2.88375,42.68125,57.2,307.81,307,1.003,True,,685.4035976007216,1174.0,,0,False
ES1244,Arenas De Iguña,,Cantabrico,-4.060277777777777,43.20583333333334,-4.059583,43.205417,73.4,308.96,307,1.006,True,,723.6275355683898,1437.0,ALSA - MEDIAJO,1,True
ES4239,Montijo (Alcazaba),,Guadiana,-6.738611111111111,38.94833333333333,-6.74125,38.949583,270.6,301.75,308,0.98,True,,266.48276840713385,649.0,,0,False
ES1550,Basebe,,Galicia Costa,-8.272222222222224,42.82416666666667,-8.272083,42.824583,47.5,1287.36,309,4.166,False,,525.5093882853095,1152.0,PORTODEMOUROS,1,True
ES9070,Eraul,,Ebro,-2.048611111111111,42.69166666666666,-2.047917,42.692083,73.0,167.13,309,0.541,False,,781.6167400881058,1240.0,,0,False
ES9021,Puigcerda,,Ebro,1.9330555555555555,42.42361111111111,1.937083,42.42125,424.5,305.42,311,0.982,True,,1851.699745152736,2897.542372881356,,0,False
ES1522,Vilacide De Arriba,,Galicia Costa,-8.455555555555556,42.990833333333335,-8.455417,42.99125,47.5,319.52,311,1.027,True,,352.4622141450855,590.6666666666666,VILLAGUDIN,1,True
ES2041,Villalcazar De Sirga,,Duero,-4.523888888888889,42.32222222222222,-4.52125,42.322917,230.0,308.4,312,0.988,True,,910.506484878246,1142.0,,0,False
ES4207,Malagon (P. Derv.) Vertidos,,Guadiana,-3.879722222222222,39.175,-3.87375,39.172917,570.7,328.63,312,1.053,True,,824.5064337048674,1102.0,,0,False
ES3146,"Torno, El",,Tajo,-5.945833333333334,40.11138888888889,-5.945417,40.11125,39.1,314.17,313,1.004,True,,1123.6517073742166,2390.0,,0,False
ES5097,Puente De Los Piedros,,Guadalquivir,-4.60361111111111,37.37,-4.60375,37.370417,47.9,306.53,314,0.976,True,,515.4427666324195,1458.0,,0,False
ES1343,San Cucao,,Cantabrico,-5.893055555555555,43.418055555555554,-5.89375,43.417917,58.1,314.79,314,1.003,True,,249.51624390607137,727.0,,0,False
ES2127,Tarazona De Guareña,,Duero,-5.2652777777777775,41.13972222222222,-5.265417,41.142083,262.3,322.14,315,1.023,True,,829.0188207041236,936.0,,0,False
ES9215,Cerveruela,,Ebro,-1.2127777777777775,41.215833333333336,-1.212917,41.21625,47.7,353.19,315,1.121,True,,969.4655066353591,1496.0000000000002,,0,False
ES8012,Horcajo,,Jucar,-0.7513888888888889,40.144444444444446,-0.752083,40.145417,123.5,322.24,315,1.023,True,,1339.4894831132638,2009.534059945504,,0,False
ES2532,Sena De Luna,,Duero,-5.966944444444445,42.928888888888885,-5.967083,42.92875,19.0,314.38,317,0.992,True,,1523.4893470437771,2391.0,,0,False
ES9165,Miranda De Ebro,,Ebro,-2.9280555555555554,42.68888888888888,-2.92875,42.68875,58.8,306.93,318,0.965,True,,697.5504232948474,1474.0,,0,False
ES2090,Fuenteguinaldo,,Duero,-6.597222222222222,40.43361111111111,-6.597083,40.43375,19.2,343.05,320,1.072,True,,881.4913642884353,1476.0,,0,False
ES4248,San Servan,,Guadiana,-6.461111111111111,38.85333333333333,-6.460417,38.85375,75.3,108.03,320,0.338,False,,314.4927517872682,599.0,,0,False
ES8029,Montaberner,,Jucar,-0.4955555555555556,38.89194444444444,-0.495417,38.892083,19.4,319.7,320,0.999,True,,497.489066888868,1118.0,,0,False
ES4176,Rosal De La Frontera,,Guadiana,-7.2125,37.95111111111111,-7.212917,37.95125,40.2,323.09,320,1.01,True,,385.4560821211422,788.0,,0,False
ES9145,Eriste,,Ebro,0.4713888888888889,42.57888888888889,0.472083,42.57875,59.3,282.92,323,0.876,True,,2263.467730754981,3343.0,LINSOLES,1,True
ES4131,Corcoles En Socuellamos,,Guadiana,-2.7919444444444443,39.301944444444445,-2.787917,39.30375,399.2,331.43,324,1.023,True,,890.5310565239545,1099.0,,0,False
ES4271,Serena (Guadalemar),,Guadiana,-4.9783333333333335,39.0425,-4.97875,39.042083,58.1,208.11,324,0.642,False,,588.5354968485987,866.0,,0,False
ES9139,Igea,,Ebro,-2.011388888888889,42.074444444444445,-2.01125,42.074583,19.1,324.79,326,0.996,True,,1155.5275625035704,1709.0,,0,False
ES1942,Santa Eulalia,,Mino-Sil,-7.126666666666666,42.33888888888889,-7.127083,42.33875,37.4,319.17,326,0.979,True,,1187.4435695869777,2107.0,PRADA|SANTA EULALIA,2,True
ES8148,Jerica,,Jucar,-0.5458333333333333,39.89388888888889,-0.54625,39.894583,85.1,329.41,327,1.007,True,,987.46917323164,1610.0,,0,False
ES2159,Quintanadueñas,,Duero,-3.7286111111111113,42.38805555555555,-3.72625,42.387083,223.8,328.87,328,1.003,True,,947.0000000000002,1086.0,,0,False
ES1546,Ponte Cirela,,Galicia Costa,-8.101944444444444,42.77777777777778,-8.10375,42.777917,148.7,328.34,328,1.001,True,,637.4568166561725,1176.0,,0,False
ES3148,Borbollon,,Tajo,-6.579722222222222,40.125277777777775,-6.579583,40.125417,19.2,331.06,329,1.006,True,,459.38906693274595,1352.944099378882,BORBOLLON,1,True
ES4208,Azud De Derivacion A Embalse Gasset,,Guadiana,-3.8775,39.17555555555556,-3.87375,39.172917,440.8,328.63,333,0.987,True,,824.5064337048674,1102.0,,0,False
ES3255,Torre Del Burgo,,Tajo,-3.081111111111112,40.79694444444444,-3.082083,40.797917,136.5,264.45,333,0.794,False,,992.4627754208294,1157.0,,0,False
ES5027,Ruinas De Puente,,Guadalquivir,-3.536666666666666,38.13861111111111,-3.53625,38.13875,39.5,717.21,334,2.147,False,,757.4168651223207,1196.3738317757009,"FERNANDINA, LA",1,True
ES9177,Batea,,Ebro,0.2094444444444444,41.10638888888889,0.209583,41.10625,19.4,323.26,335,0.965,True,,475.41846720823366,1325.1147540983607,,0,False
ES1754,"Ponte, La",,Mino-Sil,-7.341944444444444,42.51027777777778,-7.342917,42.510417,81.6,340.37,337,1.01,True,,939.459387528443,1627.0,,0,False
ES2070,"Robla, La",,Duero,-5.631666666666667,42.80833333333333,-5.632083,42.807917,57.1,336.29,340,0.989,True,,1379.4150206057236,2177.0,CASARES DE ARBAS,1,True
ES5104,Mengibar-Guadiel,,Guadalquivir,-3.7777777777777777,38.03111111111111,-3.777083,38.030417,99.1,345.54,341,1.013,True,,378.5084498128249,631.0,,0,False
ES9181,"Pobla De Segur, La",,Ebro,0.9641666666666666,42.24638888888889,0.964583,42.247083,84.1,350.83,342,1.026,True,,1415.1971810721222,2896.0,CAPDELLA (SISTEMA)|SALLENTE,2,True
ES1201,Ramales,,Cantabrico,-3.461666666666667,43.263888888888886,-3.46125,43.26375,37.4,316.24,343,0.922,True,,595.3057817503607,1616.0,,0,False
ES2152,"Robla, La (C. Termica)",,Duero,-5.633611111111111,42.80555555555555,-5.632917,42.805417,59.1,342.32,343,0.998,True,,1371.3187026616563,2177.0,CASARES DE ARBAS,1,True
ES1335,"Condado, El",,Cantabrico,-5.488611111111111,43.23166666666667,-5.48875,43.232083,47.8,333.98,343,0.974,True,,1059.555300692681,2017.0000000000002,RIOSECO|TANES,2,True
ES9095,Barbastro,,Ebro,0.1316666666666666,42.02916666666667,0.132917,42.029583,113.2,342.93,345,0.994,True,,659.475380599928,1433.0,,0,False
ES3045,Priego (Escabas),,Tajo,-2.3113888888888887,40.44361111111111,-2.31125,40.44375,19.3,342.29,345,0.992,True,,1289.6028537042607,1787.0,,0,False
ES1424,Ribeira De Piquin,,Cantabrico,-7.199166666666667,43.17944444444444,-7.19875,43.179583,37.0,347.4,346,1.004,True,,705.4746505942028,1101.3333333333333,,0,False
ES9061,Javierregay,,Ebro,-0.7544444444444445,42.57694444444445,-0.754583,42.577083,19.3,351.2,348,1.009,True,,1315.593532958506,2640.0,,0,False
ES3004,Puente Taboada,,Tajo,-3.721111111111111,40.94194444444444,-3.72125,40.942083,19.5,315.5,349,0.904,True,,1467.3169732305637,2414.0,PINILLA,1,True
ES2028,Salas De Los Infantes,,Duero,-3.2777777777777777,42.03444444444444,-3.277917,42.035417,108.6,356.34,349,1.021,True,,1203.532281261367,2037.5497630331756,,0,False
ES9188,Berguenda,,Ebro,-3.044722222222222,42.78361111111111,-3.044583,42.782917,78.0,343.94,350,0.983,True,,757.5833915274296,1348.0,,0,False
ES3501,Abanades,,Tajo,-2.4869444444444446,40.89083333333333,-2.487917,40.89125,94.8,344.59,351,0.982,True,,1148.6916138340919,1376.0,,0,False
ES4272,Serena (Siruela),,Guadiana,-4.945833333333334,39.01305555555555,-4.94625,39.012917,39.1,196.6,352,0.559,False,,606.535052729359,841.0,,0,False
ES1765,Rivas Altas,,Mino-Sil,-7.478333333333333,42.555,-7.477917,42.555417,57.1,353.55,353,1.002,True,,565.5349808425345,1296.9999999999998,VILASOUTO,1,True
ES3201,Molino De Chincha,,Tajo,-2.1558333333333333,40.53194444444444,-2.15625,40.532917,113.8,345.58,354,0.976,True,,1377.4100959660893,1789.0122824974414,,0,False
ES2104,Villaverde De Arcayos,,Duero,-5.038611111111111,42.61333333333334,-5.037917,42.612917,73.9,423.72,355,1.194,True,,1093.4949054074186,1806.0,,0,False
ES1293,Pervis,,Cantabrico,-5.134166666666667,43.28944444444444,-5.13375,43.289583,37.0,354.79,356,0.997,True,,963.6121855267942,2059.0,,0,False
ES5042,Pinos-Puente,,Guadalquivir,-3.7688888888888887,37.25861111111111,-3.769583,37.25875,64.1,358.22,357,1.003,True,,933.5274414721089,1531.0,,0,False
ES1215,Puente Viesgo,,Cantabrico,-3.9672222222222224,43.30138888888889,-3.96625,43.30125,80.6,359.18,357,1.006,True,,587.4297254834747,1690.2285714285715,,0,False
ES3186,Priego-Trabaque,,Tajo,-2.326388888888889,40.42472222222222,-2.32625,40.424583,19.5,388.96,361,1.077,True,,997.4828393297295,1531.0,,0,False
ES1514,A Ponte Olveira,,Galicia Costa,-9.018333333333334,42.96194444444445,-9.02375,42.962083,442.0,358.76,362,0.991,True,,354.51417711378343,558.0,FERVENZA,1,True
ES9032,Peralta De Alcofea,,Ebro,-0.1280555555555555,41.90916666666666,-0.127917,41.909583,47.5,371.28,362,1.026,True,,539.6782864211191,2052.582329317269,VADIELLO,1,True
ES3066,Alcorlo,,Tajo,-3.025555555555556,41.00611111111111,-3.02375,41.00625,152.8,362.38,363,0.998,True,,1213.4757632594265,1830.0,ALCORLO,1,True
ES9041,Navarrete Del Rio,,Ebro,-1.26,40.930277777777775,-1.260417,40.929583,84.2,378.46,364,1.04,True,,1209.56025180297,1505.5,,0,False
ES2538,Languilla,,Duero,-3.4255555555555555,41.44805555555556,-3.427917,41.447917,198.1,365.76,364,1.005,True,,1139.3625551216849,2028.5033407572384,,0,False
ES4236,Villalba,,Guadiana,-6.495277777777778,38.59722222222222,-6.497083,38.59375,412.0,379.17,365,1.039,True,,477.4655670848175,814.0,VILLALBA DE LOS BARROS,1,True
ES2154,Ucero,,Duero,-3.0502777777777776,41.71694444444445,-3.049583,41.717083,59.7,363.75,366,0.994,True,,1118.4989966370588,1339.0,,0,False
ES3194,"Picotejo, El",,Tajo,-3.936666666666667,40.49194444444444,-3.935417,40.492083,107.1,350.49,366,0.958,True,,963.5093627747209,2143.0,"JAROSA, LA|NAVALMEDIO",2,True
ES1753,Parada,,Mino-Sil,-7.347222222222222,42.46194444444445,-7.347083,42.462917,108.4,365.9,369,0.992,True,,915.6768892527497,1627.0,,0,False
ES5123,Madrefuentes,,Guadalquivir,-5.355555555555555,37.66194444444445,-5.357083,37.66375,243.5,374.91,370,1.013,True,,158.48810948572017,305.99999999999994,,0,False
ES2131,Villaescusa De Las Torres,,Duero,-4.246666666666667,42.76416666666667,-4.247083,42.76375,57.1,366.6,371,0.988,True,,1011.4392584468724,2137.0,,0,False
ES3252,Guajaraz,,Tajo,-4.087222222222222,39.79972222222222,-4.087917,39.800417,98.1,367.52,375,0.98,True,,761.7104956952221,1372.50395256917,GUAJARAZ,1,True
ES2164,Tardesillas,,Duero,-2.4536111111111114,41.82916666666667,-2.44875,41.82625,521.1,50.93,375,0.136,False,,1044.4656569376668,1356.0,,0,False
ES7102,Taibilla (Aportaciones Al Azud),,Segura,-2.2741666666666664,38.230555555555554,-2.27375,38.23125,84.5,373.73,376,0.994,True,,1355.4687622366669,2053.59,TAIBILLA,1,True
ES3256,Aldeanueva De Barbarroya,,Tajo,-5.058055555555556,39.74138888888889,-5.057917,39.742083,77.6,370.9,377,0.984,True,,645.5134186222016,1267.0,,0,False
ES1303,Villamayor,,Cantabrico,-5.289444444444444,43.36972222222222,-5.289583,43.36875,108.5,373.85,379,0.986,True,,427.4602451575476,1481.9999999999998,,0,False
ES4238,Lobon,,Guadiana,-6.7219444444444445,38.85916666666667,-6.720417,38.859583,139.9,374.35,381,0.983,True,,301.8421053893076,721.0,,0,False
ES4252,"Angostura, La",,Guadiana,-6.520555555555555,38.95555555555556,-6.52125,38.955417,62.0,385.72,382,1.01,True,,326.51346620489664,688.0,"BOQUERON, EL|CANCHALES, LOS|HORNO TEJERO",3,True
ES1568,A Figueira,,Galicia Costa,-8.765555555555556,42.515277777777776,-8.76625,42.51625,123.2,399.29,383,1.043,True,,221.48028515004094,796.0,,0,False
ES3154,Riosequillo,,Tajo,-3.6575,40.980555555555554,-3.657917,40.97875,202.6,393.61,385,1.022,True,,1395.7647912856546,2414.0,PINILLA,1,True
ES3144,"Villar, El",,Tajo,-6.103333333333333,40.17055555555555,-6.102917,40.170417,39.0,387.85,386,1.005,True,,627.4509803921569,2352.0,BAÑOS,1,True
ES3162,Moraleja,,Tajo,-6.695833333333334,40.013888888888886,-6.69625,40.01375,38.5,388.3,388,1.001,True,,403.6303153055768,1474.5,RIVERA DE GATA,1,True
ES9321,Etxarren,,Ebro,-1.8469444444444445,42.91305555555555,-1.84625,42.91375,95.2,401.17,389,1.031,True,,683.5018384095388,1475.0,URDALUR,1,True
ES2113,Sta. Eulalia De Rionegro,,Duero,-6.266666666666667,42.03611111111111,-6.26625,42.03625,37.6,375.79,391,0.961,True,,1059.4736041936326,2108.0,,0,False
ES2038,Velilla De Guardo,,Duero,-4.850555555555555,42.80972222222222,-4.850417,42.809583,19.3,402.03,392,1.026,True,,1547.4796180011756,2475.324074074074,CAMPORREDONDO|COMPUERTO,2,True
ES3261,Majada,,Tajo,-5.436388888888889,40.056666666666665,-5.43625,40.057917,138.7,383.87,395,0.972,True,,342.51281016667923,557.0,,0,False
ES9064,Aspurz,,Ebro,-1.1602777777777775,42.71416666666667,-1.160417,42.714583,47.7,396.91,396,1.002,True,,971.5367800127866,1691.0,,0,False
ES1823,Bouza Do Viso,,Mino-Sil,-8.506666666666666,42.10416666666667,-8.507083,42.10375,57.2,399.56,400,0.999,True,,307.49360906109064,1146.0,,0,False
ES2083,"Garandilla, La",,Duero,-5.933888888888889,42.72527777777778,-5.932917,42.72625,133.2,403.23,402,1.003,True,,1331.582011624039,2139.0,,0,False
ES5133,Dehesas De Guadix,,Guadalquivir,-3.1175,37.594166666666666,-3.115417,37.595417,228.8,398.25,403,0.988,True,,1025.4266304837806,1528.0,,0,False
ES1358,Pte. San Martin,,Cantabrico,-6.203888888888889,43.34388888888889,-6.202917,43.34375,80.5,401.8,403,0.997,True,,1111.7386472999463,2169.0,"MIRANDA|RIERA, LA|SOMIEDO",3,True
ES9253,Arnedillo,,Ebro,-2.233611111111111,42.21388888888889,-2.23375,42.21375,19.1,405.47,405,1.001,True,,1227.5046164331386,1785.0,ENCISO,1,True
ES2510,Cascantes,,Duero,-5.636111111111111,42.75972222222222,-5.63875,42.75875,240.1,406.61,406,1.002,True,,1331.4817199478061,2177.0,CASARES DE ARBAS,1,True
ES5141,Montoro,,Guadalquivir,-4.428611111111112,38.04055555555556,-4.42875,38.040417,19.4,401.92,407,0.988,True,,585.5986061126928,820.0,,0,False
ES1578,"Couso, O",,Galicia Costa,-8.614166666666666,42.45222222222223,-8.61375,42.452917,83.9,407.35,408,0.998,True,,497.47377963138126,1010.5,,0,False
ES2144,Cernadilla (Embalse),,Duero,-6.632777777777778,42.05472222222222,-6.63125,42.054583,127.7,425.63,410,1.038,True,,1331.6979140121593,2098.0,MONCABRIL (SISTEMA),1,True
ES9265,Tirvia,,Ebro,1.2333333333333334,42.51777777777777,1.23375,42.517917,37.5,408.26,410,0.996,True,,1975.4513641072867,3097.499557130204,CERTESCANS|TABESCAN,2,True
ES3001,Peralejos De Las Truchas,,Tajo,-1.931944444444444,40.594166666666666,-1.932083,40.594583,47.8,406.11,410,0.991,True,,1589.5079541396187,1933.0,,0,False
ES1395,Trevias,,Cantabrico,-6.436388888888889,43.501666666666665,-6.43625,43.50125,47.8,412.37,411,1.003,True,,515.5649463367571,1240.0,,0,False
ES4136,Fernancaballero,,Guadiana,-3.9225,39.102222222222224,-3.919583,39.107083,590.2,484.66,412,1.176,True,,793.5325818378575,1197.0,,0,False
ES2134,Guardo,,Duero,-4.85,42.8075,-4.849583,42.807083,57.9,405.96,413,0.983,True,,1539.5005414729985,2475.324074074074,CAMPORREDONDO|COMPUERTO,2,True
ES9328,Arquijas,,Ebro,-2.2844444444444445,42.68194444444444,-2.284583,42.682917,108.6,409.04,415,0.986,True,,781.5044967630306,1396.0,,0,False
ES5150,"Rocio, El",,Guadalquivir,-6.493888888888889,37.12583333333333,-6.49375,37.125417,47.9,403.82,416,0.971,True,,54.00000000000001,133.0,,0,False
ES3158,Huermeces,,Tajo,-2.801111111111111,41.061388888888885,-2.800417,41.06125,60.7,414.53,419,0.989,True,,1045.4632531936957,1394.0,"ATANCE, EL",1,True
ES1937,Caldas De Besaya,,Cantabrico,-4.074166666666667,43.28388888888889,-4.072917,43.285417,196.6,414.31,420,0.986,True,,603.4759869316636,1437.0,ALSA - MEDIAJO,1,True
ES3223,Talayuela,,Tajo,-5.591944444444444,40.01777777777777,-5.592083,40.017917,19.6,365.38,421,0.868,True,,297.00000000000006,481.0,,0,False
ES3212,Malpica,,Tajo,-4.581944444444444,39.91833333333333,-4.58125,39.91875,74.7,407.81,423,0.964,True,,683.4083933888347,1432.3661202185792,,0,False
ES3182,Garcibuey,,Tajo,-5.946388888888889,40.501666666666665,-5.945417,40.497917,425.2,419.28,426,0.984,True,,925.4884318279205,1443.0,,0,False
ES3050,"Vado, El",,Tajo,-3.3005555555555555,41.00277777777778,-3.300417,41.00375,108.2,375.73,426,0.882,True,,1355.4979207478434,2257.0,"VADO, EL",1,True
ES9047,Capella,,Ebro,0.3952777777777778,42.193888888888885,0.395417,42.19375,19.3,427.09,426,1.003,True,,1031.282699720165,2715.1662011173185,,0,False
ES4235,Canchales,,Guadiana,-6.5216666666666665,38.96361111111111,-6.52125,38.96375,39.1,383.92,427,0.899,True,,326.51346620489664,688.0,"BOQUERON, EL|CANCHALES, LOS|HORNO TEJERO",3,True
ES3172,Huete,,Tajo,-2.689166666666667,40.17083333333333,-2.687917,40.17125,115.7,360.42,430,0.838,True,,970.5127765575616,1186.0,,0,False
ES3232,Villaseca,,Tajo,-3.8305555555555553,39.95555555555556,-3.82625,39.95625,375.8,424.14,430,0.986,True,,598.1114292183083,714.0,,0,False
ES8120,Calles,,Jucar,-0.956111111111111,39.71833333333333,-0.95625,39.717917,47.4,418.78,430,0.974,True,,987.5445216712222,1624.5814814814814,,0,False
ES4165,Talavera La Real,,Guadiana,-6.776388888888889,38.88,-6.77875,38.877917,305.5,424.55,430,0.987,True,,321.87628139958485,812.8050314465407,,0,False
ES1458,Santa Cristina,,Galicia Costa,-8.065000000000001,43.41444444444444,-8.064583,43.414583,36.9,424.23,434,0.977,True,,489.5543444786197,1014.0000000000001,"EUME|RIBEIRA, LA",2,True
ES1726,Villafranca Del Bierzo,,Mino-Sil,-6.817222222222222,42.60583333333334,-6.815417,42.604583,204.7,433.15,434,0.998,True,,1003.4696721842506,1921.0,,0,False
ES1485,Anllons,,Galicia Costa,-8.886944444444444,43.22777777777778,-8.88625,43.227917,58.2,434.51,438,0.992,True,,209.59647999658563,561.0,,0,False
ES2712,Alconada,,Duero,-5.3625,40.91444444444444,-5.362917,40.91375,84.1,434.14,439,0.989,True,,977.4744439980768,1716.0,,0,False
ES3159,Muriel,,Tajo,-3.1975,40.98916666666667,-3.197083,40.989583,57.6,434.99,439,0.991,True,,1379.514641396385,2028.4918032786886,,0,False
ES9019,Bossost,,Ebro,0.6911111111111111,42.782222222222224,0.692083,42.782083,81.3,437.2,440,0.994,True,,1959.5468180024159,2923.0544554455446,VALLE DE ARAN (SISTEMA),1,True
ES5155,Santaella (Cabra),,Guadalquivir,-4.757777777777778,37.49805555555556,-4.75875,37.499583,191.1,441.59,441,1.001,True,,393.43093417907266,1199.0,,0,False
ES2019,Salinas De Pisuerga,,Duero,-4.389444444444445,42.84916666666667,-4.390417,42.849583,92.5,453.58,443,1.024,True,,1243.4976525666589,2155.0,"CERVERA DE RUESGA|REQUEJADA, LA",2,True
ES9252,Escalo,,Ebro,1.1552777777777776,42.55111111111111,1.155417,42.552083,108.3,440.8,444,0.993,True,,2007.41821114817,2920.0,"BOREN-ESTERRI|ESPOT (SISTEMA)|TORRASA, LA",3,True
ES9184,Ateca,,Ebro,-1.7902777777777776,41.33416666666667,-1.790417,41.33375,47.5,425.04,446,0.953,True,,1019.5605201677117,1740.0,,0,False
ES9172,Lafortunada,,Ebro,0.1958333333333333,42.54277777777778,0.195417,42.542917,37.7,447.78,453,0.988,True,,1927.58950547931,3341.0,PINETA|PLANDESCUN,2,True
ES1276,Mier,,Cantabrico,-4.684722222222223,43.31472222222222,-4.684583,43.315417,77.8,455.86,455,1.002,True,,1143.5188527158539,2586.0,ARENAS DE CABRALES|CAMARMEÑA,2,True
ES4280,"Cruces, Las",,Guadiana,-5.930277777777778,38.95,-5.930417,38.950417,47.9,425.89,455,0.936,True,,404.48566128377456,751.0,,0,False
ES9124,"Torcas, Las",,Ebro,-1.0844444444444443,41.29694444444444,-1.084583,41.29625,77.7,491.72,456,1.078,True,,953.5014589988773,1496.0000000000002,,0,False
ES1103,Alzola,,Cantabrico,-2.401111111111111,43.22944444444445,-2.40125,43.229583,19.2,451.52,456,0.99,True,,443.5129987327675,1345.0,,0,False
ES3220,Santa Marta De Magasca,,Tajo,-6.116111111111111,39.50083333333333,-6.115417,39.50125,74.9,459.02,457,1.004,True,,449.45113726280584,992.0,,0,False
ES1237,Torrelavega,,Cantabrico,-4.063888888888889,43.35277777777778,-4.059583,43.349583,500.8,469.72,463,1.015,True,,547.5227739143692,1437.0,ALSA - MEDIAJO,1,True
ES1299,Santianes De Tornin,,Cantabrico,-5.130555555555556,43.315,-5.130417,43.314583,47.8,460.52,463,0.995,True,,1015.5799013727842,2418.0,,0,False
ES9147,Monreal De Ariza,,Ebro,-2.116111111111111,41.30805555555556,-2.115417,41.30875,95.9,466.15,465,1.002,True,,948.4839464437378,1178.0,MONTEAGUDO DE LAS VICARIAS,1,True
ES9254,Medina De Pomar,,Ebro,-3.480277777777778,42.930277777777775,-3.479583,42.930417,58.6,463.29,465,0.996,True,,787.4524354170776,1689.8248847926268,,0,False
ES9316,Vitoria N-I,,Ebro,-2.643611111111111,42.88166666666667,-2.64375,42.88375,231.6,490.99,467,1.051,True,,613.4877299635982,1488.0,ALBIÑA|ULLIVARRI|URRUNAGA,3,True
ES4274,Campanario,,Guadiana,-5.566666666666666,38.876666666666665,-5.565417,38.877083,117.4,431.04,467,0.923,True,,437.49666567445075,877.0,,0,False
ES4134,Herencia,,Guadiana,-3.3227777777777776,39.37805555555556,-3.32375,39.377917,85.2,490.49,467,1.05,True,,721.4628610359711,1196.7565217391304,,0,False
ES2503,Salida Embalse De Irueña,,Duero,-6.5744444444444445,40.44472222222222,-6.574583,40.445417,78.1,466.24,468,0.996,True,,877.4975786458895,1505.0,IRUEÑA,1,True
ES3238,Huelaga,,Tajo,-6.634166666666666,40.05694444444444,-6.632083,40.057083,178.5,377.7,469,0.805,True,,443.4947388272882,1352.944099378882,BORBOLLON,1,True
ES9026,Arroyo,,Ebro,-4.058333333333334,42.96277777777778,-4.057917,42.962917,37.2,462.5,469,0.986,True,,931.5286725155001,2148.0,EBRO,1,True
ES9168,Moneva - P.P.,,Ebro,-0.8322222222222222,41.1825,-0.832083,41.182917,47.5,471.55,470,1.003,True,,881.5760532437322,1402.2666666666669,MONEVA,1,True
ES4101,Vallehermoso,,Guadiana,-3.1502777777777777,38.84611111111112,-3.150417,38.84625,19.7,446.1,470,0.949,True,,930.4897083663434,1020.0,,0,False
ES5146,Puebla De Cazalla,,Guadalquivir,-5.29,37.14,-5.292083,37.14125,234.2,422.26,476,0.887,True,,477.43618880209686,1109.0,PUEBLA DE CAZALLA,1,True
ES8028,Villalba Alta,,Jucar,-0.9758333333333332,40.61472222222223,-0.974583,40.614583,107.4,481.01,478,1.006,True,,1401.4856743913842,2022.0,,0,False
ES8074,"Fuente Del Baño, La",,Jucar,-0.5147222222222222,39.88361111111111,-0.51375,39.88375,84.7,477.76,478,0.999,True,,867.5014564366245,1614.0,REGAJO,1,True
ES1375,Trubia,,Cantabrico,-5.983611111111111,43.34,-5.982917,43.340417,72.4,478.41,479,0.999,True,,999.4529462114401,2386.324427480916,PROAZA (VALDEMURRIO),1,True
ES2012,Sepulveda,,Duero,-3.7377777777777776,41.30055555555556,-3.737917,41.30125,78.0,466.09,480,0.971,True,,1075.4624684336484,2251.0,,0,False
ES2076,Las Omañas,,Duero,-5.902222222222223,42.70333333333333,-5.902083,42.702917,47.8,482.83,481,1.004,True,,1323.480303741337,2139.0,,0,False
ES1724,Quilos,,Mino-Sil,-6.731944444444444,42.64611111111111,-6.730417,42.64625,126.0,490.63,482,1.018,True,,1027.3958211268402,1970.0,,0,False
ES1196,Coterillo,,Cantabrico,-3.436111111111112,43.330000000000005,-3.43625,43.329583,47.5,465.69,485,0.96,True,,523.4900050339438,1616.0,,0,False
ES1295,Cangas De Onis,,Cantabrico,-5.132222222222222,43.35055555555556,-5.132083,43.350417,19.2,476.37,486,0.98,True,,999.4232887721498,2418.7055702917773,,0,False
ES1302,Ozanes,,Cantabrico,-5.184444444444445,43.36694444444444,-5.184583,43.367917,108.8,484.24,486,0.996,True,,419.59101469477844,1481.9999999999998,,0,False
ES9277,Aoiz Pie De Presa,,Ebro,-1.3675,42.78333333333333,-1.367917,42.78375,57.7,506.08,488,1.037,True,,979.291822515585,1932.0000000000002,IRABIA|ITOIZ|NAGORE,3,True
ES4230,Alange (Bonhabal),,Guadiana,-6.329444444444444,38.70555555555556,-6.329583,38.70625,78.0,222.49,490,0.454,False,,409.05328937924753,640.0,,0,False
ES1727,Toral De Los Vados,,Mino-Sil,-6.7875,42.54472222222222,-6.787083,42.545417,83.9,475.74,492,0.967,True,,979.3981333179696,1921.0,,0,False
ES2023,Celadilla Del Rio,,Duero,-4.798333333333333,42.60833333333333,-4.802083,42.607083,336.0,511.84,494,1.036,True,,1468.092732946946,2394.0,CAMPORREDONDO|COMPUERTO,2,True
ES2155,Vegalatrave,,Duero,-6.1194444444444445,41.70027777777778,-6.120417,41.70125,136.0,490.93,494,0.994,True,,828.5079174496693,1196.0,,0,False
ES2122,Salida Embalse De Barrios De Luna,,Duero,-5.870555555555556,42.83638888888889,-5.870417,42.83625,19.3,502.87,494,1.018,True,,1483.4378495960225,2297.0,BARRIOS DE LUNA,1,True
ES9279,Valdelateja,,Ebro,-3.7675,42.77444444444444,-3.767917,42.77375,83.9,497.23,497,1.0,True,,997.5254899843603,1212.0,,0,False
ES9091,Lascellas,,Ebro,-0.1097222222222222,42.087500000000006,-0.10875,42.087083,93.3,499.03,501,0.996,True,,963.5454460587955,2053.0,GUARA,1,True
ES9182,Balaguer,,Ebro,0.8238888888888889,41.80305555555555,0.82375,41.802917,19.2,505.16,501,1.008,True,,437.33593750000006,784.9999999999999,,0,False
ES2146,"Omañas, Las",,Duero,-5.871111111111111,42.67833333333333,-5.87125,42.67875,47.8,500.32,501,0.999,True,,1315.2850086892895,2074.0,,0,False
ES9323,Pamplona,,Ebro,-1.6358333333333333,42.81722222222223,-1.63375,42.820417,391.7,500.14,503,0.994,True,,681.5201956848971,1384.0,EUGUI,1,True
ES7014,Argos (Calasparra),,Segura,-1.6833333333333331,38.24027777777778,-1.682083,38.240417,110.9,509.45,506,1.007,True,,916.04,1666.0,ARGOS,1,True
ES9063,Sigües,,Ebro,-1.012222222222222,42.645,-1.012083,42.644583,47.7,505.05,506,0.998,True,,1027.522177419355,2290.0,,0,False
ES1544,A Ponte Nova,,Galicia Costa,-8.025277777777779,42.84666666666667,-8.025417,42.847083,47.9,519.53,516,1.007,True,,557.5625,907.0,,0,False
ES3067,Beleña,,Tajo,-3.181388888888889,40.89138888888889,-3.18125,40.89125,19.5,521.1,519,1.004,True,,1356.057761999852,1976.0,BELEÑA,1,True
ES3263,"Pardo, El",,Tajo,-3.7891666666666666,40.53888888888888,-3.78875,40.53875,38.8,527.76,520,1.015,True,,947.8598805013115,2309.0,"NAVACERRADA|PARDO, EL|SANTILLANA",3,True
ES4122,Vallehermoso,,Guadiana,-3.1755555555555555,38.87388888888889,-3.175417,38.87375,19.7,509.74,524,0.973,True,,920.428448275862,1040.0,PUERTO VALLEHERMOSO,1,True
ES5961,Guadix,,Guadalquivir,-3.143611111111111,37.31527777777777,-3.14125,37.317083,287.1,529.09,525,1.008,True,,1255.4936731580362,3095.760869565218,,0,False
ES5100,Granada,,Guadalquivir,-3.5961111111111115,37.16833333333333,-3.59625,37.16875,47.8,346.23,525,0.659,False,,1575.4555346786603,3464.0,CANALES|QUENTAR,2,True
ES2075,"Magdalena, La",,Duero,-5.8341666666666665,42.81916666666667,-5.834583,42.81875,57.1,523.48,527,0.993,True,,1475.3896996912713,2297.0,BARRIOS DE LUNA,1,True
ES9175,Tudela,,Ebro,-1.6169444444444443,42.059444444444445,-1.61625,42.059583,59.5,511.26,528,0.968,True,,595.8016819571865,2190.0,VAL,1,True
ES9313,Burlada,,Ebro,-1.611388888888889,42.82222222222222,-1.61125,42.822083,19.2,491.24,530,0.927,True,,685.4755923929625,1438.2695652173913,EUGUI,1,True
ES1353,Corias,,Cantabrico,-6.545833333333333,43.19305555555555,-6.544583,43.192917,103.0,528.65,531,0.996,True,,1019.5646737006643,1906.0,,0,False
ES1829,Puente Freijo,,Mino-Sil,-7.97,42.20111111111111,-7.969583,42.20125,37.5,530.33,533,0.995,True,,627.7205433878569,1551.0,,0,False
ES9191,Barbues,,Ebro,-0.4236111111111111,41.98222222222223,-0.422917,41.982917,95.7,559.43,534,1.048,True,,523.6993085404597,1608.0,ARGUIS|MONTEARAGON|SANTA MARIA DE BELSUE|VALDABRA,4,True
ES3243,Mingorrubio,,Tajo,-3.791111111111111,40.53111111111111,-3.790417,40.53125,60.7,528.48,535,0.988,True,,947.8598805013115,2309.0,"NAVACERRADA|PARDO, EL|SANTILLANA",3,True
ES9231,Candasnos,,Ebro,0.0311111111111111,41.46333333333334,0.032083,41.46375,93.2,532.45,536,0.993,True,,385.39473684210526,737.0,,0,False
ES9183,Villanueva De La Barca,,Ebro,0.7197222222222223,41.68,0.719583,41.679583,47.5,1037.5,537,1.932,False,,389.4903790648452,871.0,,0,False
ES3187,"Pardo, El",,Tajo,-3.7880555555555553,40.52333333333333,-3.78125,40.525417,619.2,537.08,537,1.0,True,,939.1040439987058,2309.0,"NAVACERRADA|PARDO, EL|SANTILLANA",3,True
ES9056,Jaraba,,Ebro,-1.8763888888888889,41.19083333333333,-1.877917,41.19125,137.1,556.03,537,1.035,True,,1189.3011103853692,1479.0,,0,False
ES9258,Campo,,Ebro,0.3877777777777778,42.42472222222222,0.387917,42.425417,77.7,563.44,540,1.043,True,,1864.0761356365963,3235.0,LINSOLES,1,True
ES9048,Anguiano,,Ebro,-2.7780555555555555,42.25611111111111,-2.777917,42.25625,19.1,533.77,541,0.987,True,,1363.5409488139824,2202.0,MANSILLA,1,True
ES1721,Cacabelos,,Mino-Sil,-6.726944444444444,42.59972222222223,-6.73125,42.600417,362.9,516.17,544,0.949,True,,1003.2042080991498,1906.0,,0,False
ES4138,"Cabezuela, La",,Guadiana,-3.281388888888889,38.68861111111111,-3.28125,38.68875,19.4,549.65,544,1.01,True,,852.652217466533,1108.0,"MARISANCHEZ (CABEZUELA, LA)",1,True
ES1552,Puente Cira,,Galicia Costa,-8.3375,42.77722222222222,-8.337083,42.777917,83.8,543.3,545,0.997,True,,549.185921958684,985.0,,0,False
ES2020,Salida Embalse De Aguilar,,Duero,-4.280555555555556,42.79444444444445,-4.280417,42.794583,19.0,545.89,546,1.0,True,,1203.3142857142857,2112.0,"AGUILAR DE CAMPOO|CERVERA DE RUESGA|REQUEJADA, LA",3,True
ES8071,Villalonga,,Jucar,-0.2830555555555555,38.87083333333334,-0.282917,38.87125,47.4,541.2,547,0.989,True,,675.5924141147209,1410.0,BENIARRES,1,True
ES1339,Sama,,Cantabrico,-5.680833333333334,43.29611111111111,-5.680417,43.29625,37.0,543.38,548,0.992,True,,843.5762819495158,1917.0,RIOSECO|TANES,2,True
ES4124,Saelices,,Guadiana,-2.8008333333333333,39.88361111111111,-2.799583,39.88375,108.2,669.04,552,1.212,False,,896.4707728853825,1176.0,CAMPOS DEL PARAISO,1,True
ES9329,Murieta,,Ebro,-2.1277777777777778,42.65583333333333,-2.127917,42.65625,47.7,546.53,553,0.988,True,,757.6877733076789,1321.0,,0,False
ES4282,Miajadas,,Guadiana,-5.996388888888889,39.16027777777778,-5.99625,39.159583,78.0,238.08,557,0.427,False,,381.51134838939146,817.0,BURDALO,1,True
ES1734,Puente De Domingo Florez,,Mino-Sil,-6.810555555555555,42.414722222222224,-6.810417,42.415417,77.8,557.53,558,0.999,True,,1291.904761904762,2071.0,,0,False
ES9137,Pont De Suert,,Ebro,0.741111111111111,42.4,0.742083,42.400417,92.2,567.95,558,1.018,True,,1911.125,3077.0,BASERCA|CAVALLERS|LLAUSET,3,True
ES9022,Seo De Urgel,,Ebro,1.4530555555555555,42.36055555555556,1.452917,42.36125,77.9,541.91,559,0.969,True,,2007.2855420366107,2811.0,,0,False
ES1520,Carollo,,Galicia Costa,-8.400277777777777,42.97555555555556,-8.399583,42.974583,122.9,559.6,561,0.998,True,,397.381308411215,761.0,,0,False
ES1216,Carandia,,Cantabrico,-3.97,43.333333333333336,-3.969583,43.33375,57.0,565.59,562,1.006,True,,484.32305584104137,1638.0,,0,False
ES1425,Pontenova,,Cantabrico,-7.192222222222222,43.3475,-7.192083,43.347917,47.5,574.61,572,1.005,True,,629.5217391304348,1085.0,,0,False
ES9036,Islallana,,Ebro,-2.525555555555556,42.3175,-2.525417,42.317917,47.5,565.95,573,0.988,True,,1307.4665208613728,2148.01775147929,GONZALEZ LACASA|PAJARES,2,True
ES9273,"Sabinar, El",,Ebro,-1.215,42.06194444444444,-1.214583,42.062083,37.7,576.26,574,1.004,True,,425.3669490660406,1093.0,,0,False
ES1639,Leiro,,Mino-Sil,-8.11888888888889,42.37277777777778,-8.11875,42.372917,19.0,572.17,575,0.995,True,,585.7808267577434,1051.0,ALBARELLOS,1,True
ES4283,Santa Amalia,,Guadiana,-6.049722222222222,39.01416666666667,-6.049583,39.01375,47.9,501.24,575,0.872,True,,337.6036552685175,923.0,BURDALO,1,True
ES2517,Aguilafuente,,Duero,-4.093333333333333,41.27388888888889,-4.092917,41.274583,84.1,594.42,576,1.032,True,,1051.3038220686676,2178.0,,0,False
ES7170,"Mundo, Rio En Lietor",,Segura,-1.9641666666666664,38.54222222222222,-1.96375,38.542917,84.4,581.16,576,1.009,True,,1123.8743589743588,1706.0,,0,False
ES7050,Lietor,,Segura,-1.9641666666666664,38.54222222222222,-1.96375,38.542917,84.4,581.16,577,1.007,True,,1123.8743589743588,1706.0,,0,False
ES4262,Helechosa,,Guadiana,-4.7363888888888885,39.38055555555555,-4.73625,39.38125,77.6,380.4,579,0.657,False,,765.4726134585289,1442.0,,0,False
ES2001,Salida Embalse De Cuerda Del Pozo,,Duero,-2.693055555555556,41.87638888888889,-2.692917,41.877083,77.7,558.76,580,0.963,True,,1211.1530578197244,2143.0,CUERDA DEL POZO,1,True
ES7850,Azud De Lietor,,Segura,-1.946388888888889,38.535,-1.94625,38.535417,47.4,584.69,581,1.006,True,,1123.8743589743588,1706.0,,0,False
ES5001,Arroyo Maria,,Guadalquivir,-2.835833333333333,38.17916666666667,-2.835417,38.179583,58.4,592.41,583,1.016,True,,1187.74691447655,2040.0,TRANCO DE BEAS,1,True
ES5147,Zufre,,Guadalquivir,-6.398055555555556,37.87722222222222,-6.397917,37.877917,77.4,558.07,584,0.956,True,,549.7345687811832,1013.0,ARACENA,1,True
ES9347,Arandiga,,Ebro,-1.4647222222222225,41.507777777777775,-1.46375,41.507917,82.6,583.48,585,0.997,True,,859.8427126556018,1675.0,MAIDEVERA,1,True
ES7172,Taibilla (Crecidas),,Segura,-2.158888888888889,38.39194444444444,-2.15875,38.392917,107.9,595.31,594,1.002,True,,1235.2926829268292,2035.0,TAIBILLA,1,True
ES7171,Taibilla (Aguas Bajas),,Segura,-2.158888888888889,38.39194444444444,-2.15875,38.392917,107.9,595.31,594,1.002,True,,1235.2926829268292,2035.0,TAIBILLA,1,True
ES9127,Alcaine,,Ebro,-0.7016666666666667,40.95472222222222,-0.702917,40.952917,225.0,594.88,594,1.001,True,,1101.4399491388278,1534.0,"PARRAS, LAS",1,True
ES7055,Taibilla (Llano De La Vida),,Segura,-2.1594444444444445,38.39277777777778,-2.159583,38.392917,19.7,595.28,596,0.999,True,,1235.2926829268292,2035.0,TAIBILLA,1,True
ES7169,"Mula, Rio",,Segura,-1.3644444444444446,38.030277777777776,-1.365417,38.030417,87.4,598.03,596,1.003,True,,539.1098518424719,1525.0,"CIERVA, LA",1,True
ES2102,Salida Embalse De Riaño,,Duero,-5.100555555555555,42.93333333333333,-5.100417,42.93375,47.5,611.41,607,1.007,True,,1419.5576552256073,2382.0,RIAÑO,1,True
ES9105,Mezalocha,,Ebro,-1.0769444444444445,41.42611111111111,-1.07625,41.42625,60.0,655.72,620,1.058,True,,917.2709806920282,1488.0,MEZALOCHA,1,True
ES2115,Leon,,Duero,-5.578333333333333,42.59361111111112,-5.577083,42.59375,103.6,578.68,620,0.933,True,,1219.3126440313413,2098.0,CASARES DE ARBAS,1,True
ES2026,Abia De Las Torres,,Duero,-4.418611111111112,42.42333333333333,-4.42125,42.424583,259.5,634.04,623,1.018,True,,1027.5347337278106,1876.7368421052633,,0,False
ES3271,Pastrana,,Tajo,-2.913611111111111,40.359722222222224,-2.91375,40.359583,19.3,167.56,625,0.268,False,,938.5115384615384,1052.0,,0,False
ES4270,Serena (Esteras),,Guadiana,-4.930555555555556,38.87805555555556,-4.930417,38.877917,19.7,424.03,626,0.677,False,,600.5058275058275,882.4155555555556,,0,False
ES3180,San Martin De Valdeiglesias,,Tajo,-4.3225,40.41138888888889,-4.322083,40.41125,38.9,631.31,629,1.004,True,,1171.2437447873226,1834.0,ACEÑA,1,True
ES3147,Galisteo (Jerte),,Tajo,-6.2725,39.98166666666667,-6.272083,39.98125,58.9,662.94,631,1.051,True,,549.3165751920965,2323.0,JERTE-PLASENCIA,1,True
ES2714,Lastras De Cuellar,,Duero,-4.152500000000001,41.29083333333333,-4.152083,41.29125,57.5,639.94,631,1.014,True,,1027.0202631972486,2178.0,,0,False
ES1837,Matarrosa Del Sil,,Mino-Sil,-6.529444444444445,42.75861111111111,-6.529583,42.75875,19.3,648.79,642,1.011,True,,1459.5833333333333,2073.0,"ROZAS, LAS - MATALAVILLA (SIST.)",1,True
ES1268,Puentelles,,Cantabrico,-4.607222222222222,43.31722222222223,-4.607083,43.317083,19.2,652.64,643,1.015,True,,983.1920768307324,2471.0,URDON,1,True
ES3080,Masegoso,,Tajo,-2.6966666666666668,40.82083333333334,-2.697083,40.822083,143.3,621.78,658,0.945,True,,1120.5531117220694,1359.0,"TAJERA, LA",1,True
ES4267,Colada,,Guadiana,-5.011388888888889,38.54388888888889,-5.01125,38.544583,77.5,390.86,660,0.592,False,,584.5177271839466,818.0,,0,False
ES1426,"Pontenova, La",,Cantabrico,-7.189166666666667,43.35583333333334,-7.189583,43.35625,57.7,663.65,662,1.002,True,,613.6855852950662,1085.0,,0,False
ES8030,"Terde, El",,Jucar,-0.773888888888889,40.16361111111111,-0.77375,40.16375,19.3,658.65,665,0.99,True,,1259.0,1993.0,VALBONA,1,True
ES3041,Alcantud,,Tajo,-2.325833333333333,40.5075,-2.327917,40.507917,183.7,665.65,666,0.999,True,,1273.625407925408,1747.0,MOLINO DE CHINCHA,1,True
ES8060,Requena,,Jucar,-1.1166666666666667,39.47833333333333,-1.117083,39.47875,58.8,703.22,668,1.053,True,,885.6499969506616,1370.0,,0,False
ES9118,Oliete,,Ebro,-0.6925,40.99055555555556,-0.692083,40.990417,38.5,670.97,670,1.001,True,,1077.5142857142857,1534.0,"CUEVA FORADADA|PARRAS, LAS",2,True
ES5142,Porcuna,,Guadalquivir,-4.214166666666667,37.87583333333333,-4.212917,37.87625,118.9,657.41,670,0.981,True,,373.4773691109569,1183.0,,0,False
ES1640,Ribadavia,,Mino-Sil,-8.142222222222221,42.290277777777774,-8.14125,42.29125,133.3,667.0,671,0.994,True,,557.3793103448276,1051.0,ALBARELLOS,1,True
ES5090,"Guijo, El",,Guadalquivir,-6.215,37.436388888888885,-6.214583,37.43625,40.4,580.2,672,0.863,True,,241.50977747808494,531.0,AGRIO,1,True
ES4285,Encinasola,,Guadiana,-6.919444444444445,38.13555555555556,-6.919583,38.135417,19.4,670.3,673,0.996,True,,533.582182158745,915.0,,0,False
ES3155,Puentes Viejas,,Tajo,-3.5727777777777776,40.99305555555556,-3.572917,40.99375,78.0,672.92,675,0.997,True,,1323.6280193236714,2343.0,PINILLA|PUENTES VIEJAS|RIOSEQUILLO,3,True
ES2528,Torre De Esgueva,,Duero,-4.197500000000001,41.7625,-4.197917,41.762917,58.2,678.03,677,1.002,True,,929.4327870637559,1374.9242424242423,,0,False
ES5127,Huesna,,Guadalquivir,-5.737222222222222,37.645833333333336,-5.737083,37.64625,47.4,553.77,678,0.817,True,,505.4294207576015,841.0,HUESNA,1,True
ES2139,Burgos-Arlanzon,,Duero,-3.7372222222222224,42.34805555555556,-3.744583,42.344583,714.9,684.25,680,1.006,True,,1035.343503833631,2039.0,ARLANZON|UZQUIZA,2,True
ES1106,Endarlaza,,Cantabrico,-1.7297222222222224,43.295,-1.729583,43.29625,139.1,675.06,681,0.991,True,,451.86023723568854,1353.0,,0,False
ES1805,Puente Linares,,Mino-Sil,-7.883611111111111,42.02111111111111,-7.88375,42.02125,19.4,689.23,684,1.008,True,,681.4853363412633,1500.0,,0,False
ES9256,Isobol,,Ebro,1.8141666666666667,42.3725,1.81375,42.372917,57.8,683.6,697,0.981,True,,1788.7160625444205,2848.0,,0,False
ES3231,Navaluenga,,Tajo,-4.704444444444444,40.4075,-4.70375,40.40875,149.6,699.23,698,1.002,True,,1443.9574468085107,2168.0,,0,False
ES9050,Cuzcurrita,,Ebro,-3.002222222222222,42.52444444444444,-3.002083,42.524583,19.1,692.55,698,0.992,True,,867.5189432551817,2022.0,,0,False
ES2033,Castroverde De Cerrato,,Duero,-4.22,41.75472222222222,-4.220417,41.754583,37.8,697.49,700,0.996,True,,929.4345408455314,1374.9242424242423,,0,False
ES3070,Madrid (P.Sindical),,Tajo,-3.747777777777778,40.45944444444445,-3.747917,40.462083,292.7,706.96,710,0.996,True,,891.6034482758621,2309.0,"NAVACERRADA|PARDO, EL|SANTILLANA",3,True
ES1427,San Tirso De Abres,,Cantabrico,-7.143888888888889,43.41333333333333,-7.145417,43.41375,132.7,710.97,712,0.999,True,,595.1860426382411,1085.0,,0,False
ES2103,Cistierna,,Duero,-5.130833333333333,42.83361111111111,-5.12875,42.83375,170.9,761.68,716,1.064,True,,1395.4241169458562,2382.0,RIAÑO,1,True
ES2818,Rabal,,Duero,-7.435277777777778,41.84861111111111,-7.43625,41.847083,186.6,721.86,719,1.004,True,,707.2801058667843,1472.0,,0,False
ES8092,Camporrobles,,Jucar,-1.5580555555555555,39.66694444444444,-1.559583,39.66625,151.5,684.52,720,0.951,True,,1041.5412790210376,1549.0,,0,False
ES3195,"Villar, El",,Tajo,-3.5644444444444443,40.947222222222216,-3.562917,40.947083,130.1,724.65,725,1.0,True,,1299.492562929062,2343.0,"PINILLA|PUENTES VIEJAS|RIOSEQUILLO|VILLAR, EL",4,True
ES2073,Sahagun,,Duero,-5.038055555555555,42.37055555555556,-5.039583,42.37125,148.6,748.41,725,1.032,True,,989.533462657614,1716.0,,0,False
ES3161,Arenas De San Pedro,,Tajo,-5.045555555555556,40.15138888888889,-5.045417,40.152083,77.6,783.3,730,1.073,True,,627.49518976636,2114.0,MORALES,1,True
ES9008,Nuevalos,,Ebro,-1.7930555555555554,41.1975,-1.792917,41.197917,47.5,742.11,732,1.014,True,,1133.3986105649496,1429.0,,0,False
ES4108,Abenojar,,Guadiana,-4.405,38.88916666666667,-4.40375,38.889583,117.5,739.77,734,1.008,True,,676.5483266251309,981.9999999999999,,0,False
ES8149,Gea De Albarracin,,Jucar,-1.2905555555555557,40.39416666666666,-1.290417,40.39375,47.7,739.14,736,1.004,True,,1417.730969852356,1839.0,,0,False
ES1659,Arnoya,,Mino-Sil,-8.1375,42.251666666666665,-8.137083,42.252083,57.2,734.97,739,0.995,True,,587.3376397659464,1551.0,,0,False
ES9264,Aos,,Ebro,-1.3780555555555556,42.75055555555556,-1.377083,42.75125,110.3,757.66,739,1.025,True,,907.9096113934016,1932.0,IRABIA|ITOIZ|NAGORE,3,True
ES4140,Torre Abraham,,Guadiana,-4.267222222222222,39.25833333333333,-4.267083,39.25875,47.4,832.98,750,1.111,True,,809.4761904761905,1373.0,TORRE DE ABRAHAM,1,True
ES1605,Pontevilar,,Mino-Sil,-7.547777777777777,43.168055555555554,-7.545417,43.167917,192.7,622.61,754,0.826,True,,493.4748212269477,1006.0,,0,False
ES7003,Talave (Desembalse),,Segura,-1.857777777777778,38.505833333333335,-1.857917,38.505417,47.4,773.15,754,1.025,True,,1027.5339798692235,1706.0,TALAVE,1,True
ES2010,Linares Del Arroyo,,Duero,-3.561111111111111,41.53388888888889,-3.559583,41.534583,148.2,765.81,756,1.013,True,,1050.9060104680873,1979.0,LINARES DEL ARROYO,1,True
ES2552,Salida Embalse De Linares,,Duero,-3.554722222222222,41.53,-3.554583,41.529583,47.8,765.08,759,1.008,True,,1050.9071643050352,1979.0,LINARES DEL ARROYO,1,True
ES8140,Huercemes,,Jucar,-1.7044444444444444,39.72027777777778,-1.702083,39.720417,203.6,802.88,761,1.055,True,,1091.6171151301278,1808.0,,0,False
ES9319,Sabiñanigo (Gallego),,Ebro,-0.373611111111111,42.49,-0.372083,42.490417,133.7,766.15,765,1.002,True,,1463.7231943729626,2964.0,AGUAS LIMPIAS (SISTEMA)|ALTO CALDARES (SISTEMA)|BUBAL|ESCARRA (SISTEMA)|LANUZA,5,True
ES9033,Peralta De Alcofea,,Ebro,-0.1255555555555555,41.91277777777778,-0.124583,41.912917,82.2,762.25,765,0.996,True,,650.9795813535379,1962.0,GUARA,1,True
ES1080,Andoain,,Cantabrico,-2.026388888888889,43.22833333333333,-2.02625,43.227917,47.7,783.47,765,1.024,True,,451.51439964554714,1446.0,ARRIARAN|IBIUR|LAREO,3,True
ES2046,Avila,,Duero,-4.707222222222223,40.64972222222222,-4.70625,40.649583,84.1,762.06,770,0.99,True,,1234.9284609695421,2258.0,,0,False
ES5083,Puente Nuevo,,Guadalquivir,-3.745277777777778,37.78416666666666,-3.745417,37.78375,47.4,782.28,775,1.009,True,,955.925,2129.0,QUIEBRAJANO,1,True
ES4241,Montijo (Guerrero),,Guadiana,-6.816388888888889,38.94083333333333,-6.81375,38.939583,270.6,284.02,776,0.366,False,,240.4863816659321,493.0,,0,False
ES2156,San Felix De La Vega,,Duero,-5.952500000000001,42.4,-5.950417,42.394583,628.1,13.28,781,0.017,False,,831.0,918.0,,0,False
ES9068,Asiain,,Ebro,-1.787222222222222,42.830000000000005,-1.787083,42.830417,47.5,764.74,782,0.978,True,,697.4330543933056,1380.0,URDALUR,1,True
ES9225,Zaidin,,Ebro,0.29,41.57722222222223,0.289583,41.577083,38.0,778.86,785,0.992,True,,261.4433281448988,706.0,,0,False
ES3168,Monroy,,Tajo,-5.959444444444444,39.66333333333333,-5.959583,39.66375,47.9,784.23,787,0.996,True,,619.6648069627316,1445.0,,0,False
ES8138,Balazote,,Jucar,-2.119166666666666,38.90222222222222,-2.122083,38.904583,367.1,690.08,792,0.871,True,,1021.5496239591729,1430.0,,0,False
ES1747,Bao (Las Ermitas),,Mino-Sil,-7.138611111111112,42.29111111111111,-7.13875,42.29125,19.4,799.59,794,1.007,True,,1147.7414833560445,2027.0,"BAO|CENZA|EDRADA-CONSO|PIAS O SAN AGUSTIN|PORTAS, LAS|SAN SEBASTIAN",6,True
ES2018,Pedrosa Del Principe,,Duero,-4.201666666666667,42.25138888888889,-4.202083,42.25125,37.5,797.52,796,1.002,True,,861.551049829957,1348.0,,0,False
ES3179,Navalcarnero,,Tajo,-3.9411111111111112,40.29944444444444,-3.940417,40.299583,60.9,799.22,798,1.002,True,,851.6833851650897,2119.0,"JAROSA, LA|NAVALMEDIO|VALMAYOR",3,True
ES2124,Medina De Rioseco,,Duero,-5.038611111111111,41.8875,-5.03875,41.887917,47.8,921.41,802,1.149,True,,780.0,930.0,,0,False
ES9317,Vitoria-Abetxuko,,Ebro,-2.6766666666666663,42.87305555555555,-2.682083,42.872083,454.8,725.83,805,0.902,True,,609.5405999340733,1446.0,ALBIÑA|ULLIVARRI|URRUNAGA,3,True
ES9324,Arazuri,,Ebro,-1.726388888888889,42.81444444444444,-1.727917,42.81375,146.3,805.51,806,0.999,True,,637.5554003317909,1384.0,EUGUI,1,True
ES8096,Arquillo San Blas Salida E.,,Jucar,-1.196388888888889,40.35944444444445,-1.195417,40.359583,84.1,820.91,815,1.007,True,,1397.6514837819186,1839.0,ARQUILLO DE SAN BLAS,1,True
ES8090,Pajaroncillo,,Jucar,-1.711111111111111,39.94027777777777,-1.710417,39.940417,61.3,836.04,829,1.008,True,,1333.399911621741,1808.0,,0,False
ES1624,"Paramo, El",,Mino-Sil,-7.5275,42.871944444444445,-7.52625,42.872083,103.0,828.15,831,0.997,True,,611.1769185705917,1389.0,,0,False
ES7007,Alfonso Xiii (Desembalse),,Segura,-1.5986111111111112,38.22583333333333,-1.59875,38.225417,47.4,850.31,834,1.02,True,,891.7499545537173,1975.0,ALFONSO XIII,1,True
ES1719,Ponferrada,,Mino-Sil,-6.591944444444444,42.55166666666666,-6.592083,42.552083,47.8,840.11,835,1.006,True,,1379.5499410323869,2073.0,"BARCENA|FUENTE DEL AZUFRE|ROZAS, LAS - MATALAVILLA (SIST.)",3,True
ES9051,Escalona,,Ebro,0.1502777777777777,42.47805555555556,0.150417,42.477917,19.3,791.47,835,0.948,True,,1717.2319127849353,3204.0,PINETA|PLANDESCUN,2,True
ES1619,Begonte,,Mino-Sil,-7.69,43.14861111111111,-7.689583,43.14875,37.0,837.3,843,0.993,True,,492.5434370148909,886.0,,0,False
ES4281,Golondron,,Guadiana,-5.9875,38.89194444444444,-5.98625,38.892083,109.6,832.93,850,0.98,True,,477.5061728395062,803.0,,0,False
ES2500,Salida Emb Castro De Las Cogotas,,Duero,-4.694444444444445,40.72638888888889,-4.694583,40.72625,19.2,854.04,856,0.998,True,,1219.6295002824713,2258.0,CASTRO DE LAS COGOTAS,1,True
ES4004,"Cubeta, La",,Guadiana,-2.893333333333333,38.9775,-2.892917,38.977083,59.1,859.95,856,1.005,True,,970.4372584678338,1094.0,,0,False
ES2128,Vadillo De La Guareña,,Duero,-5.351388888888889,41.28361111111111,-5.350417,41.28375,82.8,776.1,866,0.896,True,,821.0,935.0,,0,False
ES2025,Villanueva De Los Infantes,,Duero,-4.481111111111111,41.700833333333335,-4.48125,41.700417,47.5,881.67,870,1.013,True,,917.6041863568132,1374.9242424242423,,0,False
ES5149,"Cabril, El",,Guadalquivir,-5.412777777777778,38.05277777777778,-5.412083,38.052917,62.8,875.05,875,1.0,True,,537.5365853658536,900.0,,0,False
ES2135,Emisario De La Nava,,Duero,-4.578333333333333,42.03361111111111,-4.57375,42.03625,476.3,879.1,886,0.992,True,,782.0,899.0,,0,False
ES3163,Piedras Albas,,Tajo,-6.983611111111111,39.815,-6.982917,39.815417,74.6,982.54,887,1.108,True,,411.5474825716499,1430.0,,0,False
ES1369,Parteayer,,Cantabrico,-5.8758333333333335,43.28333333333333,-5.875417,43.282917,57.7,903.78,893,1.012,True,,891.4784889821617,2210.0,,0,False
ES9013,Graus,,Ebro,0.3452777777777777,42.205000000000005,0.345417,42.204583,47.7,890.23,893,0.997,True,,1415.6286045043148,3235.0,LINSOLES,1,True
ES1367,Argame,,Cantabrico,-5.880000000000001,43.29944444444444,-5.880417,43.29875,83.8,925.89,897,1.032,True,,871.5484760220533,2210.0,,0,False
ES3176,"China, La",,Tajo,-3.683888888888889,40.36277777777778,-3.682083,40.362917,154.3,883.44,899,0.983,True,,754.3324040669071,2309.0,"NAVACERRADA|PARDO, EL|SANTILLANA",3,True
ES2085,Barco De Avila,,Duero,-5.5275,40.36027777777778,-5.527083,40.359583,85.3,764.4,900,0.849,True,,1587.8210762331837,2467.0,,0,False
ES2005,Osma,,Duero,-3.083888888888889,41.57555555555556,-3.082917,41.575417,82.9,894.34,900,0.994,True,,1098.4120283172049,1390.0,,0,False
ES2092,Salida Embalse Del Agueda,,Duero,-6.484722222222223,40.53527777777778,-6.485417,40.539583,482.1,863.56,900,0.96,True,,865.6334157859231,1666.0,AGUEDA|IRUEÑA,2,True
ES4237,Guadajira,,Guadiana,-6.689722222222223,38.85194444444445,-6.68875,38.852083,85.7,890.79,902,0.988,True,,349.51485025475336,799.0,VILLALBA DE LOS BARROS,1,True
ES3156,"Atazar, El",,Tajo,-3.4733333333333336,40.91222222222222,-3.472083,40.912917,129.7,923.65,923,1.001,True,,1243.7777777777778,2343.0,"ATAZAR, EL|PINILLA|PUENTES VIEJAS|RIOSEQUILLO|VILLAR, EL",5,True
ES9071,Estella,,Ebro,-2.035833333333333,42.67111111111111,-2.035417,42.67125,37.4,788.31,943,0.836,True,,749.4077699370209,1321.0,,0,False
ES3030,Ventosa,,Tajo,-1.9652777777777777,40.82916666666667,-1.96875,40.830417,326.4,940.94,944,0.997,True,,1301.6314205665662,1907.0,,0,False
ES2112,Secos De Porma,,Duero,-5.405,42.60111111111111,-5.40125,42.597083,546.7,944.56,947,0.997,True,,1195.307881773399,2069.0,PORMA / JUAN BENET,1,True
ES4121,Peñarroya,,Guadiana,-3.018055555555556,39.055,-3.017917,39.054583,47.8,953.49,950,1.004,True,,962.4561740243123,1094.0,PEÑARROYA,1,True
ES5076,Aznalcazar Puente,,Guadalquivir,-6.259722222222222,37.30305555555555,-6.262917,37.302917,284.8,874.36,960,0.911,True,,157.64420010995048,531.0,AGRIO,1,True
ES3103,Batres,,Tajo,-3.945555555555556,40.219722222222224,-3.945417,40.219583,19.6,944.65,962,0.982,True,,730.8323779116174,2119.0,"JAROSA, LA|NAVALMEDIO|VALMAYOR",3,True
ES2040,Villoldo,,Duero,-4.6002777777777775,42.24944444444444,-4.599583,42.249583,59.2,947.76,973,0.974,True,,1075.662492991964,2394.0,CAMPORREDONDO|COMPUERTO,2,True
ES8032,Cuenca,,Jucar,-2.142777777777778,40.07305555555556,-2.142917,40.072917,19.3,998.7,984,1.015,True,,1337.2955150522218,1810.318181818182,"TOBA, LA",1,True
ES4201,Quintanar De La Orden,,Guadiana,-3.081111111111112,39.6425,-3.079583,39.64125,192.4,996.96,995,1.002,True,,868.5463709677421,1176.0,CAMPOS DEL PARAISO,1,True
ES1158,Echevarri,,Cantabrico,-2.894722222222222,43.24805555555556,-2.89375,43.247917,80.7,1005.7,997,1.009,True,,355.1785602991586,1326.0,ZOLLO,1,True
ES2044,Valladolid-Esgueva,,Duero,-4.704444444444444,41.65083333333333,-4.700417,41.654583,530.7,995.4,997,0.998,True,,909.498679314948,1374.9242424242423,,0,False
ES1608,Cela (Margen Izquierda),,Mino-Sil,-7.600555555555555,43.138888888888886,-7.605417,43.13875,395.2,1004.9,999,1.006,True,,481.47526823058746,1006.0,,0,False
ES1607,Cela (Margen Derecha),,Mino-Sil,-7.604444444444444,43.13916666666667,-7.605417,43.13875,91.0,1004.9,999,1.006,True,,481.47526823058746,1006.0,,0,False
ES9030,Santolea,,Ebro,-0.3683333333333333,40.73972222222222,-0.367917,40.739583,38.7,1007.63,1002,1.006,True,,1347.4551942476924,1977.0,,0,False
ES5077,Central De Cala,,Guadalquivir,-6.133055555555555,37.66888888888889,-6.132917,37.66875,19.9,1014.89,1010,1.005,True,,457.3780487804878,1012.9999999999999,"ARACENA|MINILLA, LA|ZUFRE",3,True
ES9216,Zaragoza,,Ebro,-0.8977777777777778,41.636944444444445,-0.895417,41.63625,212.5,1047.79,1017,1.03,True,,723.5899768146959,1488.0,MEZALOCHA,1,True
ES5078,Cala,,Guadalquivir,-6.134444444444445,37.66888888888889,-6.134583,37.66875,19.5,1014.54,1019,0.996,True,,457.3780487804878,1012.9999999999999,"ARACENA|MINILLA, LA|ZUFRE",3,True
ES9176,Nonaspe,,Ebro,0.1716666666666666,41.195277777777775,0.172083,41.195417,38.1,1031.28,1035,0.996,True,,659.658425114258,1345.0,"PENA|TRAPA, LA|VALCOMUNA",3,True
ES3060,Bujalaro,,Tajo,-2.9194444444444443,40.95222222222223,-2.920417,40.950417,215.1,1031.47,1036,0.996,True,,1061.5329872277866,1333.0,"ATANCE, EL",1,True
ES9280,Logroño,,Ebro,-2.4458333333333337,42.47083333333334,-2.445417,42.47125,57.2,10414.55,1037,10.043,False,,795.5652456565199,2202.0,ALBIÑA|CERECEDA|EBRO|MANSILLA|SOBRON|ULLIVARRI|URRUNAGA|VALBORNEDO,8,True
ES9031,Zorita,,Ebro,-0.1558333333333333,40.778888888888886,-0.155417,40.77875,38.7,1049.34,1038,1.011,True,,1067.8055511414798,1878.0,,0,False
ES9290,Ejea De Los Caballeros,,Ebro,-1.1508333333333332,42.1175,-1.154583,42.12125,521.7,565.11,1046,0.54,False,,532.1242252066116,1461.0,SAN BARTOLOME,1,True
ES4243,Villar Del Rey,,Guadiana,-6.870833333333334,39.145,-6.869583,39.145417,116.9,1020.13,1049,0.972,True,,352.4342105263158,639.0,VILLAR DEL REY,1,True
ES3111,Burguillo,,Tajo,-4.543888888888889,40.42666666666666,-4.54375,40.427083,47.5,1037.77,1050,0.988,True,,1315.1569890842936,2168.0,,0,False
ES9093,Oña,,Ebro,-3.4138888888888888,42.73527777777778,-3.41375,42.735417,19.1,1036.8,1051,0.986,True,,833.6881439335692,1248.0,,0,False
ES3114,Puente Nuevo (C.Del Cura),,Tajo,-4.501944444444445,40.424166666666665,-4.50125,40.42375,75.6,1055.78,1055,1.001,True,,1307.8764813126709,2168.0,"BURGUILLO, EL|CHARCO DEL CURA (PUENTE NUEVO)",2,True
ES2129,Toro-Guareña,,Duero,-5.3875,41.48861111111111,-5.38875,41.48875,105.9,1068.64,1063,1.005,True,,812.5499269806498,935.0,,0,False
ES9115,Puente De Montañana,,Ebro,0.6944444444444444,42.150277777777774,0.695417,42.150417,81.9,1066.6,1068,0.999,True,,1351.630806654112,3077.0,BASERCA|CAVALLERS|ESCALES|LLAUSET,4,True
ES2114,Coca-Voltoya,,Duero,-4.531666666666666,41.21055555555556,-4.53125,41.210417,38.5,798.86,1070,0.747,False,,1045.6532434402332,1719.0,,0,False
ES8093,Macastre,,Jucar,-0.8255555555555555,39.34388888888889,-0.825417,39.344583,77.5,1079.42,1075,1.004,True,,835.79390841909,1370.0,FORATA,1,True
ES9282,Martes,,Ebro,-0.8827777777777778,42.59138888888889,-0.882083,42.592083,95.4,1081.0,1083,0.998,True,,1078.5768884892086,2734.0,IP,1,True
ES2137,Ciudad Rodrigo,,Duero,-6.563611111111111,40.60388888888889,-6.56375,40.602917,108.2,1084.79,1088,0.997,True,,843.5040264262119,1666.0,AGUEDA|IRUEÑA,2,True
ES9038,Torremontalvo,,Ebro,-2.684166666666667,42.498333333333335,-2.68375,42.49875,57.2,1099.69,1090,1.009,True,,1115.125282531482,2202.0,MANSILLA,1,True
ES9092,Trespaderne,,Ebro,-3.4016666666666664,42.8025,-3.40125,42.80625,417.2,1087.52,1093,0.995,True,,771.5681699109338,1588.0,,0,False
ES2110,San Miguel De Bernuy,,Duero,-3.953611111111112,41.39666666666667,-3.950417,41.397917,299.6,1100.89,1100,1.001,True,,1027.5003848216993,2144.0,BURGOMILLODO,1,True
ES2024,Alar Del Rey,,Duero,-4.315833333333333,42.657222222222224,-4.31375,42.654583,341.1,1115.87,1106,1.009,True,,1075.6104751863845,2112.0,"AGUILAR DE CAMPOO|CERVERA DE RUESGA|REQUEJADA, LA",3,True
ES5029,Mengibar Guadalbullon,,Guadalquivir,-3.781111111111111,37.97416666666667,-3.780417,37.974583,76.0,1109.89,1111,0.999,True,,803.7703243003109,2129.0,QUIEBRAJANO,1,True
ES7004,Azaraque,,Segura,-1.6572222222222222,38.40611111111111,-1.657083,38.40625,19.4,1078.63,1116,0.967,True,,907.4105263157895,1706.0,TALAVE,1,True
ES9185,Cintruenigo,,Ebro,-1.8119444444444448,42.080000000000005,-1.812083,42.079583,47.5,1158.73,1120,1.035,True,,979.5975609756098,1668.0,,0,False
ES2161,Salida Embalse De Las Vencias,,Duero,-3.9675,41.43388888888889,-3.967083,41.434583,84.1,1115.55,1125,0.992,True,,1027.500384821699,2144.0,"BURGOMILLODO|VENCIAS, LAS",2,True
ES2119,Leon Alija De La Ribera,,Duero,-5.536666666666666,42.522777777777776,-5.537083,42.522083,83.9,1165.92,1136,1.026,True,,1147.044194253067,2098.0,CASARES DE ARBAS,1,True
ES1519,Portomouro,,Galicia Costa,-8.64611111111111,42.95888888888889,-8.64625,42.959583,78.3,1142.3,1146,0.997,True,,361.61466249441224,761.0,VILLAGUDIN,1,True
ES5159,Santo Tome-Guadalquivir,,Guadalquivir,-3.1366666666666667,38.032777777777774,-3.13375,38.032917,257.6,1146.23,1157,0.991,True,,971.5190848605114,2039.9999999999998,AGUASCEBAS|TRANCO DE BEAS,2,True
ES7043,Minateda,,Segura,-1.638611111111111,38.40111111111111,-1.642917,38.400417,384.7,1087.64,1160,0.938,True,,899.58828464648,1706.0,TALAVE,1,True
ES1292,Arriondas,,Cantabrico,-5.182777777777778,43.394444444444446,-5.182083,43.39375,96.1,1174.19,1177,0.998,True,,567.909079937241,2311.0,,0,False
ES4226,"Molinos, Los",,Guadiana,-6.118333333333333,38.53833333333333,-6.117917,38.53875,58.1,1238.06,1194,1.037,True,,553.5663225539631,848.0,"MOLINOS DE MATACHEL, LOS",1,True
ES2030,Covarrubias,,Duero,-3.508611111111111,42.053888888888885,-3.50875,42.05375,19.1,1203.44,1200,1.003,True,,1139.7958856935713,2039.0,,0,False
ES1300,Fuentes,,Cantabrico,-5.140555555555556,43.401944444444446,-5.140417,43.402083,19.0,1196.69,1202,0.996,True,,567.9110556606431,2311.0,,0,False
ES1354,Puente De La Barca,,Cantabrico,-6.300555555555556,43.32305555555556,-6.300417,43.322917,19.2,1207.28,1211,0.997,True,,843.6031499003983,1906.0,"BARCA, LA",1,True
ES7001,Fuensanta (Desembalse),,Segura,-2.209166666666667,38.391666666666666,-2.207917,38.392083,118.3,1210.22,1218,0.994,True,,1307.4719578384331,2017.0,"ANCHURICAS|FUENSANTA|VIEJA, LA O NOVIA, LA",3,True
ES9023,Seo De Urgel,,Ebro,1.459722222222222,42.3525,1.459583,42.352083,47.5,1259.15,1233,1.021,True,,1654.9257844474762,2875.0,,0,False
ES9106,Santolea - P.P.,,Ebro,-0.3141666666666666,40.77777777777778,-0.31375,40.777917,38.3,1234.84,1236,0.999,True,,1299.2860543018337,1977.0,PUENTE DE SANTOLEA|SANTOLEA,2,True
ES9281,Haro,,Ebro,-2.877222222222222,42.57888888888889,-2.87625,42.57875,81.6,1272.89,1239,1.027,True,,843.2620883357197,2202.0,,0,False
ES5132,Puente Sifon,,Guadalquivir,-5.904166666666667,37.36111111111112,-5.904583,37.36125,40.5,1251.19,1239,1.01,True,,90.471493529206,522.0,,0,False
ES5025,Llano De Vela,,Guadalquivir,-2.943055555555556,38.3175,-2.942083,38.31875,161.1,1256.38,1240,1.013,True,,851.4447522314557,1652.0,GUADALMENA,1,True
ES3177,Vaciamadrid,,Tajo,-3.554722222222222,40.323888888888895,-3.554583,40.322083,200.5,1183.25,1240,0.954,True,,699.5555009630125,2309.0,"NAVACERRADA|PARDO, EL|SANTILLANA",3,True
ES2158,Arevalo,,Duero,-4.704444444444444,41.032222222222224,-4.70375,41.032917,95.9,1253.07,1246,1.006,True,,1139.2443923305757,2258.0,CASTRO DE LAS COGOTAS,1,True
ES8139,Villora,,Jucar,-1.635,39.73861111111111,-1.634583,39.73875,38.8,1245.02,1255,0.992,True,,1249.5227272727273,1808.0,,0,False
ES3164,Villasequilla De Yepes,,Tajo,-3.730277777777778,39.87833333333333,-3.72875,39.880417,263.4,998.07,1265,0.789,False,,714.4534451238732,824.0,,0,False
ES3230,Villamejor,,Tajo,-3.869166666666666,39.90833333333333,-3.867917,39.90875,116.0,1277.48,1266,1.009,True,,737.3626509661835,1241.0,"CASTRO, EL|FINISTERRE",2,True
ES5057,Guadaira Encauzamiento,,Guadalquivir,-5.959444444444444,37.35305555555556,-5.959583,37.354583,169.4,1285.13,1318,0.975,True,,89.51959104071864,522.0,,0,False
ES5002,Puente Cerrada,,Guadalquivir,-3.2225,37.94499999999999,-3.222083,37.945417,58.4,1368.82,1330,1.029,True,,851.800793166565,2040.0,AGUASCEBAS|TRANCO DE BEAS,2,True
ES3102,Bargas,,Tajo,-4.035833333333334,39.99361111111112,-4.03375,39.992917,195.5,1354.14,1353,1.001,True,,659.1456408052153,2119.0,"JAROSA, LA|NAVALMEDIO|VALMAYOR",3,True
ES2111,Villomar,,Duero,-5.374444444444444,42.51638888888889,-5.374583,42.517083,78.1,1340.24,1354,0.99,True,,1195.34,2380.034632034632,RIAÑO,1,True
ES9074,Arce,,Ebro,-2.8969444444444443,42.67722222222222,-2.897083,42.677083,19.1,1383.17,1357,1.019,True,,617.5156159518202,1446.0,ALBIÑA|ULLIVARRI|URRUNAGA,3,True
ES5125,Carmona N-Iv,,Guadalquivir,-5.575277777777777,37.48027777777778,-5.575417,37.480417,19.9,1717.21,1377,1.247,False,,181.5796103505752,1056.0,PUEBLA DE CAZALLA,1,True
ES9123,Anzanigo,,Ebro,-0.6516666666666667,42.40416666666667,-0.65125,42.404583,57.3,1398.2,1391,1.005,True,,1127.9638922888614,2964.0,AGUAS LIMPIAS (SISTEMA)|ALTO CALDARES (SISTEMA)|BUBAL|ESCARRA (SISTEMA)|LANUZA,5,True
ES8027,Teruel,,Jucar,-1.121388888888889,40.35722222222223,-1.122083,40.357083,61.0,1301.31,1396,0.932,True,,1259.6344700518396,1993.0,,0,False
ES8134,Arenos Entrada E. (C.E. Los Cantos),,Jucar,-0.606111111111111,40.115833333333335,-0.604583,40.11625,138.1,1409.11,1396,1.009,True,,1195.4685863874345,1993.0,BALAGUERAS|MORA DE RUBIELOS|VALBONA,3,True
ES2541,Camarzana De Tera,,Duero,-6.041388888888889,41.98722222222222,-6.04125,41.982917,478.3,1419.6,1418,1.001,True,,987.6698686770428,2075.0,CERNADILLA|MONCABRIL (SISTEMA)|NUESTRA SEÑORA DEL AGAVANZAL|VALPARAISO,4,True
ES9014,Hijar,,Ebro,-0.4533333333333333,41.17444444444444,-0.452917,41.174583,38.1,1403.41,1419,0.989,True,,899.6908236284551,1577.142857142857,"CUEVA FORADADA|PARRAS, LAS",2,True
ES5925,Carmona-Lora,,Guadalquivir,-5.6066666666666665,37.56361111111111,-5.607083,37.56375,40.4,1781.37,1420,1.254,False,,177.51550851357572,1056.0,PUEBLA DE CAZALLA,1,True
ES8145,Arenos Salida Embalse,,Jucar,-0.5397222222222222,40.08722222222222,-0.542083,40.085417,282.5,1436.01,1430,1.004,True,,1195.4685863874345,1993.0,ARENOS|BALAGUERAS|MORA DE RUBIELOS|VALBONA,4,True
ES4139,Vega Jabalon,,Guadiana,-3.7872222222222223,38.759166666666665,-3.787917,38.759583,76.8,1798.68,1436,1.253,False,,780.4924637681158,1108.0,"MARISANCHEZ (CABEZUELA, LA)|VEGA DEL JABALON, LA",2,True
ES2053,Bernardos,,Duero,-4.344722222222222,41.15583333333333,-4.344583,41.15625,47.5,1450.6,1438,1.009,True,,1043.5735719398713,2343.0,PONTON ALTO,1,True
ES9003,Andosilla,,Ebro,-1.948888888888889,42.37416666666667,-1.947083,42.375417,202.3,1292.62,1445,0.895,True,,621.475,1321.0,,0,False
ES2130,Peñafiel,,Duero,-4.123333333333333,41.58444444444444,-4.12125,41.585417,203.4,1438.74,1450,0.992,True,,995.6378773552269,2189.0,"BURGOMILLODO|VENCIAS, LAS",2,True
ES2126,Villardiga,,Duero,-5.498611111111111,41.77222222222222,-5.497917,41.772083,60.1,1337.03,1462,0.915,True,,757.442316760981,1197.0,,0,False
ES2133,Herrera De Pisuerga,,Duero,-4.291666666666667,41.89833333333333,-4.294583,41.89875,247.4,27.07,1464,0.018,False,,894.4319507282142,918.0,,0,False
ES9170,Yesa C.E.,,Ebro,-0.9988888888888888,42.609722222222224,-0.99875,42.609583,19.3,1476.71,1471,1.004,True,,1031.5280080530554,2734.0,IP,1,True
ES9125,Carenas,,Ebro,-1.7988888888888888,41.26638888888889,-1.797917,41.26625,83.3,1471.88,1478,0.996,True,,1133.5530598323915,1479.0,"TRANQUERA, LA",1,True
ES9042,Calamocha,,Ebro,-1.3005555555555557,40.924166666666665,-1.30125,40.92375,74.2,1477.58,1498,0.986,True,,1085.4350226289353,1565.0,,0,False
ES9094,Albalatillo,,Ebro,-0.1813888888888888,41.75833333333333,-0.18125,41.75625,231.2,1486.67,1499,0.992,True,,411.5660281906357,1608.0,ARGUIS|MONTEARAGON|SANTA MARIA DE BELSUE|TORROLLON|VALDABRA,5,True
ES2002,Garray-Soria,,Duero,-2.455,41.79722222222222,-2.455417,41.797083,37.8,1455.02,1500,0.97,True,,1179.5144026360545,2145.0,CUERDA DEL POZO,1,True
ES9102,Collegats,,Ebro,1.034166666666667,42.27472222222222,1.032083,42.274583,172.8,1517.16,1518,0.999,True,,1751.377359211431,2949.0,"BOREN-ESTERRI|CERTESCANS|ESPOT (SISTEMA)|TABESCAN|TORRASA, LA",5,True
ES3003,Loranca De Tajuña,,Tajo,-3.095555555555556,40.45555555555556,-3.09375,40.45625,170.8,1593.74,1545,1.032,True,,1017.4593974708653,1358.0528925619835,"TAJERA, LA",1,True
ES9065,Liedena,,Ebro,-1.295,42.62361111111111,-1.295417,42.622917,84.0,1585.47,1546,1.026,True,,859.6885752095279,1931.9999999999998,IRABIA|ITOIZ|NAGORE,3,True
ES2143,Castrobol,,Duero,-5.270555555555555,42.17027777777778,-5.272917,42.17375,434.7,1437.95,1546,0.93,True,,881.4274082690073,1716.0,,0,False
ES2061,Santa Marina Del Rey,,Duero,-5.878333333333334,42.50555555555555,-5.87625,42.505417,172.2,1535.91,1554,0.988,True,,1259.5309202987316,2297.0,BARRIOS DE LUNA,1,True
ES1749,Montefurado,,Mino-Sil,-7.218611111111111,42.38444444444444,-7.21875,42.384583,19.4,1554.25,1559,0.997,True,,1115.8152749944334,2058.0,"BAO|CENZA|CHANDREJA|EDRADA-CONSO|GUISTOLAS|MONTEFURADO|PIAS O SAN AGUSTIN|PORTAS, LAS|PRADA|SAN SEBASTIAN|SANTA EULALIA",11,True
ES9007,Cetina,,Ebro,-1.9672222222222224,41.2975,-1.967083,41.297083,47.8,1601.0,1600,1.001,True,,977.5982400840556,1357.9522388059702,MONTEAGUDO DE LAS VICARIAS,1,True
ES2505,Saelices El Chico,,Duero,-6.661388888888889,40.65,-6.66125,40.650417,47.5,1563.66,1609,0.972,True,,811.386717550555,1666.0,AGUEDA|IRUEÑA,2,True
ES3153,Valdepeñas De La Sierra,,Tajo,-3.4675,40.867777777777775,-3.465417,40.864583,397.6,1616.18,1620,0.998,True,,1203.4698795180723,2343.0,"ATAZAR, EL|PINILLA|PUENTES VIEJAS|RIOSEQUILLO|VADO, EL|VILLAR, EL",6,True
ES2081,Puente Congosto,,Duero,-5.53,40.50333333333333,-5.530417,40.502917,57.7,1479.49,1620,0.913,True,,1339.7406380027737,2467.0,,0,False
ES5081,Castro Del Rio,,Guadalquivir,-4.503611111111111,37.69083333333333,-4.504583,37.692917,247.3,1638.24,1665,0.984,True,,635.1387436955525,1748.0,VADOMOJON|VIBORAS,2,True
ES4268,Guadamatilla,,Guadiana,-5.163055555555556,38.67527777777777,-5.16125,38.67625,189.1,1654.85,1676,0.987,True,,549.4111748998664,886.0,,0,False
ES5140,Villanueva De Las Torres,,Guadalquivir,-3.105277777777778,37.53472222222222,-3.104583,37.534583,63.9,1663.67,1685,0.987,True,,1127.2060313106763,3096.0,FRANCISCO ABELLAN-PEÑON DE LOS GITANOS,1,True
ES4102,Daimiel,,Guadiana,-3.600277777777778,39.07555555555556,-3.600417,39.075417,19.4,1157.55,1699,0.681,False,,802.3239615454382,1057.0,PUERTO VALLEHERMOSO,1,True
ES2507,Lerma,,Duero,-3.758888888888889,42.03055555555555,-3.75875,42.03125,77.7,1513.38,1700,0.89,True,,1115.7497852625002,2039.0,,0,False
ES2091,Castillejo Martin Viejo,,Duero,-6.66,40.69777777777777,-6.660417,40.697917,38.8,1696.11,1700,0.998,True,,803.5089852424676,1666.0,AGUEDA|IRUEÑA,2,True
ES5130,"Melonares, Los",,Guadalquivir,-5.881111111111111,37.71555555555556,-5.88125,37.71625,78.0,1708.16,1700,1.005,True,,501.4932522201245,900.0,"MELONARES, LOS|PINTADO, EL",2,True
ES2116,Celada Del Camino,,Duero,-3.9280555555555554,42.25527777777778,-3.927083,42.254583,112.1,2064.02,1702,1.213,False,,955.5237520491434,2039.0,ARLANZON|UZQUIZA,2,True
ES1359,Requejo,,Cantabrico,-6.151944444444445,43.37,-6.152917,43.369583,90.8,1699.07,1705,0.997,True,,859.4984447900465,2073.0,"BARCA, LA|MIRANDA|RIERA, LA|SOMIEDO",4,True
ES4279,Hernan Cortes,,Guadiana,-5.911388888888889,39.032222222222224,-5.91125,39.035417,353.4,1872.27,1715,1.092,True,,363.7633024625207,1541.0,ALCOLLARIN|CANCHO DEL FRESNO|CUBILAR|GARGALIGAS|LAVADERO O RUECAS (AZUD)|RUECAS|SIERRA BRAVA,7,True
ES2162,Tardajos De Duero,,Duero,-2.393333333333333,41.66333333333333,-2.392083,41.664583,172.4,1692.52,1717,0.986,True,,1155.3194973493032,2145.0,CUERDA DEL POZO,1,True
ES3127,Rosarito,,Tajo,-5.324166666666667,40.11,-5.324583,40.110417,58.8,1752.01,1754,0.999,True,,571.4037537132056,2311.0,MORALES|NAVALCAN|ROSARITO,3,True
ES9069,Echauri,,Ebro,-1.7899999999999998,42.79083333333333,-1.790417,42.79125,57.8,1728.11,1756,0.984,True,,645.5313422469179,1384.0,EUGUI|URDALUR,2,True
ES9097,Piñana,,Ebro,0.5783333333333334,41.87694444444445,0.57875,41.877083,37.8,1762.12,1757,1.003,True,,983.0907929477896,3077.0,BASERCA|CANELLES|CAVALLERS|ESCALES|LLAUSET|SANTA ANA,6,True
ES8091,Castellar,,Jucar,-2.288333333333333,39.852222222222224,-2.287917,39.852917,84.3,1883.89,1793,1.051,True,,1105.467204228215,1811.0,"TOBA, LA",1,True
ES4174,Oliva De La Frontera,,Guadiana,-6.885555555555555,38.230555555555554,-6.885417,38.230417,19.8,1764.98,1800,0.981,True,,521.5536069334693,1044.0,TENTUDIA,1,True
ES4253,Rena,,Guadiana,-5.804166666666666,39.04444444444445,-5.805417,39.044583,110.0,1806.62,1810,0.998,True,,363.767245651978,1541.0,ALCOLLARIN|CANCHO DEL FRESNO|CUBILAR|GARGALIGAS|LAVADERO O RUECAS (AZUD)|RUECAS|SIERRA BRAVA,7,True
ES2516,Valderas,,Duero,-5.462222222222223,42.08166666666667,-5.46125,42.08125,93.5,1817.05,1819,0.999,True,,857.5357189161156,1716.0,,0,False
ES3142,Gabriel Y Galan,,Tajo,-6.132499999999999,40.22111111111112,-6.132083,40.220417,85.4,1846.91,1848,0.999,True,,835.4206349206349,2358.0,GABRIEL Y GALAN|NAVAMUÑO,2,True
ES1360,Quinzanas,,Cantabrico,-6.112777777777778,43.46555555555556,-6.112917,43.467083,170.4,1847.8,1851,0.998,True,,823.19738640713,2070.6969696969695,"BARCA, LA|MIRANDA|RIERA, LA|SOMIEDO",4,True
ES2140,Salida Embalse De Santa Teresa,,Duero,-5.590277777777778,40.71222222222222,-5.594583,40.712083,364.6,2131.36,1867,1.142,True,,1131.4873551465575,2467.0,SANTA TERESA,1,True
ES4245,Valdebotoa,,Guadiana,-6.928611111111112,38.96388888888889,-6.930417,38.96375,157.4,2032.36,1889,1.076,True,,337.3255794838073,912.0,VILLAR DEL REY,1,True
ES9059,Sta. Eulalia De Gallego,,Ebro,-0.7511111111111111,42.271388888888886,-0.750417,42.27125,59.6,1890.21,1901,0.994,True,,999.0505352565714,2964.0,"AGUAS LIMPIAS (SISTEMA)|ALTO CALDARES (SISTEMA)|BUBAL|ESCARRA (SISTEMA)|LANUZA|PEÑA, LA",6,True
ES9307,Cetina Aa. Ab. Deza,,Ebro,-1.9569444444444444,41.29861111111111,-1.95625,41.29875,60.1,1908.2,1905,1.002,True,,969.4898488654616,1357.9522388059702,MONTEAGUDO DE LAS VICARIAS,1,True
ES3112,San Juan,,Tajo,-4.31,40.37111111111111,-4.30875,40.372083,150.2,1919.94,1911,1.005,True,,1187.529680576071,2168.0,"ACEÑA|BURGUILLO, EL|CHARCO DEL CURA (PUENTE NUEVO)|MORALES|SAN JUAN",5,True
ES9146,"Pobla De Segur, La",,Ebro,0.9788888888888888,42.25305555555556,0.977083,42.252083,183.4,1562.69,1931,0.809,True,,1735.0120813448561,2949.0,"BOREN-ESTERRI|CERTESCANS|ESPOT (SISTEMA)|TABESCAN|TORRASA, LA",5,True
ES3113,"Picadas, Las",,Tajo,-4.251111111111111,40.33222222222223,-4.24875,40.332083,202.0,2017.63,2008,1.005,True,,1163.507920438304,2168.0,"ACEÑA|BURGUILLO, EL|CHARCO DEL CURA (PUENTE NUEVO)|MORALES|PICADAS|SAN JUAN",6,True
ES4224,"Provencio, El",,Guadiana,-2.578611111111111,39.35861111111111,-2.580417,39.359583,191.0,1972.97,2020,0.977,True,,820.4338503828785,1161.0,,0,False
ES3082,Orusco,,Tajo,-3.194444444444444,40.30472222222222,-3.192917,40.304583,131.4,2075.24,2029,1.023,True,,981.4757214537927,1358.0528925619835,"TAJERA, LA",1,True
ES4214,Puente De Luciana,,Guadiana,-4.287222222222222,38.985,-4.287083,38.985417,47.4,2015.1,2029,0.993,True,,733.4266822740359,1373.0,TORRE DE ABRAHAM,1,True
ES9012,Ardisa,,Ebro,-0.7527777777777778,42.17472222222222,-0.752083,42.174583,59.7,2050.8,2040,1.005,True,,966.651420667667,2964.0,"AGUAS LIMPIAS (SISTEMA)|ALTO CALDARES (SISTEMA)|ARDISA|BUBAL|ESCARRA (SISTEMA)|LANUZA|NAVAS, LAS|PEÑA, LA",8,True
ES3169,Membrio,,Tajo,-6.997222222222223,39.57416666666667,-6.997083,39.574583,47.4,1969.35,2058,0.957,True,,369.4163852801465,948.0,SALOR,1,True
ES5073,Embalse De Jandula,,Guadalquivir,-3.975555555555556,38.22277777777778,-3.975417,38.222917,19.4,2243.64,2158,1.04,True,,713.5370687112948,1261.0,"FRESNEDA|FRESNEDA, LA (AZUD)|JANDULA|MONTORO III",4,True
ES4255,Badajoz,,Guadiana,-6.958055555555556,38.915277777777774,-6.957917,38.914583,78.1,2108.39,2165,0.974,True,,333.4508653473031,912.0,VILLAR DEL REY,1,True
ES7057,"Gallego, El",,Segura,-2.012777777777778,38.40888888888889,-2.012917,38.40875,19.4,2235.2,2185,1.023,True,,1187.270150975573,2017.0,"ANCHURICAS|FUENSANTA|TAIBILLA|VIEJA, LA O NOVIA, LA",4,True
ES9101,"Yesa, P.P.",,Ebro,-1.211111111111111,42.615833333333335,-1.209583,42.61625,133.4,2190.89,2191,1.0,True,,999.2869347554009,2734.0,IP|YESA,2,True
ES9260,Tauste,,Ebro,-1.2802777777777776,41.91305555555555,-1.280417,41.912917,19.1,2172.95,2193,0.991,True,,459.49464659711487,1461.0,LAVERNE|SAN BARTOLOME,2,True
ES9010,Daroca,,Ebro,-1.4194444444444445,41.10638888888889,-1.419583,41.105417,108.2,2200.59,2202,0.999,True,,1081.3831199970489,1565.0,LECHAGO,1,True
ES1622,Lugo,,Mino-Sil,-7.587499999999999,43.02472222222222,-7.589583,43.025417,187.6,2210.12,2210,1.0,True,,489.4522377703249,1006.0,,0,False
ES2042,Palencia,,Duero,-4.558333333333334,42.03611111111111,-4.559583,42.037083,150.7,2257.94,2222,1.016,True,,891.4841674281297,2394.0,CAMPORREDONDO|COMPUERTO,2,True
ES2518,Megeces,,Duero,-4.571666666666666,41.41611111111111,-4.572083,41.41625,38.4,2248.46,2250,0.999,True,,891.0752724814668,2178.0,,0,False
ES1554,Pontevea,,Galicia Costa,-8.547777777777778,42.75944444444445,-8.54875,42.75875,109.8,2285.12,2291,0.997,True,,483.64465703888493,1152.0,PORTODEMOUROS,1,True
ES1621,Lugo,,Mino-Sil,-7.563333333333333,43.00194444444445,-7.562917,43.002083,37.1,2302.48,2303,1.0,True,,489.4664981036662,1006.0,,0,False
ES4103,Puente Morena,,Guadiana,-4.019722222222222,38.88916666666667,-4.01875,38.889583,95.7,2373.69,2337,1.016,True,,757.4993993789805,1108.0,"MARISANCHEZ (CABEZUELA, LA)|VEGA DEL JABALON, LA",2,True
ES2094,Puente Resbala,,Duero,-6.626388888888889,40.99472222222222,-6.625417,40.995417,111.4,2474.24,2348,1.054,True,,811.6045553670948,1666.0,,0,False
ES2099,Mozar De Valverde,,Duero,-5.783055555555555,41.94194444444444,-5.784583,41.942083,128.0,2347.56,2350,0.999,True,,899.5779454561821,2075.0,CERNADILLA|MONCABRIL (SISTEMA)|NUESTRA SEÑORA DEL AGAVANZAL|VALPARAISO,4,True
ES8015,Teruel,,Jucar,-1.111388888888889,40.34305555555556,-1.112917,40.342083,167.9,2160.3,2357,0.917,True,,1307.4212892832243,1993.0,ARQUILLO DE SAN BLAS,1,True
ES9111,Orgaña,,Ebro,1.3430555555555554,42.22944444444445,1.34375,42.229583,59.4,2389.79,2384,1.002,True,,1623.7442329474818,2875.0,,0,False
ES2031,Peral De Arlanza,,Duero,-4.079444444444444,42.07888888888889,-4.079583,42.08125,262.4,2417.53,2413,1.002,True,,1011.0615666165985,2039.0,,0,False
ES5016,Valchillon,,Guadalquivir,-4.804444444444444,37.82027777777778,-4.80375,37.820417,63.0,2394.55,2420,0.989,True,,491.69213142074886,1748.0,VADOMOJON|VIBORAS,2,True
ES7124,Camarillas (Desembalse),,Segura,-1.6627777777777777,38.32111111111112,-1.662083,38.32125,62.7,2700.32,2430,1.111,True,,803.3470769327428,1706.0,CAMARILLAS|TALAVE,2,True
ES3143,Valdeobispo,,Tajo,-6.2725,40.08638888888889,-6.27125,40.08625,108.3,2448.42,2449,1.0,True,,775.8182404925032,2358.0,BAÑOS|GABRIEL Y GALAN|GUIJO DE GRANADILLA|NAVAMUÑO|VALDEOBISPO,5,True
ES3502,Pozo Del Rey,,Tajo,-5.468333333333334,40.068333333333335,-5.467917,40.06875,57.8,2465.31,2456,1.004,True,,519.1794066115463,2467.0,MORALES|NAVALCAN|ROSARITO,3,True
ES8119,Sichar Salida Embalse,,Jucar,-0.2316666666666667,39.99888888888889,-0.23125,39.999583,84.3,2490.73,2490,1.0,True,,1083.712804596183,1993.0,ARENOS|BALAGUERAS|MORA DE RUBIELOS|SICHAR|VALBONA,5,True
ES4163,Alange (Matachel),,Guadiana,-6.2675,38.79277777777778,-6.267917,38.792917,39.8,2518.86,2497,1.009,True,,485.4358050120152,848.0,"ALANGE|MOLINOS DE MATACHEL, LOS",2,True
ES9055,Morata De Jiloca,,Ebro,-1.5847222222222224,41.251666666666665,-1.58375,41.252917,159.9,2489.07,2502,0.995,True,,1061.328330267998,1565.0,LECHAGO,1,True
ES8005,Villarreal,,Jucar,-0.1225,39.96,-0.122083,39.960417,58.0,2516.51,2504,1.005,True,,1075.7128935051614,1993.0,ARENOS|BALAGUERAS|MORA DE RUBIELOS|SICHAR|VALBONA,5,True
ES2527,Coca-Eresma,,Duero,-4.560555555555555,41.263333333333335,-4.560417,41.262917,47.8,2588.25,2528,1.024,True,,1003.3287453679194,2343.0,PONTON ALTO,1,True
ES9284,Tudela,,Ebro,-1.6005555555555555,42.066944444444445,-1.600417,42.065417,169.9,512.35,2534,0.202,False,,595.8016819571865,2190.0,VAL,1,True
ES4202,Villafranca De Los Caballeros,,Guadiana,-3.31,39.415,-3.307917,39.41625,225.3,3428.83,2557,1.341,False,,753.5257455665164,1176.0,CAMPOS DEL PARAISO,1,True
ES7023,Pareton De Totana (Hacia El Rio),,Segura,-1.458611111111111,37.723888888888894,-1.45875,37.724583,77.8,2455.39,2563,0.958,True,,771.6644831836592,2023.0,PUENTES|VALDEINFIERNO,2,True
ES2084,Encinas De Arriba,,Duero,-5.554166666666666,40.77055555555555,-5.54625,40.76875,702.3,2393.54,2565,0.933,True,,1099.663748540937,2467.0,SANTA TERESA,1,True
ES3188,Aldea Del Fresno,,Tajo,-4.218888888888889,40.30777777777777,-4.222083,40.307917,273.0,2581.5,2577,1.002,True,,1011.3648648648649,2168.0,"ACEÑA|BURGUILLO, EL|CHARCO DEL CURA (PUENTE NUEVO)|MORALES|PICADAS|SAN JUAN",6,True
ES7013,Cenajo (Desembalse),,Segura,-1.7694444444444444,38.3675,-1.769583,38.367083,47.4,2604.91,2593,1.005,True,,1107.2238668306395,2017.0,"ANCHURICAS|CENAJO|FUENSANTA|TAIBILLA|VIEJA, LA O NOVIA, LA",5,True
ES3061,Humanes,,Tajo,-3.1166666666666667,40.839444444444446,-3.117917,40.840417,152.0,2603.13,2597,1.002,True,,1075.5716324158932,1976.0,"ALCORLO|ATANCE, EL|BELEÑA|PALMACES",4,True
ES5028,Ariza,,Guadalquivir,-3.358611111111111,38.12472222222223,-3.35875,38.124583,19.5,2689.06,2659,1.011,True,,803.4211034982652,1723.0,GUADALMENA|SILES,2,True
ES3940,Galisteo,,Tajo,-6.304444444444444,39.98222222222223,-6.309583,39.982083,440.0,2722.56,2672,1.019,True,,727.9206780313975,2355.0,BAÑOS|GABRIEL Y GALAN|GUIJO DE GRANADILLA|NAVAMUÑO|VALDEOBISPO,5,True
ES9083,Oliana,,Ebro,1.2927777777777776,42.089444444444446,1.292917,42.089583,19.1,2703.27,2700,1.001,True,,1559.5144572894894,2875.0,OLIANA,1,True
ES2048,Olmedo,,Duero,-4.62,41.32472222222223,-4.619583,41.324583,38.4,2720.45,2746,0.991,True,,987.5774565655851,2343.0,PONTON ALTO,1,True
ES9004,Funes,,Ebro,-1.801111111111111,42.31472222222222,-1.79875,42.31625,256.9,2742.96,2759,0.994,True,,571.5980232873003,1384.0,ALLOZ|EUGUI|URDALUR,3,True
ES4269,Guadalmez,,Guadiana,-4.972222222222222,38.71722222222223,-4.97375,38.719583,295.5,2799.2,2856,0.98,True,,597.4677643665333,1238.0,,0,False
ES1368,Grullos,,Cantabrico,-6.058333333333334,43.431666666666665,-6.057917,43.432083,56.9,2873.64,2884,0.996,True,,679.759392575928,2297.0,PRIAÑES|PROAZA (VALDEMURRIO)|RIOSECO|TANES,4,True
ES8107,Alarcon Salida Embalse,,Jucar,-2.115,39.561388888888885,-2.114583,39.562083,84.3,2948.08,2918,1.01,True,,1011.4370883316429,1811.0,"ALARCON|TOBA, LA",2,True
ES5080,Puente Tocon,,Guadalquivir,-3.9422222222222234,37.20222222222223,-3.942083,37.202917,77.4,2830.04,2944,0.961,True,,967.3660849062491,3296.0,CANALES|COLOMERA|CUBILLAS|QUENTAR,4,True
ES2163,Almazan,,Duero,-2.5102777777777776,41.49972222222223,-2.509583,41.499583,60.3,2945.63,2959,0.995,True,,1099.3568794009163,2248.0,CUERDA DEL POZO,1,True
ES8103,Torrealta,,Jucar,-1.2583333333333333,40.11555555555556,-1.25625,40.117083,244.1,2891.24,3094,0.934,True,,1251.2607258217745,1993.0,ARQUILLO DE SAN BLAS,1,True
ES1728,Requejo,,Mino-Sil,-6.823888888888889,42.50861111111111,-6.82125,42.509583,240.7,3099.17,3100,1.0,True,,1035.3671875,2073.0,"BARCENA|FUENTE DEL AZUFRE|MONTEARENAS|ROZAS, LAS - MATALAVILLA (SIST.)",4,True
ES3183,Escalona,,Tajo,-4.401111111111112,40.165,-4.399583,40.16375,191.8,3114.53,3102,1.004,True,,899.6249572181532,2168.0,"ACEÑA|BURGUILLO, EL|CHARCO DEL CURA (PUENTE NUEVO)|MORALES|PICADAS|SAN JUAN",6,True
ES2548,Benegiles,,Duero,-5.631944444444445,41.623333333333335,-5.632083,41.622917,47.5,3170.48,3187,0.995,True,,757.5280043630845,1197.0,,0,False
ES2060,Cebrones Del Rio,,Duero,-5.829166666666667,42.248333333333335,-5.829583,42.247917,57.2,3281.72,3192,1.028,True,,1083.5358631941506,2297.0,BARRIOS DE LUNA|VILLAMECA,2,True
ES8129,"Picazo, El",,Jucar,-2.0861111111111112,39.46333333333334,-2.08625,39.46375,47.8,3272.22,3248,1.007,True,,995.3566072209205,1811.0,"ALARCON|TOBA, LA",2,True
ES9229,Zuera,,Ebro,-0.7736111111111111,41.90055555555556,-0.777917,41.897917,460.0,3189.32,3251,0.981,True,,791.8217118008613,2964.0,"AGUAS LIMPIAS (SISTEMA)|ALTO CALDARES (SISTEMA)|ARDISA|BUBAL|ESCARRA (SISTEMA)|LANUZA|NAVAS, LAS|PEÑA, LA|SOTONERA, LA",9,True
ES3005,Trillo,,Tajo,-2.585833333333333,40.69611111111111,-2.585417,40.69625,38.3,3258.54,3253,1.002,True,,1259.779136270791,1907.0,,0,False
ES9209,Zuera,,Ebro,-0.785,41.82277777777778,-0.785417,41.822917,38.1,3547.67,3276,1.083,True,,727.183088028499,2964.0,"AGUAS LIMPIAS (SISTEMA)|ALTO CALDARES (SISTEMA)|ARDISA|BUBAL|ESCARRA (SISTEMA)|LANUZA|NAVAS, LAS|PEÑA, LA|SOTONERA, LA",9,True
ES9114,Pons,,Ebro,1.193888888888889,41.92527777777777,1.194583,41.925417,59.7,3316.2,3320,0.999,True,,1415.80036309844,2875.0,OLIANA|RIALB,2,True
ES3043,Buendia,,Tajo,-2.786388888888889,40.39861111111111,-2.78625,40.39875,19.3,3329.16,3342,0.996,True,,963.4826743485912,1747.0,BUENDIA|MOLINO DE CHINCHA,2,True
ES7183,Salabosque,,Segura,-1.1447222222222222,37.9475,-1.144583,37.947083,47.8,3161.54,3360,0.941,True,,667.1738780762425,2023.0,ALGECIRAS|PUENTES|VALDEINFIERNO,3,True
ES9193,Ballobar,,Ebro,0.1952777777777777,41.62027777777778,0.197917,41.62375,441.5,3380.45,3390,0.997,True,,435.5761485784098,1962.0,"ARGUIS|FITAS, LAS|GUARA|MONTEARAGON|SAN GREGORIO|SANTA MARIA DE BELSUE|TORROLLON|VADIELLO|VALDABRA",9,True
ES8130,Contreras Salida Embalse,,Jucar,-1.5058333333333334,39.530277777777776,-1.504583,39.530417,108.8,3318.82,3390,0.979,True,,1091.5737629886194,1808.0,CONTRERAS,1,True
ES4129,Socuellamos,,Guadiana,-2.88,39.34305555555556,-2.879583,39.34375,84.3,3556.79,3440,1.034,True,,782.5537729658793,1161.0,,0,False
ES9015,Alcañiz,,Ebro,-0.1316666666666666,41.055277777777775,-0.13125,41.055417,38.2,3438.05,3476,0.989,True,,1019.7349109914306,1977.0,CALANDA|ESTANCA DE ALCAÑIZ|GALLIPUEN|PUENTE DE SANTOLEA|SANTOLEA,5,True
ES2148,Villagodio-2,,Duero,-5.698611111111111,41.53611111111111,-5.700417,41.540417,503.3,3642.69,3546,1.027,True,,749.4411535197388,1197.0,,0,False
ES3063,Santos De La Humosa,,Tajo,-3.279722222222222,40.52916666666667,-3.28125,40.530417,191.2,3480.1,3553,0.979,True,,1027.8459870870447,1976.0,"ALCORLO|ATANCE, EL|BELEÑA|PALMACES",4,True
ES2064,Villagodio (Puente),,Duero,-5.712777777777778,41.52555555555556,-5.712917,41.525417,19.1,3646.94,3556,1.026,True,,749.4411535197388,1197.0,,0,False
ES8132,"Puente De Carrasco, El",,Jucar,-2.019722222222222,39.21388888888889,-2.019583,39.21375,19.7,3561.71,3558,1.001,True,,979.545816314745,1811.0,"ALARCON|TOBA, LA",2,True
ES8016,Ademuz,,Jucar,-1.284722222222222,40.06388888888888,-1.282083,40.06125,371.5,3390.57,3593,0.944,True,,1251.246333045729,1993.0,ARQUILLO DE SAN BLAS,1,True
ES9126,Ateca,,Ebro,-1.8008333333333333,41.32305555555556,-1.79875,41.322917,175.7,3616.42,3619,0.999,True,,1033.4350985293263,1479.0,"MONTEAGUDO DE LAS VICARIAS|TRANQUERA, LA",2,True
ES9293,Puente De Las Pilas,,Ebro,0.2133333333333333,42.06666666666667,0.212917,42.06625,57.4,3759.25,3743,1.004,True,,1159.560611772309,3235.0,BARASONA-JOAQUIN COSTA|GRADO I|LINSOLES|MEDIANO|PINETA|PLANDESCUN,6,True
ES2545,Encinas De Abajo,,Duero,-5.481388888888889,40.93305555555556,-5.477917,40.935417,389.5,3838.97,3807,1.008,True,,1027.45558739255,2467.0,SANTA TERESA,1,True
ES3006,Entrepeñas,,Tajo,-2.752222222222222,40.49166666666667,-2.752083,40.492917,138.7,3829.94,3829,1.0,True,,1219.6220677902918,1907.0,ENTREPEÑAS,1,True
ES9099,Caspe,,Ebro,0.0127777777777777,41.21055555555556,0.012917,41.210417,19.4,3786.28,3845,0.985,True,,963.3026361601592,1977.0,CALANDA|CASPE II|ESTANCA DE ALCAÑIZ|GALLIPUEN|PUENTE DE SANTOLEA|SANTOLEA,6,True
ES5031,"Herradura, La",,Guadalquivir,-4.252777777777778,38.06166666666666,-4.252917,38.06125,47.4,801.65,3903,0.205,False,,651.0669106116047,1276.0,YEGUAS,1,True
ES2071,Benamariel,,Duero,-5.5625,42.3725,-5.56125,42.36625,703.1,12.58,3980,0.003,False,,801.0,828.0,,0,False
ES2710,Villalobar,,Duero,-5.555833333333333,42.396388888888886,-5.55125,42.39625,378.1,3943.91,3980,0.991,True,,1115.3144344807636,2382.0,CASARES DE ARBAS|PORMA / JUAN BENET|RIAÑO,3,True
ES2711,Benamariel-2,,Duero,-5.564722222222222,42.36666666666667,-5.56125,42.36625,290.6,12.58,3980,0.003,False,,801.0,828.0,,0,False
ES3115,Cazalegas=Bajo Alberche,,Tajo,-4.706111111111111,40.01416666666667,-4.70625,40.014583,47.8,3997.81,3993,1.001,True,,763.4911073306525,2168.0,"ACEÑA|BURGUILLO, EL|CAZALEGAS|CHARCO DEL CURA (PUENTE NUEVO)|MORALES|PICADAS|SAN JUAN",7,True
ES3101,Cazalegas,,Tajo,-4.716666666666667,40.01083333333333,-4.71625,40.01125,57.8,3999.57,3997,1.001,True,,763.4911073306525,2168.0,"ACEÑA|BURGUILLO, EL|CAZALEGAS|CHARCO DEL CURA (PUENTE NUEVO)|MORALES|PICADAS|SAN JUAN",7,True
ES9089,Zaragoza,,Ebro,-0.8419444444444445,41.66944444444445,-0.84125,41.66875,96.8,4013.94,4008,1.001,True,,631.832398983531,2964.0,"AGUAS LIMPIAS (SISTEMA)|ALTO CALDARES (SISTEMA)|ARDISA|BUBAL|ESCARRA (SISTEMA)|LANUZA|NAVAS, LAS|PEÑA, LA|SOTONERA, LA",9,True
ES2087,Salamanca,,Duero,-5.6475,40.95888888888889,-5.647917,40.95625,294.1,4130.53,4010,1.03,True,,1011.5341409267648,2467.0,SANTA TERESA,1,True
ES3140,Coria,,Tajo,-6.526111111111111,39.980555555555554,-6.52625,39.97875,200.2,4005.5,4015,0.998,True,,599.3306241918755,2355.0,BAÑOS|GABRIEL Y GALAN|GUIJO DE GRANADILLA|JERTE-PLASENCIA|NAVAMUÑO|VALDEOBISPO,6,True
ES3062,Espinillos,,Tajo,-3.4216666666666664,40.46,-3.42125,40.460417,57.8,3951.35,4031,0.98,True,,987.2480197585714,1976.0,"ALCORLO|ATANCE, EL|BELEÑA|PALMACES",4,True
ES8018,Zagra,,Jucar,-1.146388888888889,39.84027777777778,-1.14625,39.839583,77.9,3818.03,4052,0.942,True,,1227.4954840946518,1993.0,ARQUILLO DE SAN BLAS,1,True
ES3184,"Bazagona, La",,Tajo,-5.904722222222222,39.93305555555556,-5.90375,39.932083,137.4,4044.42,4090,0.989,True,,423.1967004513772,2467.0,MORALES|NAVALCAN|ROSARITO,3,True
ES5019,Negratin,,Guadalquivir,-2.958055555555556,37.56111111111111,-2.957083,37.56125,87.5,3473.63,4144,0.838,True,,1051.551729510751,2322.0,"BOLERA, LA|NEGRATIN|PORTILLO, EL|SAN CLEMENTE",4,True
ES5045,Loja,,Guadalquivir,-4.166666666666667,37.175,-4.16625,37.175417,58.6,4071.22,4210,0.967,True,,951.4800232738556,3296.0,"BERMEJALES, LOS|CANALES|COLOMERA|CUBILLAS|QUENTAR",5,True
ES2029,Cordovilla,,Duero,-4.249444444444444,42.13055555555555,-4.249583,42.130417,19.1,4210.23,4227,0.996,True,,931.7619690806787,2112.0,"AGUILAR DE CAMPOO|CERVERA DE RUESGA|REQUEJADA, LA",3,True
ES2117,Valencia De Don Juan,,Duero,-5.524444444444445,42.28888888888888,-5.532083,42.28875,630.4,4098.52,4246,0.965,True,,1099.4229255466826,2382.0,CASARES DE ARBAS|PORMA / JUAN BENET|RIAÑO,3,True
ES1739,Barco De Valdeorras,,Mino-Sil,-6.962777777777778,42.41666666666666,-6.962917,42.417083,47.9,4260.78,4268,0.998,True,,1051.7375928188742,2071.0,"BARCENA|CAMPAÑANA|FUENTE DEL AZUFRE|MONTEARENAS|PEÑARRUBIA|PUMARES|ROZAS, LAS - MATALAVILLA (SIST.)",7,True
ES9104,Alos De Balaguer,,Ebro,0.9586111111111112,41.91166666666666,0.95875,41.912083,47.5,4314.93,4318,0.999,True,,1191.91960550988,2875.0,OLIANA|RIALB,2,True
ES3128,Torrejon-Tietar,,Tajo,-6.022777777777778,39.84,-6.022917,39.837917,230.8,41241.29,4505,9.155,False,,775.3477892650562,2467.0,"ACEÑA|ALCORLO|ALMOGUERA|ATANCE, EL|ATAZAR, EL|AZUTAN|BELEÑA|BOLARQUE|BUENDIA|BUJEDA, LA|BURGUILLO, EL|CASTREJON|CASTRO, EL|CAZALEGAS|CHARCO DEL CURA (PUENTE NUEVO)|ENTREPEÑAS|FINISTERRE|GUAJARAZ|JAROSA, LA|MOLINO DE CHINCHA|MORALES|NAVACERRADA|NAVALCAN|NAVALMEDIO|PALMACES|PARDO, EL|PICADAS|PINILLA|PORTIÑA, LA|PUENTES VIEJAS|RIOSEQUILLO|ROSARITO|SAN JUAN|SANTILLANA|TAJERA, LA|TORCON|TORREJON-TAJO|TORREJON-TIETAR|VADO, EL|VALDECAÑAS|VALMAYOR|VELLON, EL|VILLAR, EL|ZORITA",44,True
ES9161,Palazuelos,,Ebro,-3.3433333333333333,42.79166666666666,-3.342917,42.792083,57.1,4449.93,4530,0.982,True,,867.6107233733188,2095.0,CERECEDA|EBRO,2,True
ES2088,Contiensa,,Duero,-5.935277777777778,41.07722222222223,-5.93625,41.077917,113.3,4658.56,4592,1.014,True,,979.5862963705212,2467.0,SANTA TERESA,1,True
ES8112,Cofrentes,,Jucar,-1.095,39.26222222222222,-1.095417,39.262083,39.1,4629.21,4694,0.986,True,,1011.5644835321027,1808.0,CONTRERAS,1,True
ES2079,Sta. Cristina De La Polvorosa,,Duero,-5.708611111111111,42.00055555555556,-5.70625,42.000417,196.6,4944.66,4905,1.008,True,,995.7031192958261,2297.0,BARRIOS DE LUNA|VILLAMECA,2,True
ES2145,Manganeses De La Polvorosa,,Duero,-5.740555555555556,42.03833333333333,-5.737917,42.039583,257.1,4901.86,4959,0.988,True,,995.7031192958261,2297.0,BARRIOS DE LUNA|VILLAMECA,2,True
ES8147,Loriguilla Salida Embalse,,Jucar,-0.9055555555555556,39.66305555555555,-0.905417,39.66375,77.6,4774.5,4978,0.959,True,,1179.541500733599,1993.0,ARQUILLO DE SAN BLAS|BENAGEBER|LORIGUILLA,3,True
ES2004,Gormaz,,Duero,-3.0105555555555554,41.48638888888889,-3.01125,41.48625,59.9,5087.63,5055,1.006,True,,1083.4363487935336,2248.0,CUERDA DEL POZO,1,True
ES5171,Linares Baeza,,Guadalquivir,-3.585,38.06805555555556,-3.584583,38.067917,40.1,5064.12,5065,1.0,True,,763.5037885930778,1723.0,"DAÑADOR|FERNANDINA, LA|GIRIBAILE|GUADALEN|GUADALMENA|SILES",6,True
ES5101,Carr. Torreblascopedro,,Guadalquivir,-3.6366666666666663,38.01638888888889,-3.637083,38.017083,85.7,5161.95,5131,1.006,True,,755.492022890835,1723.0,"DAÑADOR|FERNANDINA, LA|GIRIBAILE|GUADALEN|GUADALMENA|SILES",6,True
ES7137,Puente Del Bayo,,Segura,-1.6897222222222223,38.285555555555554,-1.68875,38.285417,87.1,5417.97,5137,1.055,True,,875.3259954766637,2017.0,"ANCHURICAS|CAMARILLAS|CENAJO|FUENSANTA|TAIBILLA|TALAVE|VIEJA, LA O NOVIA, LA",7,True
ES2056,Valdestillas,,Duero,-4.77,41.49027777777778,-4.769583,41.490417,37.9,5351.3,5202,1.029,True,,971.1548475230021,2343.0,CASTRO DE LAS COGOTAS|PONTON ALTO,2,True
ES2036,Quintana Del Puente,,Duero,-4.240555555555556,42.05611111111111,-4.240417,42.060417,477.7,5198.65,5256,0.989,True,,947.5703758661014,2039.0,ARLANZON|UZQUIZA,2,True
ES2546,Ledesma,,Duero,-5.996666666666667,41.09388888888889,-5.99625,41.09375,38.5,5249.17,5263,0.997,True,,947.5853414170476,2467.0,SANTA TERESA,1,True
ES8022,Bugarra,,Jucar,-0.7827777777777778,39.605,-0.782083,39.605417,75.1,5166.02,5375,0.961,True,,1155.3845116362284,1993.0,ARQUILLO DE SAN BLAS|BENAGEBER|BUSEO|LORIGUILLA,4,True
ES8036,"Frailes, Los",,Jucar,-1.7497222222222222,39.1375,-1.74875,39.13875,160.9,3850.36,5403,0.713,False,,963.4171092094763,1811.0,"ALARCON|TOBA, LA",2,True
ES9005,Caparroso,,Ebro,-1.6505555555555556,42.34333333333333,-1.650417,42.34375,47.5,5518.01,5469,1.009,True,,791.3532134504152,2734.0,IP|IRABIA|ITOIZ|MAIRAGA|NAGORE|YESA,6,True
ES9001,Miranda De Ebro,,Ebro,-2.955555555555556,42.687777777777775,-2.954583,42.687917,81.1,5448.51,5481,0.994,True,,843.4742469879519,2095.0,CERECEDA|EBRO|SOBRON,3,True
ES4205,Alcazar,,Guadiana,-3.1552777777777776,39.30888888888889,-3.15375,39.30625,322.4,5557.07,5506,1.009,True,,753.7007938877849,1161.0,,0,False
ES7178,Calasparra,,Segura,-1.701111111111111,38.25055555555556,-1.700417,38.250417,63.2,5963.95,5647,1.056,True,,867.3521872387852,2017.0,"ANCHURICAS|CAMARILLAS|CENAJO|FUENSANTA|TAIBILLA|TALAVE|VIEJA, LA O NOVIA, LA",7,True
ES7112,Calasparra (Nueva),,Segura,-1.701111111111111,38.25055555555556,-1.700417,38.250417,63.2,5963.95,5687,1.049,True,,867.3521872387852,2017.0,"ANCHURICAS|CAMARILLAS|CENAJO|FUENSANTA|TAIBILLA|TALAVE|VIEJA, LA O NOVIA, LA",7,True
ES7037,Cañaverosa,,Segura,-1.708611111111111,38.26611111111111,-1.70875,38.26625,19.8,5959.99,5705,1.045,True,,867.3521872387852,2017.0,"ANCHURICAS|CAMARILLAS|CENAJO|FUENSANTA|TAIBILLA|TALAVE|VIEJA, LA O NOVIA, LA",7,True
ES7012,Calasparra,,Segura,-1.6925,38.24527777777778,-1.692083,38.247917,293.1,5968.41,5713,1.045,True,,867.3521872387852,2017.0,"ANCHURICAS|CAMARILLAS|CENAJO|FUENSANTA|TAIBILLA|TALAVE|VIEJA, LA O NOVIA, LA",7,True
ES5047,Puente-Genil,,Guadalquivir,-4.779444444444445,37.39111111111111,-4.779583,37.39125,19.9,6029.63,6002,1.005,True,,823.6146419370633,3296.0,"BERMEJALES, LOS|CANALES|COLOMERA|CORDOBILLA|CUBILLAS|IZNAJAR|MALPASILLO-JAUJA|QUENTAR",8,True
ES1751,Sequeiros,,Mino-Sil,-7.252222222222223,42.4575,-7.252083,42.457917,47.5,6232.08,6243,0.998,True,,1043.3629799052442,2073.0,"BAO|BARCENA|CAMPAÑANA|CENZA|CHANDREJA|EDRADA-CONSO|FUENTE DEL AZUFRE|GUISTOLAS|MONTEARENAS|MONTEFURADO|PEÑARRUBIA|PIAS O SAN AGUSTIN|PORTAS, LAS|PRADA|PUMARES|ROZAS, LAS - MATALAVILLA (SIST.)|SAN MARTIN|SAN SEBASTIAN|SANTA EULALIA|SANTIAGO|SEQUEIROS",21,True
ES8025,"Presa, La",,Jucar,-0.5055555555555555,39.521388888888886,-0.505417,39.52125,19.6,6089.08,6294,0.967,True,,1091.7625750252298,1993.0,ARQUILLO DE SAN BLAS|BENAGEBER|BUSEO|LORIGUILLA,4,True
ES5023,Posito,,Guadalquivir,-3.211666666666667,37.88138888888889,-3.21125,37.88125,40.2,6436.64,6349,1.014,True,,1047.3275165059365,3095.6458333333335,"BOLERA, LA|FRANCISCO ABELLAN-PEÑON DE LOS GITANOS|NEGRATIN|PORTILLO, EL|SAN CLEMENTE",5,True
ES2017,Navapalos,,Duero,-3.103055555555556,41.507777777777775,-3.100417,41.50875,244.4,6418.34,6398,1.003,True,,1083.503473998527,2248.0,CUERDA DEL POZO,1,True
ES2074,Castropepe,,Duero,-5.636666666666666,41.97416666666667,-5.639583,41.97625,337.3,6802.7,6783,1.003,True,,947.3668966015385,2382.0,CASARES DE ARBAS|PORMA / JUAN BENET|RIAÑO,3,True
ES9266,Calatayud,,Ebro,-1.6330555555555557,41.355,-1.632917,41.355417,47.5,6841.37,6841,1.0,True,,1035.444912271802,1699.307522123894,"LECHAGO|MONTEAGUDO DE LAS VICARIAS|TRANQUERA, LA",3,True
ES3052,Mejorada Del Campo,,Tajo,-3.5094444444444446,40.39527777777778,-3.507917,40.395417,130.8,6916.77,7005,0.987,True,,987.3870306607641,2343.0,"ALCORLO|ATANCE, EL|ATAZAR, EL|BELEÑA|PALMACES|PINILLA|PUENTES VIEJAS|RIOSEQUILLO|VADO, EL|VELLON, EL|VILLAR, EL",11,True
ES7006,Almadenes,,Segura,-1.5586111111111112,38.23861111111111,-1.55875,38.237917,77.4,7386.32,7111,1.039,True,,867.2578997867803,2017.0,"ALFONSO XIII|ANCHURICAS|ARGOS|CAMARILLAS|CENAJO|FUENSANTA|TAIBILLA|TALAVE|VIEJA, LA O NOVIA, LA",9,True
ES9103,Camarasa,,Ebro,0.8772222222222222,41.88527777777778,0.87875,41.885417,127.9,7141.13,7160,0.997,True,,1255.3003651001686,2949.0,"BOREN-ESTERRI|CAMARASA|CAPDELLA (SISTEMA)|CERTESCANS|ESPOT (SISTEMA)|OLIANA|RIALB|SALLENTE|TABESCAN|TALARN O TREMP|TERRADETS|TORRASA, LA",12,True
ES9009,Huermeda,,Ebro,-1.6,41.37805555555556,-1.599583,41.37875,84.1,7083.63,7164,0.989,True,,1027.5061016704376,1699.307522123894,"LECHAGO|MONTEAGUDO DE LAS VICARIAS|TRANQUERA, LA",3,True
ES1768,San Esteban,,Mino-Sil,-7.651666666666667,42.415277777777774,-7.65125,42.415417,37.4,7203.9,7216,0.998,True,,1003.5379775224899,2073.0,"BAO|BARCENA|CAMPAÑANA|CENZA|CHANDREJA|EDRADA-CONSO|EDRADA-MAO|FUENTE DEL AZUFRE|GUISTOLAS|LEBOREIRO-MAO|MONTEARENAS|MONTEFURADO|PEÑARRUBIA|PIAS O SAN AGUSTIN|PORTAS, LAS|PRADA|PUMARES|ROZAS, LAS - MATALAVILLA (SIST.)|SAN ESTEBAN|SAN MARTIN|SAN SEBASTIAN|SANTA EULALIA|SANTIAGO|SEQUEIROS|VILL / MAO /REGUEIRO",25,True
ES2522,Vadocondes,,Duero,-3.573611111111111,41.64416666666666,-3.57375,41.644583,47.8,7409.85,7323,1.012,True,,1075.5551045526997,2248.0,CUERDA DEL POZO,1,True
ES2013,Aranda De Duero,,Duero,-3.6805555555555554,41.653888888888886,-3.677917,41.654583,232.3,7464.45,7356,1.015,True,,1075.5551045526997,2248.0,CUERDA DEL POZO,1,True
ES3007,Bolarque,,Tajo,-2.8186111111111107,40.3625,-2.81875,40.362917,47.8,7397.83,7402,0.999,True,,1099.3775353673086,1907.0,BOLARQUE|BUENDIA|ENTREPEÑAS|MOLINO DE CHINCHA,4,True
ES3008,Zorita,,Tajo,-2.897222222222222,40.348333333333336,-2.897917,40.347917,74.5,7452.58,7452,1.0,True,,1099.3775353673086,1907.0,BOLARQUE|BUENDIA|ENTREPEÑAS|MOLINO DE CHINCHA|ZORITA,5,True
ES9278,Chodes,,Ebro,-1.461111111111111,41.49444444444445,-1.460417,41.494583,60.0,7561.53,7561,1.0,True,,1019.3595611736229,1699.307522123894,"LECHAGO|MONTEAGUDO DE LAS VICARIAS|TRANQUERA, LA",3,True
ES4273,Zujar,,Guadiana,-5.492222222222222,38.90972222222222,-5.492083,38.91125,169.2,7674.24,7640,1.004,True,,549.5232699595211,1238.0,"SERENA, LA|ZUJAR",2,True
ES3009,Almoguera,,Tajo,-2.9225,40.29472222222222,-2.92375,40.295417,132.4,7757.77,7750,1.001,True,,1083.7047380272536,1907.0,"BOLARQUE|BUENDIA|BUJEDA, LA|ENTREPEÑAS|MOLINO DE CHINCHA|ZORITA",6,True
ES9096,Balaguer,,Ebro,0.8069444444444445,41.793055555555554,0.807917,41.792917,82.6,7773.1,7796,0.997,True,,1175.3348066682909,2949.0,"BOREN-ESTERRI|CAMARASA|CAPDELLA (SISTEMA)|CERTESCANS|ESPOT (SISTEMA)|OLIANA|RIALB|SALLENTE|SAN LORENZO MONGAY|TABESCAN|TALARN O TREMP|TERRADETS|TORRASA, LA",13,True
ES3149,Almoguera,,Tajo,-2.968055555555556,40.26138888888889,-2.967917,40.26125,19.6,7840.84,7880,0.995,True,,1075.502690664074,1907.0,"ALMOGUERA|BOLARQUE|BUENDIA|BUJEDA, LA|ENTREPEÑAS|MOLINO DE CHINCHA|ZORITA",7,True
ES7167,"Menju, El",,Segura,-1.4155555555555557,38.22055555555556,-1.414583,38.22125,114.0,8336.84,8015,1.04,True,,819.3444820013779,2017.0,"ALFONSO XIII|ANCHURICAS|ARGOS|CAMARILLAS|CENAJO|FUENSANTA|TAIBILLA|TALAVE|VIEJA, LA O NOVIA, LA",9,True
ES5165,"Villar, El",,Guadalquivir,-5.1075,37.60361111111112,-5.107917,37.602917,84.4,8052.25,8022,1.004,True,,663.4632116085137,3296.0,"BERMEJALES, LOS|CANALES|COLOMERA|CORDOBILLA|CUBILLAS|IZNAJAR|MALPASILLO-JAUJA|QUENTAR",8,True
ES7016,Cieza,,Segura,-1.4308333333333334,38.23777777777778,-1.430417,38.237917,39.5,8317.99,8026,1.036,True,,819.3444820013779,2017.0,"ALFONSO XIII|ANCHURICAS|ARGOS|CAMARILLAS|CENAJO|FUENSANTA|TAIBILLA|TALAVE|VIEJA, LA O NOVIA, LA",9,True
ES5048,Ecija,,Guadalquivir,-5.719166666666667,37.55805555555556,-5.72125,37.55875,201.9,31.13,8028,0.004,False,,121.33047435673024,242.0,,0,False
ES7067,"Menju, El",,Segura,-1.412222222222222,38.219166666666666,-1.412083,38.220417,138.3,8336.93,8045,1.036,True,,819.3444820013779,2017.0,"ALFONSO XIII|ANCHURICAS|ARGOS|CAMARILLAS|CENAJO|FUENSANTA|TAIBILLA|TALAVE|VIEJA, LA O NOVIA, LA",9,True
ES5121,Presa De El Judio,,Guadalquivir,-5.208333333333334,37.67083333333333,-5.207917,37.67125,58.4,8152.25,8098,1.007,True,,663.4632116085137,3296.0,"BERMEJALES, LOS|CANALES|COLOMERA|CORDOBILLA|CUBILLAS|IZNAJAR|MALPASILLO-JAUJA|QUENTAR",8,True
ES5003,Pedro Marin (Calancha),,Guadalquivir,-3.4125,37.90861111111111,-3.412083,37.90875,39.6,8545.54,8415,1.016,True,,1015.6916928122687,3096.0,"AGUASCEBAS|BOLERA, LA|DOÑA ALDONZA|FRANCISCO ABELLAN-PEÑON DE LOS GITANOS|NEGRATIN|PEDRO MARIN|PORTILLO, EL|SAN CLEMENTE|TRANCO DE BEAS",9,True
ES7117,Blanca,,Segura,-1.3780555555555556,38.17916666666667,-1.377917,38.179583,47.4,8822.79,8486,1.04,True,,795.2866917091495,2017.0,"ALFONSO XIII|ANCHURICAS|ARGOS|CAMARILLAS|CENAJO|FUENSANTA|TAIBILLA|TALAVE|VIEJA, LA O NOVIA, LA",9,True
ES4105,Villanueva De La Serena,,Guadiana,-5.758611111111111,39.000277777777775,-5.75875,39.000417,19.7,8511.26,8508,1.0,True,,537.5560402165507,1238.0,"SERENA, LA|ZUJAR",2,True
ES7017,Abaran,,Segura,-1.3869444444444443,38.20055555555556,-1.38625,38.200417,63.3,8800.14,8514,1.034,True,,795.2906880626787,2017.0,"ALFONSO XIII|ANCHURICAS|ARGOS|CAMARILLAS|CENAJO|FUENSANTA|TAIBILLA|TALAVE|VIEJA, LA O NOVIA, LA",9,True
ES3248,Fuentidueña,,Tajo,-3.15,40.10916666666667,-3.150417,40.109583,58.7,8555.05,8528,1.003,True,,1035.2291443581082,1907.0,"ALMOGUERA|BOLARQUE|BUENDIA|BUJEDA, LA|ENTREPEÑAS|MOLINO DE CHINCHA|ZORITA",7,True
ES7062,Ojos,,Segura,-1.3397222222222225,38.149166666666666,-1.339583,38.149583,47.4,8846.86,8557,1.034,True,,795.2914593994919,2017.0,"ALFONSO XIII|ANCHURICAS|ARGOS|CAMARILLAS|CENAJO|FUENSANTA|OJOS|TAIBILLA|TALAVE|VIEJA, LA O NOVIA, LA",10,True
ES7018,Archena,,Segura,-1.3027777777777778,38.12861111111111,-1.302917,38.129583,108.2,8902.09,8754,1.017,True,,795.2911305188181,2017.0,"ALFONSO XIII|ANCHURICAS|ARGOS|CAMARILLAS|CENAJO|FUENSANTA|MAYES|OJOS|TAIBILLA|TALAVE|VIEJA, LA O NOVIA, LA",11,True
ES3174,Puente Titulcia,,Tajo,-3.580833333333333,40.13666666666666,-3.577083,40.134583,397.9,8803.9,8890,0.99,True,,915.4687113951011,2343.0,"ALCORLO|ATANCE, EL|ATAZAR, EL|BELEÑA|NAVACERRADA|PALMACES|PARDO, EL|PINILLA|PUENTES VIEJAS|RIOSEQUILLO|SANTILLANA|VADO, EL|VELLON, EL|VILLAR, EL",14,True
ES5061,Racioneros,,Guadalquivir,-3.618611111111111,37.95138888888889,-3.61875,37.952083,77.9,9069.47,8936,1.015,True,,999.6869342325696,3096.0,"AGUASCEBAS|BOLERA, LA|DOÑA ALDONZA|FRANCISCO ABELLAN-PEÑON DE LOS GITANOS|NEGRATIN|PEDRO MARIN|PORTILLO, EL|SAN CLEMENTE|TRANCO DE BEAS",9,True
ES3259,Villarubia De Santiago,,Tajo,-3.366111111111111,40.03861111111111,-3.36625,40.037917,77.6,8972.68,9048,0.992,True,,1019.6535489219084,1907.0,"ALMOGUERA|BOLARQUE|BUENDIA|BUJEDA, LA|ENTREPEÑAS|MOLINO DE CHINCHA|ZORITA",7,True
ES3258,Embocador,,Tajo,-3.5613888888888887,40.04416666666666,-3.56125,40.04375,47.8,9230.45,9312,0.991,True,,1003.3608767026042,1907.0,"ALMOGUERA|BOLARQUE|BUENDIA|BUJEDA, LA|ENTREPEÑAS|MOLINO DE CHINCHA|ZORITA",7,True
ES3011,Aranjuez,,Tajo,-3.5919444444444446,40.04333333333333,-3.592083,40.04625,323.3,9252.86,9340,0.991,True,,1003.3608767026042,1907.0,"ALMOGUERA|BOLARQUE|BUENDIA|BUJEDA, LA|ENTREPEÑAS|MOLINO DE CHINCHA|ZORITA",7,True
ES7863,Contraparada (Presa),,Segura,-1.2180555555555557,37.99555555555556,-1.217083,37.99625,114.2,10044.22,9528,1.054,True,,747.534255606053,2017.0,"ALFONSO XIII|ANCHURICAS|ARGOS|CAMARILLAS|CENAJO|CIERVA, LA|FUENSANTA|MAYES|OJOS|TAIBILLA|TALAVE|VIEJA, LA O NOVIA, LA",12,True
ES7821,Murcia (Azud Malecon),,Segura,-1.1375,37.97944444444445,-1.137083,37.979583,39.7,10100.24,9578,1.055,True,,747.530654502896,2017.0,"ALFONSO XIII|ANCHURICAS|ARGOS|CAMARILLAS|CENAJO|CIERVA, LA|FUENSANTA|MAYES|OJOS|TAIBILLA|TALAVE|VIEJA, LA O NOVIA, LA",12,True
ES7063,Contraparada,,Segura,-1.2141666666666666,38.00944444444445,-1.215417,38.009583,111.7,10042.11,9600,1.046,True,,747.534255606053,2017.0,"ALFONSO XIII|ANCHURICAS|ARGOS|CAMARILLAS|CENAJO|CIERVA, LA|FUENSANTA|MAYES|OJOS|TAIBILLA|TALAVE|VIEJA, LA O NOVIA, LA",12,True
ES9017,Fraga,,Ebro,0.3233333333333333,41.551944444444445,0.324583,41.552083,105.6,9560.22,9612,0.995,True,,567.376222804298,3235.0,"ARGUIS|BARASONA-JOAQUIN COSTA|FITAS, LAS|GRADO I|GUARA|LINSOLES|MEDIANO|MONTEARAGON|PINETA|PLANDESCUN|SAN GREGORIO|SAN SALVADOR|SANTA MARIA DE BELSUE|TORROLLON|VADIELLO|VALDABRA",16,True
ES9087,Grisen,,Ebro,-1.1758333333333335,41.73277777777778,-1.177083,41.727917,547.5,9599.18,9694,0.99,True,,971.592203136016,1699.4791252485088,"LECHAGO|MAIDEVERA|MONTEAGUDO DE LAS VICARIAS|TRANQUERA, LA",4,True
ES7121,Rincon De Beniscornia,,Segura,-1.1663888888888887,37.985,-1.16625,37.985417,47.4,10078.29,9741,1.035,True,,747.530654502896,2017.0,"ALFONSO XIII|ANCHURICAS|ARGOS|CAMARILLAS|CENAJO|CIERVA, LA|FUENSANTA|MAYES|OJOS|TAIBILLA|TALAVE|VIEJA, LA O NOVIA, LA",12,True
ES4203,Buenavista,,Guadiana,-3.365,39.30166666666666,-3.365417,39.304583,325.2,11478.35,9930,1.156,True,,757.4827055439049,1176.0,CAMPOS DEL PARAISO|PEÑARROYA,2,True
ES4904,Villarrubia,,Guadiana,-3.5872222222222225,39.19888888888889,-3.587083,39.199583,77.5,11844.08,10319,1.148,True,,753.6239930134742,1176.0,CAMPOS DEL PARAISO|PEÑARROYA,2,True
ES9149,"Cortijo, El",,Ebro,-2.5305555555555554,42.484722222222224,-2.530417,42.48375,108.6,10252.46,10356,0.99,True,,803.5146875691024,2202.0,ALBIÑA|CERECEDA|EBRO|MANSILLA|SOBRON|ULLIVARRI|URRUNAGA|VALBORNEDO,8,True
ES8144,Alcala Del Jucar,,Jucar,-1.425277777777778,39.196666666666665,-1.424583,39.197083,75.3,10416.12,10785,0.966,True,,843.5094680898576,1810.5247524752476,"ALARCON|TOBA, LA",2,True
ES9024,Lerida,,Ebro,0.6186111111111111,41.60638888888889,0.617917,41.604583,207.7,11552.24,11369,1.016,True,,919.8746461395278,3013.4174757281553,"BASERCA|BOREN-ESTERRI|CAMARASA|CANELLES|CAPDELLA (SISTEMA)|CAVALLERS|CERTESCANS|ESCALES|ESPOT (SISTEMA)|LLAUSET|OLIANA|RIALB|SALLENTE|SAN LORENZO MONGAY|SANTA ANA|TABESCAN|TALARN O TREMP|TERRADETS|TORRASA, LA",19,True
ES3175,Aranjuez (P.Largo),,Tajo,-3.608611111111111,40.08416666666667,-3.60875,40.084583,47.8,11526.93,11549,0.998,True,,915.5103191021486,2343.0,"ALCORLO|ATANCE, EL|ATAZAR, EL|BELEÑA|NAVACERRADA|PALMACES|PARDO, EL|PINILLA|PUENTES VIEJAS|RIOSEQUILLO|SANTILLANA|TAJERA, LA|VADO, EL|VELLON, EL|VILLAR, EL",15,True
ES9120,Mendavia,,Ebro,-2.205555555555556,42.41583333333333,-2.204583,42.41625,92.1,11987.38,12010,0.998,True,,811.571180449584,2202.0,ALBIÑA|CERECEDA|EBRO|GONZALEZ LACASA|MANSILLA|PAJARES|SOBRON|TERROBA|ULLIVARRI|URRUNAGA|VALBORNEDO,11,True
ES2132,Quintanilla De Onesimo,,Duero,-4.3613888888888885,41.62833333333333,-4.36125,41.62875,47.5,12202.38,12093,1.009,True,,1027.3933947397327,2248.0,"BURGOMILLODO|CUERDA DEL POZO|LINARES DEL ARROYO|VENCIAS, LAS",4,True
ES1828,"Peroja, La",,Mino-Sil,-7.735555555555556,42.45111111111111,-7.734583,42.450417,112.1,12646.47,12685,0.997,True,,707.3888650375231,2073.0,"BAO|BARCENA|BELESAR|CAMPAÑANA|CENZA|CHANDREJA|EDRADA-CONSO|EDRADA-MAO|FUENTE DEL AZUFRE|GUISTOLAS|LEBOREIRO-MAO|MONTEARENAS|MONTEFURADO|PEARES, LOS|PEÑARRUBIA|PIAS O SAN AGUSTIN|PORTAS, LAS|PRADA|PUMARES|ROZAS, LAS - MATALAVILLA (SIST.)|SAN ESTEBAN|SAN MARTIN|SAN PEDRO|SAN SEBASTIAN|SANTA EULALIA|SANTIAGO|SEQUEIROS|VILASOUTO|VILL / MAO /REGUEIRO",29,True
ES2015,Herrera De Duero,,Duero,-4.666388888888889,41.565,-4.66625,41.565417,47.5,12837.37,12740,1.008,True,,1019.4804354689454,2248.0,"BURGOMILLODO|CUERDA DEL POZO|LINARES DEL ARROYO|VENCIAS, LAS",4,True
ES9025,Seros,,Ebro,0.4163888888888889,41.45166666666667,0.41625,41.45375,231.1,12928.1,12782,1.011,True,,791.4206048364782,3013.4174757281553,"BASERCA|BOREN-ESTERRI|CAMARASA|CANELLES|CAPDELLA (SISTEMA)|CAVALLERS|CERTESCANS|ESCALES|ESPOT (SISTEMA)|LLAUSET|OLIANA|RIALB|SALLENTE|SAN LORENZO MONGAY|SANTA ANA|TABESCAN|TALARN O TREMP|TERRADETS|TORRASA, LA",19,True
ES1631,Orense,,Mino-Sil,-7.875833333333333,42.34555555555556,-7.87625,42.345417,37.4,13084.62,12958,1.01,True,,691.4917615684012,2073.0,"BAO|BARCENA|BELESAR|CAMPAÑANA|CENZA|CHANDREJA|EDRADA-CONSO|EDRADA-MAO|FUENTE DEL AZUFRE|GUISTOLAS|LEBOREIRO-MAO|MONTEARENAS|MONTEFURADO|PEARES, LOS|PEÑARRUBIA|PIAS O SAN AGUSTIN|PORTAS, LAS|PRADA|PUMARES|ROZAS, LAS - MATALAVILLA (SIST.)|SAN ESTEBAN|SAN MARTIN|SAN PEDRO|SAN SEBASTIAN|SANTA EULALIA|SANTIAGO|SEQUEIROS|VELLE|VILASOUTO|VILL / MAO /REGUEIRO",30,True
ES7164,Alquerias,,Segura,-1.043888888888889,38.0125,-1.04375,38.012917,47.4,13361.49,13274,1.007,True,,723.3800092456154,2019.1068702290079,"ALFONSO XIII|ALGECIRAS|ANCHURICAS|ARGOS|CAMARILLAS|CENAJO|CIERVA, LA|FUENSANTA|MAYES|OJOS|PUENTES|TAIBILLA|TALAVE|VALDEINFIERNO|VIEJA, LA O NOVIA, LA",15,True
ES7173,"Norias, Las",,Segura,-0.9994444444444444,38.055277777777775,-0.99625,38.054583,293.3,13757.44,13311,1.034,True,,707.3845763127474,2019.1068702290079,"ALFONSO XIII|ALGECIRAS|ANCHURICAS|ARGOS|CAMARILLAS|CENAJO|CIERVA, LA|FUENSANTA|MAYES|OJOS|PUENTES|SANTOMERA|TAIBILLA|TALAVE|VALDEINFIERNO|VIEJA, LA O NOVIA, LA",16,True
ES7064,Beniel,,Segura,-1.0061111111111112,38.04805555555556,-1.004583,38.04625,242.3,13566.2,13478,1.007,True,,715.4730481865756,2019.1068702290079,"ALFONSO XIII|ALGECIRAS|ANCHURICAS|ARGOS|CAMARILLAS|CENAJO|CIERVA, LA|FUENSANTA|MAYES|OJOS|PUENTES|TAIBILLA|TALAVE|VALDEINFIERNO|VIEJA, LA O NOVIA, LA",15,True
ES2027,Dueñas,,Duero,-4.536388888888888,41.865833333333335,-4.537917,41.867083,189.4,13443.93,13560,0.991,True,,915.5116798111036,2394.0,"AGUILAR DE CAMPOO|ARLANZON|CAMPORREDONDO|CERVERA DE RUESGA|COMPUERTO|REQUEJADA, LA|UZQUIZA",7,True
ES7028,Orihuela,,Segura,-0.9558333333333332,38.086666666666666,-0.95625,38.080417,690.2,13805.15,13603,1.015,True,,707.3845763127474,2019.1068702290079,"ALFONSO XIII|ALGECIRAS|ANCHURICAS|ARGOS|CAMARILLAS|CENAJO|CIERVA, LA|FUENSANTA|MAYES|OJOS|PUENTES|SANTOMERA|TAIBILLA|TALAVE|VALDEINFIERNO|VIEJA, LA O NOVIA, LA",16,True
ES7174,Orihuela,,Segura,-0.9708333333333332,38.07638888888889,-0.97125,38.07625,39.6,13794.43,13612,1.013,True,,707.3845763127474,2019.1068702290079,"ALFONSO XIII|ALGECIRAS|ANCHURICAS|ARGOS|CAMARILLAS|CENAJO|CIERVA, LA|FUENSANTA|MAYES|OJOS|PUENTES|SANTOMERA|TAIBILLA|TALAVE|VALDEINFIERNO|VIEJA, LA O NOVIA, LA",16,True
ES7628,Azud De Los Huertos,,Segura,-0.9713888888888887,38.07527777777778,-0.972083,38.075417,63.4,13794.38,13639,1.011,True,,707.3845763127474,2019.1068702290079,"ALFONSO XIII|ALGECIRAS|ANCHURICAS|ARGOS|CAMARILLAS|CENAJO|CIERVA, LA|FUENSANTA|MAYES|OJOS|PUENTES|SANTOMERA|TAIBILLA|TALAVE|VALDEINFIERNO|VIEJA, LA O NOVIA, LA",16,True
ES7128,Orihuela (Pasarela Salesas),,Segura,-0.95,38.08416666666667,-0.952083,38.079583,535.6,13805.63,13651,1.011,True,,707.3845763127474,2019.1068702290079,"ALFONSO XIII|ALGECIRAS|ANCHURICAS|ARGOS|CAMARILLAS|CENAJO|CIERVA, LA|FUENSANTA|MAYES|OJOS|PUENTES|SANTOMERA|TAIBILLA|TALAVE|VALDEINFIERNO|VIEJA, LA O NOVIA, LA",16,True
ES7175,Manzano Y Ferrer,,Segura,-0.8994444444444444,38.08444444444444,-0.90125,38.07875,646.1,14276.54,14088,1.013,True,,691.516760904685,2019.1068702290079,"ALFONSO XIII|ALGECIRAS|ANCHURICAS|ARGOS|CAMARILLAS|CENAJO|CIERVA, LA|FUENSANTA|MAYES|OJOS|PUENTES|SANTOMERA|TAIBILLA|TALAVE|VALDEINFIERNO|VIEJA, LA O NOVIA, LA",16,True
ES7165,Jacarilla,,Segura,-0.8711111111111112,38.07222222222222,-0.87125,38.070417,199.5,14293.02,14254,1.003,True,,691.516760904685,2019.1068702290079,"ALFONSO XIII|ALGECIRAS|ANCHURICAS|ARGOS|CAMARILLAS|CENAJO|CIERVA, LA|FUENSANTA|MAYES|OJOS|PUENTES|SANTOMERA|TAIBILLA|TALAVE|VALDEINFIERNO|VIEJA, LA O NOVIA, LA",16,True
ES2095,Breto,,Duero,-5.765555555555555,41.87222222222222,-5.765417,41.872917,77.7,14382.16,14263,1.008,True,,939.399415031936,2382.0,BARRIOS DE LUNA|CASARES DE ARBAS|CERNADILLA|MONCABRIL (SISTEMA)|NUESTRA SEÑORA DEL AGAVANZAL|PORMA / JUAN BENET|RIAÑO|VALPARAISO|VILLAMECA,9,True
ES7176,Formentera,,Segura,-0.7436111111111111,38.083333333333336,-0.74375,38.082917,47.4,14472.51,14264,1.015,True,,683.5401897330074,2019.1068702290079,"ALFONSO XIII|ALGECIRAS|ANCHURICAS|ARGOS|CAMARILLAS|CENAJO|CIERVA, LA|FUENSANTA|MAYES|OJOS|PEDRERA, LA|PUENTES|SANTOMERA|TAIBILLA|TALAVE|VALDEINFIERNO|VIEJA, LA O NOVIA, LA",17,True
ES7158,Benejuzar,,Segura,-0.8522222222222222,38.07777777777778,-0.852083,38.07875,107.8,14380.89,14267,1.008,True,,691.516760904685,2019.1068702290079,"ALFONSO XIII|ALGECIRAS|ANCHURICAS|ARGOS|CAMARILLAS|CENAJO|CIERVA, LA|FUENSANTA|MAYES|OJOS|PEDRERA, LA|PUENTES|SANTOMERA|TAIBILLA|TALAVE|VALDEINFIERNO|VIEJA, LA O NOVIA, LA",17,True
ES2043,Cabezon De Pisuerga,,Duero,-4.639166666666666,41.74111111111111,-4.637917,41.74125,105.0,14257.08,14283,0.998,True,,907.4690133595715,2394.0,"AGUILAR DE CAMPOO|ARLANZON|CAMPORREDONDO|CERVERA DE RUESGA|COMPUERTO|REQUEJADA, LA|UZQUIZA",7,True
ES7129,Rojales (Nueva),,Segura,-0.7130555555555556,38.09138888888889,-0.715417,38.09375,335.9,14491.98,14331,1.011,True,,683.5401897330074,2019.1068702290079,"ALFONSO XIII|ALGECIRAS|ANCHURICAS|ARGOS|CAMARILLAS|CENAJO|CIERVA, LA|FUENSANTA|MAYES|OJOS|PEDRERA, LA|PUENTES|SANTOMERA|TAIBILLA|TALAVE|VALDEINFIERNO|VIEJA, LA O NOVIA, LA",17,True
ES2530,Breto,,Duero,-5.765555555555555,41.87222222222222,-5.765417,41.872917,77.7,14382.16,14420,0.997,True,,939.399415031936,2382.0,BARRIOS DE LUNA|CASARES DE ARBAS|CERNADILLA|MONCABRIL (SISTEMA)|NUESTRA SEÑORA DEL AGAVANZAL|PORMA / JUAN BENET|RIAÑO|VALPARAISO|VILLAMECA,9,True
ES4024,Puente Navarro,,Guadiana,-3.7630555555555554,39.1125,-3.762917,39.112917,47.4,13838.31,14497,0.955,True,,745.4526708003868,1176.0,CAMPOS DEL PARAISO|PEÑARROYA|PUENTE NAVARRO|PUERTO VALLEHERMOSO,4,True
ES7029,Rojales,,Segura,-0.7216666666666667,38.08916666666667,-0.722917,38.09125,256.4,14481.78,14894,0.972,True,,683.5401897330074,2019.1068702290079,"ALFONSO XIII|ALGECIRAS|ANCHURICAS|ARGOS|CAMARILLAS|CENAJO|CIERVA, LA|FUENSANTA|MAYES|OJOS|PEDRERA, LA|PUENTES|SANTOMERA|TAIBILLA|TALAVE|VALDEINFIERNO|VIEJA, LA O NOVIA, LA",17,True
ES7030,Guardamar (Presa De S. Antonio),,Segura,-0.6616666666666667,38.09277777777778,-0.662917,38.094583,229.1,16608.21,14925,1.113,True,,651.5194476724315,2019.1068702290079,"ALFONSO XIII|ALGECIRAS|ANCHURICAS|ARGOS|CAMARILLAS|CENAJO|CIERVA, LA|CREVILLENTE|ELCHE|ELDA|FUENSANTA|MAYES|OJOS|PEDRERA, LA|PUENTES|SANTOMERA|TAIBILLA|TALAVE|VALDEINFIERNO|VIEJA, LA O NOVIA, LA",20,True
ES5062,Mengibar,,Guadalquivir,-3.8041666666666663,37.98166666666667,-3.80375,37.982083,58.4,15635.21,15511,1.008,True,,855.2660794252251,3096.0,"AGUASCEBAS|BOLERA, LA|DAÑADOR|DOÑA ALDONZA|FERNANDINA, LA|FRANCISCO ABELLAN-PEÑON DE LOS GITANOS|GIRIBAILE|GUADALEN|GUADALMENA|NEGRATIN|PEDRO MARIN|PORTILLO, EL|QUIEBRAJANO|SAN CLEMENTE|SILES|TRANCO DE BEAS",16,True
ES2097,Valladolid-Pisuerga,,Duero,-4.7325,41.66111111111111,-4.73125,41.660417,130.6,15543.59,15638,0.994,True,,907.4465183465807,2394.0,"AGUILAR DE CAMPOO|ARLANZON|CAMPORREDONDO|CERVERA DE RUESGA|COMPUERTO|REQUEJADA, LA|UZQUIZA",7,True
ES1642,Salvatierra De Miño,,Mino-Sil,-8.492777777777777,42.08055555555556,-8.492917,42.08125,78.2,15631.75,15678,0.997,True,,647.2724033988901,2073.0,"ALBARELLOS|BAO|BARCENA|BELESAR|CAMPAÑANA|CASTRELO|CENZA|CHANDREJA|EDRADA-CONSO|EDRADA-MAO|FRIEIRA|FUENTE DEL AZUFRE|GUISTOLAS|LEBOREIRO-MAO|MONTEARENAS|MONTEFURADO|PEARES, LOS|PEÑARRUBIA|PIAS O SAN AGUSTIN|PORTAS, LAS|PRADA|PUMARES|ROZAS, LAS - MATALAVILLA (SIST.)|SAN ESTEBAN|SAN MARTIN|SAN PEDRO|SAN SEBASTIAN|SANTA EULALIA|SANTIAGO|SEQUEIROS|VELLE|VILASOUTO|VILL / MAO /REGUEIRO",33,True
ES5004,Mengibar,,Guadalquivir,-3.799444444444444,37.98416666666667,-3.799583,37.984583,47.8,15633.44,16166,0.967,True,,855.2660794252251,3096.0,"AGUASCEBAS|BOLERA, LA|DAÑADOR|DOÑA ALDONZA|FERNANDINA, LA|FRANCISCO ABELLAN-PEÑON DE LOS GITANOS|GIRIBAILE|GUADALEN|GUADALMENA|NEGRATIN|PEDRO MARIN|PORTILLO, EL|QUIEBRAJANO|SAN CLEMENTE|SILES|TRANCO DE BEAS",16,True
ES4137,Vicario,,Guadiana,-4.028888888888889,39.04194444444444,-4.02875,39.04125,77.9,16204.78,16382,0.989,True,,733.434567674846,1176.0,"CAMPOS DEL PARAISO|GASSET|PEÑARROYA|PUENTE NAVARRO|PUERTO VALLEHERMOSO|VICARIO, EL",6,True
ES5170,Villanueva De La Reina,,Guadalquivir,-3.919722222222222,38.00555555555555,-3.920417,38.007083,180.6,16841.08,16710,1.008,True,,839.1785018345241,3096.0,"AGUASCEBAS|BOLERA, LA|DAÑADOR|DOÑA ALDONZA|FERNANDINA, LA|FRANCISCO ABELLAN-PEÑON DE LOS GITANOS|GIRIBAILE|GUADALEN|GUADALMENA|NEGRATIN|PEDRO MARIN|PORTILLO, EL|QUIEBRAJANO|RUMBLAR|SAN CLEMENTE|SILES|TRANCO DE BEAS",17,True
ES5063,Valtodano,,Guadalquivir,-3.995277777777778,38.01583333333333,-3.992917,38.022083,717.2,16969.07,16825,1.009,True,,839.1785018345241,3096.0,"AGUASCEBAS|BOLERA, LA|DAÑADOR|DOÑA ALDONZA|FERNANDINA, LA|FRANCISCO ABELLAN-PEÑON DE LOS GITANOS|GIRIBAILE|GUADALEN|GUADALMENA|NEGRATIN|PEDRO MARIN|PORTILLO, EL|QUIEBRAJANO|RUMBLAR|SAN CLEMENTE|SILES|TRANCO DE BEAS",17,True
ES8039,Confluencia,,Jucar,-1.0347222222222223,39.240833333333335,-1.034583,39.240417,47.8,16168.08,16955,0.954,True,,867.5564597831573,1809.5,"ALARCON|CONTRERAS|EMBARCADEROS|MOLINAR, EL|TOBA, LA",5,True
ES8042,Tous Salida Embalse,,Jucar,-0.6455555555555555,39.12583333333333,-0.645417,39.125417,47.7,17062.71,17821,0.957,True,,859.3635798818533,1809.5,"ALARCON|CONTRERAS|CORTES 2|EMBARCADEROS|ESCALONA|MOLINAR, EL|MUELA, LA (BOMBEO)|NARANJERO, EL|TOBA, LA|TOUS",10,True
ES8049,Cullera,,Jucar,-0.2744444444444444,39.178888888888885,-0.274583,39.17875,19.4,21375.61,18085,1.182,True,,819.467979392268,1809.5,"ALARCON|ALMANSA|BELLUS|CONTRERAS|CORTES 2|EMBARCADEROS|ESCALONA|FORATA|MOLINAR, EL|MUELA, LA (BOMBEO)|NARANJERO, EL|TOBA, LA|TOUS",13,True
ES4008,Balbuena O Valbuena,,Guadiana,-4.115277777777777,38.89305555555556,-4.115417,38.892917,19.4,18893.33,18816,1.004,True,,737.4651662181631,1176.0,"CAMPOS DEL PARAISO|GASSET|MARISANCHEZ (CABEZUELA, LA)|PEÑARROYA|PUENTE NAVARRO|PUERTO VALLEHERMOSO|VEGA DEL JABALON, LA|VICARIO, EL",8,True
ES5065,Marmolejo,,Guadalquivir,-4.170833333333333,38.06027777777778,-4.170417,38.06125,112.8,19695.21,19571,1.006,True,,807.5626036109899,3096.0,"AGUASCEBAS|BOLERA, LA|DAÑADOR|DOÑA ALDONZA|ENCINAREJO|FERNANDINA, LA|FRANCISCO ABELLAN-PEÑON DE LOS GITANOS|FRESNEDA|FRESNEDA, LA (AZUD)|GIRIBAILE|GUADALEN|GUADALMENA|JANDULA|MONTORO III|NEGRATIN|PEDRO MARIN|PORTILLO, EL|QUIEBRAJANO|RUMBLAR|SAN CLEMENTE|SILES|TRANCO DE BEAS",22,True
ES5066,Casas Nuevas,,Guadalquivir,-4.215555555555556,38.02388888888889,-4.215417,38.02375,19.8,20258.29,20122,1.007,True,,791.5190462444833,3096.0,"AGUASCEBAS|BOLERA, LA|DAÑADOR|DOÑA ALDONZA|ENCINAREJO|FERNANDINA, LA|FRANCISCO ABELLAN-PEÑON DE LOS GITANOS|FRESNEDA|FRESNEDA, LA (AZUD)|GIRIBAILE|GUADALEN|GUADALMENA|JANDULA|MARMOLEJO|MONTORO III|NEGRATIN|PEDRO MARIN|PORTILLO, EL|QUIEBRAJANO|RUMBLAR|SAN CLEMENTE|SILES|TRANCO DE BEAS",23,True
ES3239,Puente De La Barca,,Tajo,-3.7222222222222223,39.98166666666667,-3.725417,39.982917,308.7,21133.09,21047,1.004,True,,947.6011685972957,2343.0,"ALCORLO|ALMOGUERA|ATANCE, EL|ATAZAR, EL|BELEÑA|BOLARQUE|BUENDIA|BUJEDA, LA|ENTREPEÑAS|MOLINO DE CHINCHA|NAVACERRADA|PALMACES|PARDO, EL|PINILLA|PUENTES VIEJAS|RIOSEQUILLO|SANTILLANA|TAJERA, LA|VADO, EL|VELLON, EL|VILLAR, EL|ZORITA",22,True
ES4009,Luciana,,Guadiana,-4.3069444444444445,38.98277777777778,-4.307083,38.982083,77.5,21133.48,21072,1.003,True,,733.4431350430565,1373.0,"CAMPOS DEL PARAISO|GASSET|MARISANCHEZ (CABEZUELA, LA)|PEÑARROYA|PUENTE NAVARRO|PUERTO VALLEHERMOSO|TORRE DE ABRAHAM|VEGA DEL JABALON, LA|VICARIO, EL",9,True
ES8089,Huerto Mulet,,Jucar,-0.4102777777777778,39.18833333333333,-0.410417,39.187917,47.4,21189.31,21497,0.986,True,,819.467979392268,1809.5,"ALARCON|ALMANSA|BELLUS|CONTRERAS|CORTES 2|EMBARCADEROS|ESCALONA|FORATA|MOLINAR, EL|MUELA, LA (BOMBEO)|NARANJERO, EL|TOBA, LA|TOUS",13,True
ES8153,Azud De La Marquesa,,Jucar,-0.2672222222222222,39.1775,-0.270417,39.175417,358.2,21411.62,21561,0.993,True,,819.467979392268,1809.5,"ALARCON|ALMANSA|BELLUS|CONTRERAS|CORTES 2|EMBARCADEROS|ESCALONA|FORATA|MOLINAR, EL|MUELA, LA (BOMBEO)|NARANJERO, EL|TOBA, LA|TOUS",13,True
ES8154,Azud De La Marquesa (Canal),,Jucar,-0.2661111111111111,39.17611111111111,-0.269583,39.174583,343.7,21411.71,21561,0.993,True,,819.467979392268,1809.5,"ALARCON|ALMANSA|BELLUS|CONTRERAS|CORTES 2|EMBARCADEROS|ESCALONA|FORATA|MOLINAR, EL|MUELA, LA (BOMBEO)|NARANJERO, EL|TOBA, LA|TOUS",13,True
ES5067,"Vega, La",,Guadalquivir,-4.329444444444444,38.01361111111111,-4.329583,38.01375,19.8,22084.45,21961,1.006,True,,759.4799991779429,3096.0,"AGUASCEBAS|BOLERA, LA|DAÑADOR|DOÑA ALDONZA|ENCINAREJO|FERNANDINA, LA|FRANCISCO ABELLAN-PEÑON DE LOS GITANOS|FRESNEDA|FRESNEDA, LA (AZUD)|GIRIBAILE|GUADALEN|GUADALMENA|JANDULA|MARMOLEJO|MONTORO III|NEGRATIN|PEDRO MARIN|PORTILLO, EL|QUIEBRAJANO|RUMBLAR|SAN CLEMENTE|SILES|TRANCO DE BEAS|YEGUAS",24,True
ES4261,Puebla De Don Rodrigo,,Guadiana,-4.583611111111111,39.10166666666667,-4.584583,39.102083,96.9,22382.86,22580,0.991,True,,729.519119980406,1373.0,"CAMPOS DEL PARAISO|GASSET|MARISANCHEZ (CABEZUELA, LA)|PEÑARROYA|PUENTE NAVARRO|PUERTO VALLEHERMOSO|TORRE DE ABRAHAM|VEGA DEL JABALON, LA|VICARIO, EL",9,True
ES5069,"Carpio, El",,Guadalquivir,-4.493333333333333,37.97527777777778,-4.492917,37.975417,39.6,22829.7,22706,1.005,True,,759.4617989498514,3096.0,"AGUASCEBAS|ARENOSO|BOLERA, LA|CARPIO, EL|DAÑADOR|DOÑA ALDONZA|ENCINAREJO|FERNANDINA, LA|FRANCISCO ABELLAN-PEÑON DE LOS GITANOS|FRESNEDA|FRESNEDA, LA (AZUD)|GIRIBAILE|GUADALEN|GUADALMENA|JANDULA|MARMOLEJO|MARTIN GONZALO|MONTORO III|NEGRATIN|PEDRO MARIN|PORTILLO, EL|QUIEBRAJANO|RUMBLAR|SAN CLEMENTE|SILES|TRANCO DE BEAS|YEGUAS",27,True
ES3014,Puente Algodor,,Tajo,-3.871111111111111,39.92166666666667,-3.87375,39.92125,230.2,22742.43,23065,0.986,True,,915.4630051133963,2343.0,"ALCORLO|ALMOGUERA|ATANCE, EL|ATAZAR, EL|BELEÑA|BOLARQUE|BUENDIA|BUJEDA, LA|ENTREPEÑAS|MOLINO DE CHINCHA|NAVACERRADA|PALMACES|PARDO, EL|PINILLA|PUENTES VIEJAS|RIOSEQUILLO|SANTILLANA|TAJERA, LA|VADO, EL|VELLON, EL|VILLAR, EL|ZORITA",22,True
ES5070,Cordoba,,Guadalquivir,-4.772222222222222,37.88055555555555,-4.77375,37.879583,170.8,24823.92,24704,1.005,True,,727.414783189442,3096.0,"AGUASCEBAS|ARENOSO|BOLERA, LA|CARPIO, EL|DAÑADOR|DOÑA ALDONZA|ENCINAREJO|FERNANDINA, LA|FRANCISCO ABELLAN-PEÑON DE LOS GITANOS|FRESNEDA|FRESNEDA, LA (AZUD)|GIRIBAILE|GUADALEN|GUADALMELLATO|GUADALMENA|JANDULA|MARMOLEJO|MARTIN GONZALO|MONTORO III|NEGRATIN|PEDRO MARIN|PORTILLO, EL|QUIEBRAJANO|RUMBLAR|SAN CLEMENTE|SAN RAFAEL DE NAVALLANA|SILES|TRANCO DE BEAS|VILLAFRANCA|YEGUAS",30,True
ES3904,Toledo,,Tajo,-3.990833333333333,39.87222222222222,-3.99125,39.872083,38.7,24495.11,24788,0.988,True,,891.5048215240472,2343.0,"ALCORLO|ALMOGUERA|ATANCE, EL|ATAZAR, EL|BELEÑA|BOLARQUE|BUENDIA|BUJEDA, LA|CASTRO, EL|ENTREPEÑAS|FINISTERRE|MOLINO DE CHINCHA|NAVACERRADA|PALMACES|PARDO, EL|PINILLA|PUENTES VIEJAS|RIOSEQUILLO|SANTILLANA|TAJERA, LA|VADO, EL|VELLON, EL|VILLAR, EL|ZORITA",24,True
ES9002,Castejon,,Ebro,-1.6947222222222222,42.18,-1.69375,42.182083,243.7,24976.8,25194,0.991,True,,759.363931989086,2734.0,ALBIÑA|ALLOZ|CERECEDA|EBRO|ENCISO|EUGUI|GONZALEZ LACASA|IP|IRABIA|ITOIZ|MAIRAGA|MANSILLA|NAGORE|PAJARES|SOBRON|TERROBA|ULLIVARRI|URDALUR|URRUNAGA|VALBORNEDO|YESA,21,True
ES4266,Orellana,,Guadiana,-5.540277777777778,38.98444444444444,-5.539583,38.984583,62.0,26240.35,26125,1.004,True,,715.4161217633997,1400.0,"CAMPOS DEL PARAISO|CIJARA|GARCIA DE SOLA|GASSET|MARISANCHEZ (CABEZUELA, LA)|ORELLANA|PEÑARROYA|PUENTE NAVARRO|PUERTO VALLEHERMOSO|TORRE DE ABRAHAM|VEGA DEL JABALON, LA|VICARIO, EL",12,True
ES4013,Orellana,,Guadiana,-5.65,39.01833333333333,-5.649583,39.017917,59.2,26313.97,26125,1.007,True,,715.4161217633997,1400.0,"CAMPOS DEL PARAISO|CIJARA|GARCIA DE SOLA|GASSET|MARISANCHEZ (CABEZUELA, LA)|ORELLANA|PEÑARROYA|PUENTE NAVARRO|PUERTO VALLEHERMOSO|TORRE DE ABRAHAM|VEGA DEL JABALON, LA|VICARIO, EL",12,True
ES9162,Pignatelli,,Ebro,-1.5566666666666666,42.02055555555555,-1.555417,42.02125,128.5,26114.77,26427,0.988,True,,743.500074290384,2734.0,ALBIÑA|ALLOZ|CERECEDA|EBRO|ENCISO|EUGUI|GONZALEZ LACASA|IP|IRABIA|ITOIZ|MAIRAGA|MANSILLA|NAGORE|PAJARES|SOBRON|TERROBA|ULLIVARRI|URDALUR|URRUNAGA|VAL|VALBORNEDO|YESA,22,True
ES3012,"Portusa, La",,Tajo,-4.196944444444445,39.86305555555556,-4.19875,39.864583,231.3,26851.1,27159,0.989,True,,867.4541019202758,2343.0,"ALCORLO|ALMOGUERA|ATANCE, EL|ATAZAR, EL|BELEÑA|BOLARQUE|BUENDIA|BUJEDA, LA|CASTRO, EL|ENTREPEÑAS|FINISTERRE|GUAJARAZ|JAROSA, LA|MOLINO DE CHINCHA|NAVACERRADA|NAVALMEDIO|PALMACES|PARDO, EL|PINILLA|PUENTES VIEJAS|RIOSEQUILLO|SANTILLANA|TAJERA, LA|VADO, EL|VALMAYOR|VELLON, EL|VILLAR, EL|ZORITA",28,True
ES3151,Castrejon,,Tajo,-4.2877777777777775,39.831944444444446,-4.287083,39.832917,122.1,27175.08,27482,0.989,True,,867.4560341440765,2343.0,"ALCORLO|ALMOGUERA|ATANCE, EL|ATAZAR, EL|BELEÑA|BOLARQUE|BUENDIA|BUJEDA, LA|CASTREJON|CASTRO, EL|ENTREPEÑAS|FINISTERRE|GUAJARAZ|JAROSA, LA|MOLINO DE CHINCHA|NAVACERRADA|NAVALMEDIO|PALMACES|PARDO, EL|PINILLA|PUENTES VIEJAS|RIOSEQUILLO|SANTILLANA|TAJERA, LA|VADO, EL|VALMAYOR|VELLON, EL|VILLAR, EL|ZORITA",29,True
ES5071,Posadas,,Guadalquivir,-5.701944444444445,37.79888888888889,-5.709583,37.797917,682.2,337.84,29348,0.012,False,,589.5429492380464,894.0,,0,False
ES3026,Talavera Tejar,,Tajo,-4.718055555555556,39.97611111111112,-4.717917,39.974583,169.8,29347.29,29680,0.989,True,,843.4801356841127,2343.0,"ALCORLO|ALMOGUERA|ATANCE, EL|ATAZAR, EL|BELEÑA|BOLARQUE|BUENDIA|BUJEDA, LA|CASTREJON|CASTRO, EL|ENTREPEÑAS|FINISTERRE|GUAJARAZ|JAROSA, LA|MOLINO DE CHINCHA|NAVACERRADA|NAVALMEDIO|PALMACES|PARDO, EL|PINILLA|PUENTES VIEJAS|RIOSEQUILLO|SANTILLANA|TAJERA, LA|TORCON|VADO, EL|VALMAYOR|VELLON, EL|VILLAR, EL|ZORITA",30,True
ES4217,Villanueva De La Serena,,Guadiana,-5.8175,39.02638888888889,-5.817917,39.025417,112.8,34891.16,31469,1.109,True,,675.4365472186873,1400.0,"CAMPOS DEL PARAISO|CIJARA|GARCIA DE SOLA|GASSET|MARISANCHEZ (CABEZUELA, LA)|ORELLANA|PEÑARROYA|PUENTE NAVARRO|PUERTO VALLEHERMOSO|SERENA, LA|TORRE DE ABRAHAM|VEGA DEL JABALON, LA|VICARIO, EL|ZUJAR",14,True
ES5007,Palma Del Rio,,Guadalquivir,-5.288888888888889,37.7175,-5.289583,37.717917,77.6,31799.49,31676,1.004,True,,663.4524436032918,3096.0,"AGUASCEBAS|ARENOSO|BEMBEZAR|BOLERA, LA|BREÑA II, LA|CARPIO, EL|DAÑADOR|DOÑA ALDONZA|ENCINAREJO|FERNANDINA, LA|FRANCISCO ABELLAN-PEÑON DE LOS GITANOS|FRESNEDA|FRESNEDA, LA (AZUD)|GIRIBAILE|GUADALEN|GUADALMELLATO|GUADALMENA|GUADANUÑO-CERRO MURIANO|HORNACHUELOS|JANDULA|MARMOLEJO|MARTIN GONZALO|MONTORO III|NEGRATIN|PEDRO MARIN|PORTILLO, EL|PUENTE NUEVO|QUIEBRAJANO|RUMBLAR|SAN CLEMENTE|SAN RAFAEL DE NAVALLANA|SIERRA BOYERA|SILES|TRANCO DE BEAS|VADOMOJON|VIBORAS|VILLAFRANCA|YEGUAS",38,True
ES3015,Talavera,,Tajo,-4.816111111111111,39.95444444444445,-4.81625,39.952917,169.4,33543.19,33849,0.991,True,,827.5082123207587,2343.0,"ACEÑA|ALCORLO|ALMOGUERA|ATANCE, EL|ATAZAR, EL|BELEÑA|BOLARQUE|BUENDIA|BUJEDA, LA|BURGUILLO, EL|CASTREJON|CASTRO, EL|CAZALEGAS|CHARCO DEL CURA (PUENTE NUEVO)|ENTREPEÑAS|FINISTERRE|GUAJARAZ|JAROSA, LA|MOLINO DE CHINCHA|MORALES|NAVACERRADA|NAVALMEDIO|PALMACES|PARDO, EL|PICADAS|PINILLA|PUENTES VIEJAS|RIOSEQUILLO|SAN JUAN|SANTILLANA|TAJERA, LA|TORCON|VADO, EL|VALMAYOR|VELLON, EL|VILLAR, EL|ZORITA",37,True
ES3024,Talavera La Vistilla,,Tajo,-4.8475,39.94,-4.845417,39.940417,183.7,33596.63,33859,0.992,True,,827.5082123207587,2343.0,"ACEÑA|ALCORLO|ALMOGUERA|ATANCE, EL|ATAZAR, EL|BELEÑA|BOLARQUE|BUENDIA|BUJEDA, LA|BURGUILLO, EL|CASTREJON|CASTRO, EL|CAZALEGAS|CHARCO DEL CURA (PUENTE NUEVO)|ENTREPEÑAS|FINISTERRE|GUAJARAZ|JAROSA, LA|MOLINO DE CHINCHA|MORALES|NAVACERRADA|NAVALMEDIO|PALMACES|PARDO, EL|PICADAS|PINILLA|PORTIÑA, LA|PUENTES VIEJAS|RIOSEQUILLO|SAN JUAN|SANTILLANA|TAJERA, LA|TORCON|VADO, EL|VALMAYOR|VELLON, EL|VILLAR, EL|ZORITA",38,True
ES4014,Villanueva De La Serena,,Guadiana,-5.800833333333333,39.01972222222222,-5.800417,39.020417,84.3,34887.52,34771,1.003,True,,675.4365472186873,1400.0,"CAMPOS DEL PARAISO|CIJARA|GARCIA DE SOLA|GASSET|MARISANCHEZ (CABEZUELA, LA)|ORELLANA|PEÑARROYA|PUENTE NAVARRO|PUERTO VALLEHERMOSO|SERENA, LA|TORRE DE ABRAHAM|VEGA DEL JABALON, LA|VICARIO, EL|ZUJAR",14,True
ES3203,Azutan,,Tajo,-5.088888888888889,39.77444444444444,-5.087083,39.775417,187.2,34758.98,35069,0.991,True,,819.4973234677484,2343.0,"ACEÑA|ALCORLO|ALMOGUERA|ATANCE, EL|ATAZAR, EL|AZUTAN|BELEÑA|BOLARQUE|BUENDIA|BUJEDA, LA|BURGUILLO, EL|CASTREJON|CASTRO, EL|CAZALEGAS|CHARCO DEL CURA (PUENTE NUEVO)|ENTREPEÑAS|FINISTERRE|GUAJARAZ|JAROSA, LA|MOLINO DE CHINCHA|MORALES|NAVACERRADA|NAVALMEDIO|PALMACES|PARDO, EL|PICADAS|PINILLA|PORTIÑA, LA|PUENTES VIEJAS|RIOSEQUILLO|SAN JUAN|SANTILLANA|TAJERA, LA|TORCON|VADO, EL|VALMAYOR|VELLON, EL|VILLAR, EL|ZORITA",39,True
ES3152,Valdecañas,,Tajo,-5.613055555555556,39.778055555555554,-5.612917,39.777917,19.6,36200.07,36513,0.991,True,,803.4948534701261,2343.0,"ACEÑA|ALCORLO|ALMOGUERA|ATANCE, EL|ATAZAR, EL|AZUTAN|BELEÑA|BOLARQUE|BUENDIA|BUJEDA, LA|BURGUILLO, EL|CASTREJON|CASTRO, EL|CAZALEGAS|CHARCO DEL CURA (PUENTE NUEVO)|ENTREPEÑAS|FINISTERRE|GUAJARAZ|JAROSA, LA|MOLINO DE CHINCHA|MORALES|NAVACERRADA|NAVALMEDIO|PALMACES|PARDO, EL|PICADAS|PINILLA|PORTIÑA, LA|PUENTES VIEJAS|RIOSEQUILLO|SAN JUAN|SANTILLANA|TAJERA, LA|TORCON|VADO, EL|VALDECAÑAS|VALMAYOR|VELLON, EL|VILLAR, EL|ZORITA",40,True
ES2054,San Miguel Del Pino,,Duero,-4.930555555555556,41.50416666666667,-4.92625,41.50125,487.8,36727.11,36570,1.004,True,,947.4331594061723,2394.0,"AGUILAR DE CAMPOO|ARLANZON|BURGOMILLODO|CAMPORREDONDO|CASTRO DE LAS COGOTAS|CERVERA DE RUESGA|COMPUERTO|CUERDA DEL POZO|LINARES DEL ARROYO|PONTON ALTO|REQUEJADA, LA|UZQUIZA|VENCIAS, LAS",13,True
ES3016,Torrejon-Tajo,,Tajo,-6.021111111111111,39.83805555555556,-6.02125,39.837917,19.3,41236.53,37094,1.112,True,,775.3477892650563,2467.0,"ACEÑA|ALCORLO|ALMOGUERA|ATANCE, EL|ATAZAR, EL|AZUTAN|BELEÑA|BOLARQUE|BUENDIA|BUJEDA, LA|BURGUILLO, EL|CASTREJON|CASTRO, EL|CAZALEGAS|CHARCO DEL CURA (PUENTE NUEVO)|ENTREPEÑAS|FINISTERRE|GUAJARAZ|JAROSA, LA|MOLINO DE CHINCHA|MORALES|NAVACERRADA|NAVALCAN|NAVALMEDIO|PALMACES|PARDO, EL|PICADAS|PINILLA|PORTIÑA, LA|PUENTES VIEJAS|RIOSEQUILLO|ROSARITO|SAN JUAN|SANTILLANA|TAJERA, LA|TORCON|TORREJON-TAJO|TORREJON-TIETAR|VADO, EL|VALDECAÑAS|VALMAYOR|VELLON, EL|VILLAR, EL|ZORITA",44,True
ES4225,Valverde,,Guadiana,-6.189166666666667,38.88972222222222,-6.19375,38.892917,538.7,39213.04,38712,1.013,True,,659.4255053168806,1541.0,"ALCOLLARIN|BURDALO|CAMPOS DEL PARAISO|CANCHO DEL FRESNO|CIJARA|CUBILAR|GARCIA DE SOLA|GARGALIGAS|GASSET|LAVADERO O RUECAS (AZUD)|MARISANCHEZ (CABEZUELA, LA)|ORELLANA|PEÑARROYA|PUENTE NAVARRO|PUERTO VALLEHERMOSO|RUECAS|SERENA, LA|SIERRA BRAVA|TORRE DE ABRAHAM|VEGA DEL JABALON, LA|VICARIO, EL|ZUJAR",22,True
ES9311,Zaragoza (Ronda Norte),,Ebro,-0.8994444444444444,41.68194444444444,-0.90625,41.68375,604.3,40113.8,40311,0.995,True,,759.3973687363297,2734.0,"ALBIÑA|ALLOZ|CERECEDA|EBRO|ENCISO|EUGUI|GONZALEZ LACASA|IP|IRABIA|ITOIZ|LAVERNE|LECHAGO|LOTETA, LA|MAIDEVERA|MAIRAGA|MANSILLA|MONTEAGUDO DE LAS VICARIAS|NAGORE|PAJARES|SAN BARTOLOME|SOBRON|TERROBA|TRANQUERA, LA|ULLIVARRI|URDALUR|URRUNAGA|VAL|VALBORNEDO|YESA",29,True
ES9011,Zaragoza,,Ebro,-0.8811111111111112,41.65861111111111,-0.88125,41.65875,19.4,41232.01,40434,1.02,True,,759.4091343797131,2734.0,"ALBIÑA|ALLOZ|CERECEDA|EBRO|ENCISO|EUGUI|GONZALEZ LACASA|IP|IRABIA|ITOIZ|LAVERNE|LECHAGO|LOTETA, LA|MAIDEVERA|MAIRAGA|MANSILLA|MEZALOCHA|MONTEAGUDO DE LAS VICARIAS|NAGORE|PAJARES|SAN BARTOLOME|SOBRON|TERROBA|TRANQUERA, LA|ULLIVARRI|URDALUR|URRUNAGA|VAL|VALBORNEDO|YESA",30,True
ES5124,Lora Del Rio,,Guadalquivir,-5.522222222222222,37.644444444444446,-5.522083,37.64375,78.0,41490.44,41305,1.004,True,,647.5018382892425,3296.0,"AGUASCEBAS|ARENOSO|BEMBEZAR|BERMEJALES, LOS|BOLERA, LA|BREÑA II, LA|CANALES|CARPIO, EL|COLOMERA|CORDOBILLA|CUBILLAS|DAÑADOR|DOÑA ALDONZA|ENCINAREJO|FERNANDINA, LA|FRANCISCO ABELLAN-PEÑON DE LOS GITANOS|FRESNEDA|FRESNEDA, LA (AZUD)|GIRIBAILE|GUADALEN|GUADALMELLATO|GUADALMENA|GUADANUÑO-CERRO MURIANO|HORNACHUELOS|IZNAJAR|JANDULA|JOSE TORAN|MALPASILLO-JAUJA|MARMOLEJO|MARTIN GONZALO|MONTORO III|NEGRATIN|PEDRO MARIN|PORTILLO, EL|PUENTE NUEVO|QUENTAR|QUIEBRAJANO|RETORTILLO|RETORTILLO (DERIVACION)|RUMBLAR|SAN CLEMENTE|SAN RAFAEL DE NAVALLANA|SIERRA BOYERA|SILES|TRANCO DE BEAS|VADOMOJON|VIBORAS|VILLAFRANCA|YEGUAS",49,True
ES2062,Toro-Duero,,Duero,-5.412777777777778,41.515,-5.410417,41.512917,306.3,41679.55,41808,0.997,True,,923.416315566263,2394.0,"AGUILAR DE CAMPOO|ARLANZON|BURGOMILLODO|CAMPORREDONDO|CASTRO DE LAS COGOTAS|CERVERA DE RUESGA|COMPUERTO|CUERDA DEL POZO|LINARES DEL ARROYO|PONTON ALTO|REQUEJADA, LA|UZQUIZA|VENCIAS, LAS",13,True
ES4015,Merida,,Guadiana,-6.35,38.91361111111111,-6.347917,38.914583,208.8,42096.59,41924,1.004,True,,651.3462709066728,1541.0,"ALANGE|ALCOLLARIN|BURDALO|CAMPOS DEL PARAISO|CANCHO DEL FRESNO|CIJARA|CUBILAR|GARCIA DE SOLA|GARGALIGAS|GASSET|LAVADERO O RUECAS (AZUD)|MARISANCHEZ (CABEZUELA, LA)|MOLINOS DE MATACHEL, LOS|ORELLANA|PEÑARROYA|PUENTE NAVARRO|PUERTO VALLEHERMOSO|RUECAS|SERENA, LA|SIERRA BRAVA|TORRE DE ABRAHAM|VEGA DEL JABALON, LA|VICARIO, EL|ZUJAR",24,True
ES4234,Montijo,,Guadiana,-6.442222222222222,38.903888888888886,-6.442083,38.90875,537.8,42674.89,42563,1.003,True,,651.3457945195191,1541.0,"ALANGE|ALCOLLARIN|BURDALO|CAMPOS DEL PARAISO|CANCHO DEL FRESNO|CIJARA|CORNALBO|CUBILAR|GARCIA DE SOLA|GARGALIGAS|GASSET|LAVADERO O RUECAS (AZUD)|MARISANCHEZ (CABEZUELA, LA)|MOLINOS DE MATACHEL, LOS|MONTIJO|ORELLANA|PEÑARROYA|PROSERPINA|PUENTE NAVARRO|PUERTO VALLEHERMOSO|RUECAS|SERENA, LA|SIERRA BRAVA|TORRE DE ABRAHAM|VEGA DEL JABALON, LA|VICARIO, EL|ZUJAR",27,True
ES5008,Cantillana,,Guadalquivir,-5.83,37.58972222222222,-5.82875,37.589583,112.4,44590.77,44002,1.013,True,,615.5860515626408,3296.0,"AGUASCEBAS|ARENOSO|BEMBEZAR|BERMEJALES, LOS|BOLERA, LA|BREÑA II, LA|CANALES|CANTILLANA|CARPIO, EL|COLOMERA|CORDOBILLA|CUBILLAS|DAÑADOR|DOÑA ALDONZA|ENCINAREJO|FERNANDINA, LA|FRANCISCO ABELLAN-PEÑON DE LOS GITANOS|FRESNEDA|FRESNEDA, LA (AZUD)|GIRIBAILE|GUADALEN|GUADALMELLATO|GUADALMENA|GUADANUÑO-CERRO MURIANO|HORNACHUELOS|HUESNA|IZNAJAR|JANDULA|JOSE TORAN|MALPASILLO-JAUJA|MARMOLEJO|MARTIN GONZALO|MONTORO III|NEGRATIN|PEDRO MARIN|PORTILLO, EL|PUEBLA DE CAZALLA|PUENTE NUEVO|QUENTAR|QUIEBRAJANO|RETORTILLO|RETORTILLO (DERIVACION)|RUMBLAR|SAN CLEMENTE|SAN RAFAEL DE NAVALLANA|SIERRA BOYERA|SILES|TRANCO DE BEAS|VADOMOJON|VIBORAS|VILLAFRANCA|YEGUAS",52,True
ES5072,Alcala Del Rio,,Guadalquivir,-5.976666666666667,37.51805555555556,-5.975417,37.517917,112.5,46818.39,46134,1.015,True,,599.3537555697008,3296.0,"AGUASCEBAS|ALCALA DEL RIO|ARENOSO|BEMBEZAR|BERMEJALES, LOS|BOLERA, LA|BREÑA II, LA|CANALES|CANTILLANA|CARPIO, EL|COLOMERA|CORDOBILLA|CUBILLAS|DAÑADOR|DOÑA ALDONZA|ENCINAREJO|FERNANDINA, LA|FRANCISCO ABELLAN-PEÑON DE LOS GITANOS|FRESNEDA|FRESNEDA, LA (AZUD)|GIRIBAILE|GUADALEN|GUADALMELLATO|GUADALMENA|GUADANUÑO-CERRO MURIANO|HORNACHUELOS|HUESNA|IZNAJAR|JANDULA|JOSE TORAN|MALPASILLO-JAUJA|MARMOLEJO|MARTIN GONZALO|MELONARES, LOS|MONTORO III|NEGRATIN|PEDRO MARIN|PINTADO, EL|PORTILLO, EL|PUEBLA DE CAZALLA|PUENTE NUEVO|QUENTAR|QUIEBRAJANO|RETORTILLO|RETORTILLO (DERIVACION)|RUMBLAR|SAN CLEMENTE|SAN RAFAEL DE NAVALLANA|SIERRA BOYERA|SILES|TRANCO DE BEAS|VADOMOJON|VIBORAS|VILLAFRANCA|YEGUAS",55,True
ES2121,Zamora,,Duero,-5.7225,41.511944444444445,-5.722917,41.512083,38.3,46206.21,46137,1.002,True,,899.5081681993485,2394.0,"AGUILAR DE CAMPOO|ARLANZON|BURGOMILLODO|CAMPORREDONDO|CASTRO DE LAS COGOTAS|CERVERA DE RUESGA|COMPUERTO|CUERDA DEL POZO|LINARES DEL ARROYO|PONTON ALTO|REQUEJADA, LA|UZQUIZA|VENCIAS, LAS",13,True
ES2066,Carrascal,,Duero,-5.814722222222222,41.48722222222222,-5.815417,41.487917,97.2,46342.87,46700,0.992,True,,899.5084832162916,2394.0,"AGUILAR DE CAMPOO|ARLANZON|BURGOMILLODO|CAMPORREDONDO|CASTRO DE LAS COGOTAS|CERVERA DE RUESGA|COMPUERTO|CUERDA DEL POZO|LINARES DEL ARROYO|PONTON ALTO|REQUEJADA, LA|UZQUIZA|VENCIAS, LAS",13,True
ES9263,Gelsa,,Ebro,-0.4761111111111111,41.39805555555556,-0.472917,41.400417,372.4,46917.43,47133,0.995,True,,743.5093798401155,2964.0,"AGUAS LIMPIAS (SISTEMA)|ALBIÑA|ALLOZ|ALTO CALDARES (SISTEMA)|ARDISA|BUBAL|CERECEDA|EBRO|ENCISO|ESCARRA (SISTEMA)|EUGUI|GONZALEZ LACASA|IP|IRABIA|ITOIZ|LANUZA|LAVERNE|LECHAGO|LOTETA, LA|MAIDEVERA|MAIRAGA|MANSILLA|MEZALOCHA|MONTEAGUDO DE LAS VICARIAS|NAGORE|NAVAS, LAS|PAJARES|PEÑA, LA|SAN BARTOLOME|SOBRON|SOTONERA, LA|TERROBA|TRANQUERA, LA|ULLIVARRI|URDALUR|URRUNAGA|VAL|VALBORNEDO|YESA",39,True
ES4018,Puente De Palmas,,Guadiana,-6.977222222222222,38.88222222222223,-6.977917,38.882917,98.8,48644.01,48515,1.003,True,,627.7496652994397,1541.0,"ALANGE|ALCOLLARIN|BOQUERON, EL|BURDALO|CAMPOS DEL PARAISO|CANCHALES, LOS|CANCHO DEL FRESNO|CIJARA|CORNALBO|CUBILAR|GARCIA DE SOLA|GARGALIGAS|GASSET|HORNO TEJERO|LAVADERO O RUECAS (AZUD)|MARISANCHEZ (CABEZUELA, LA)|MOLINOS DE MATACHEL, LOS|MONTIJO|ORELLANA|PEÑARROYA|PROSERPINA|PUENTE NAVARRO|PUERTO VALLEHERMOSO|RUECAS|SERENA, LA|SIERRA BRAVA|TORRE DE ABRAHAM|VEGA DEL JABALON, LA|VICARIO, EL|VILLALBA DE LOS BARROS|VILLAR DEL REY|ZUJAR",32,True
ES4030,Azud De Badajoz,,Guadiana,-7.0175,38.86194444444445,-7.014583,38.860417,308.3,48671.01,48530,1.003,True,,627.7496652994397,1541.0,"ALANGE|ALCOLLARIN|BOQUERON, EL|BURDALO|CAMPOS DEL PARAISO|CANCHALES, LOS|CANCHO DEL FRESNO|CIJARA|CORNALBO|CUBILAR|GARCIA DE SOLA|GARGALIGAS|GASSET|HORNO TEJERO|LAVADERO O RUECAS (AZUD)|MARISANCHEZ (CABEZUELA, LA)|MOLINOS DE MATACHEL, LOS|MONTIJO|ORELLANA|PEÑARROYA|PROSERPINA|PUENTE NAVARRO|PUERTO VALLEHERMOSO|RUECAS|SERENA, LA|SIERRA BRAVA|TORRE DE ABRAHAM|VEGA DEL JABALON, LA|VICARIO, EL|VILLALBA DE LOS BARROS|VILLAR DEL REY|ZUJAR",32,True
ES4286,Charco De Los Pollos,,Guadiana,-7.044722222222222,38.845,-7.044583,38.84625,138.6,48703.59,48563,1.003,True,,627.7496652994397,1541.0,"ALANGE|ALCOLLARIN|BOQUERON, EL|BURDALO|CAMPOS DEL PARAISO|CANCHALES, LOS|CANCHO DEL FRESNO|CIJARA|CORNALBO|CUBILAR|GARCIA DE SOLA|GARGALIGAS|GASSET|HORNO TEJERO|LAVADERO O RUECAS (AZUD)|MARISANCHEZ (CABEZUELA, LA)|MOLINOS DE MATACHEL, LOS|MONTIJO|ORELLANA|PEÑARROYA|PROSERPINA|PUENTE NAVARRO|PUERTO VALLEHERMOSO|RUECAS|SERENA, LA|SIERRA BRAVA|TORRE DE ABRAHAM|VEGA DEL JABALON, LA|VICARIO, EL|VILLALBA DE LOS BARROS|VILLAR DEL REY|ZUJAR",32,True
ES4019,Benavides,,Guadiana,-7.078333333333333,38.84,-7.077083,38.839583,119.2,49577.98,48570,1.021,True,,619.5337903107084,1541.0,"ALANGE|ALCOLLARIN|BOQUERON, EL|BURDALO|CAMPOS DEL PARAISO|CANCHALES, LOS|CANCHO DEL FRESNO|CIJARA|CORNALBO|CUBILAR|GARCIA DE SOLA|GARGALIGAS|GASSET|HORNO TEJERO|LAVADERO O RUECAS (AZUD)|MARISANCHEZ (CABEZUELA, LA)|MOLINOS DE MATACHEL, LOS|MONTIJO|ORELLANA|PEÑARROYA|PROSERPINA|PUENTE NAVARRO|PUERTO VALLEHERMOSO|RUECAS|SERENA, LA|SIERRA BRAVA|TORRE DE ABRAHAM|VEGA DEL JABALON, LA|VICARIO, EL|VILLALBA DE LOS BARROS|VILLAR DEL REY|ZUJAR",32,True
ES9112,Sastago,,Ebro,-0.375,41.32833333333333,-0.374583,41.32875,57.6,48751.55,48974,0.995,True,,727.4856813847867,2964.0,"AGUAS LIMPIAS (SISTEMA)|ALBIÑA|ALLOZ|ALMOCHUEL|ALTO CALDARES (SISTEMA)|ARDISA|BUBAL|CERECEDA|EBRO|ENCISO|ESCARRA (SISTEMA)|EUGUI|GONZALEZ LACASA|IP|IRABIA|ITOIZ|LANUZA|LAVERNE|LECHAGO|LOTETA, LA|MAIDEVERA|MAIRAGA|MANSILLA|MEZALOCHA|MONEVA|MONTEAGUDO DE LAS VICARIAS|NAGORE|NAVAS, LAS|PAJARES|PEÑA, LA|SAN BARTOLOME|SOBRON|SOTONERA, LA|TERROBA|TRANQUERA, LA|ULLIVARRI|URDALUR|URRUNAGA|VAL|VALBORNEDO|YESA",41,True
ES4249,Badajoz (Guadiana),,Guadiana,-6.995,38.87833333333333,-6.995417,38.877083,142.2,48649.24,49437,0.984,True,,627.7496652994397,1541.0,"ALANGE|ALCOLLARIN|BOQUERON, EL|BURDALO|CAMPOS DEL PARAISO|CANCHALES, LOS|CANCHO DEL FRESNO|CIJARA|CORNALBO|CUBILAR|GARCIA DE SOLA|GARGALIGAS|GASSET|HORNO TEJERO|LAVADERO O RUECAS (AZUD)|MARISANCHEZ (CABEZUELA, LA)|MOLINOS DE MATACHEL, LOS|MONTIJO|ORELLANA|PEÑARROYA|PROSERPINA|PUENTE NAVARRO|PUERTO VALLEHERMOSO|RUECAS|SERENA, LA|SIERRA BRAVA|TORRE DE ABRAHAM|VEGA DEL JABALON, LA|VICARIO, EL|VILLALBA DE LOS BARROS|VILLAR DEL REY|ZUJAR",32,True
ES3019,Alcantara,,Tajo,-6.893055555555555,39.72222222222222,-6.89375,39.722083,61.3,51629.02,51958,0.994,True,,711.2762151755696,2467.0,"ACEÑA|ALCANTARA|ALCORLO|ALMOGUERA|ATANCE, EL|ATAZAR, EL|AZUTAN|BAÑOS|BELEÑA|BOLARQUE|BORBOLLON|BUENDIA|BUJEDA, LA|BURGUILLO, EL|CASTREJON|CASTRO, EL|CAZALEGAS|CHARCO DEL CURA (PUENTE NUEVO)|ENTREPEÑAS|FINISTERRE|GABRIEL Y GALAN|GUADILOBA|GUAJARAZ|GUIJO DE GRANADILLA|JAROSA, LA|JERTE-PLASENCIA|MOLINO DE CHINCHA|MORALES|NAVACERRADA|NAVALCAN|NAVALMEDIO|NAVAMUÑO|PALMACES|PARDO, EL|PICADAS|PINILLA|PORTAJE|PORTIÑA, LA|PUENTES VIEJAS|RIOSEQUILLO|RIVERA DE GATA|ROSARITO|SAN JUAN|SANTILLANA|TAJERA, LA|TORCON|TORREJON-TAJO|TORREJON-TIETAR|VADO, EL|VALDECAÑAS|VALDEOBISPO|VALMAYOR|VELLON, EL|VILLAR, EL|ZORITA",55,True
ES3285,Cedillo,,Tajo,-7.540277777777778,39.66416666666667,-7.540417,39.664583,47.9,57703.37,57964,0.996,True,,679.521976736946,2467.0,"ACEÑA|ALCANTARA|ALCORLO|ALMOGUERA|ATANCE, EL|ATAZAR, EL|AZUTAN|BAÑOS|BELEÑA|BOLARQUE|BORBOLLON|BUENDIA|BUJEDA, LA|BURGUILLO, EL|CASTREJON|CASTRO, EL|CAZALEGAS|CEDILLO|CHARCO DEL CURA (PUENTE NUEVO)|ENTREPEÑAS|FINISTERRE|GABRIEL Y GALAN|GUADILOBA|GUAJARAZ|GUIJO DE GRANADILLA|JAROSA, LA|JERTE-PLASENCIA|MOLINO DE CHINCHA|MORALES|NAVACERRADA|NAVALCAN|NAVALMEDIO|NAVAMUÑO|PALMACES|PARDO, EL|PICADAS|PINILLA|PORTAJE|PORTIÑA, LA|PUENTES VIEJAS|RIOSEQUILLO|RIVERA DE GATA|ROSARITO|SALOR|SAN JUAN|SANTILLANA|TAJERA, LA|TORCON|TORREJON-TAJO|TORREJON-TIETAR|VADO, EL|VALDECAÑAS|VALDEOBISPO|VALMAYOR|VELLON, EL|VILLAR, EL|ZORITA",57,True
ES2093,Puente Pino,,Duero,-6.186388888888889,41.57666666666667,-6.18625,41.57625,47.9,63224.54,63160,1.001,True,,899.4947681217857,2394.0,"AGUILAR DE CAMPOO|ARLANZON|BARRIOS DE LUNA|BURGOMILLODO|CAMPORREDONDO|CASARES DE ARBAS|CASTRO|CASTRO DE LAS COGOTAS|CERNADILLA|CERVERA DE RUESGA|COMPUERTO|CUERDA DEL POZO|LINARES DEL ARROYO|MONCABRIL (SISTEMA)|NUESTRA SEÑORA DEL AGAVANZAL|PONTON ALTO|PORMA / JUAN BENET|REQUEJADA, LA|RIAÑO|RICOBAYO|UZQUIZA|VALPARAISO|VENCIAS, LAS|VILLALCAMPO|VILLAMECA",25,True
ES2524,Saucelle-Duero,,Duero,-6.820555555555555,41.03111111111111,-6.820417,41.032083,108.3,75075.83,75163,0.999,True,,887.3571288602515,2467.0,"AGUILAR DE CAMPOO|ALDEADAVILA|ALMENDRA|ARLANZON|BARRIOS DE LUNA|BURGOMILLODO|CAMPORREDONDO|CASARES DE ARBAS|CASTRO|CASTRO DE LAS COGOTAS|CERNADILLA|CERVERA DE RUESGA|COMPUERTO|CUERDA DEL POZO|LINARES DEL ARROYO|MONCABRIL (SISTEMA)|NUESTRA SEÑORA DEL AGAVANZAL|PONTON ALTO|PORMA / JUAN BENET|REQUEJADA, LA|RIAÑO|RICOBAYO|SANTA TERESA|SAUCELLE|UZQUIZA|VALPARAISO|VENCIAS, LAS|VILLALCAMPO|VILLAMECA",29,True
ES9210,Ribarroja,,Ebro,0.4325,41.24138888888889,0.432917,41.242917,172.4,81921.84,81060,1.011,True,,711.4332237641119,3235.0,"AGUAS LIMPIAS (SISTEMA)|ALBIÑA|ALLOZ|ALMOCHUEL|ALTO CALDARES (SISTEMA)|ARDISA|ARGUIS|BARASONA-JOAQUIN COSTA|BASERCA|BOREN-ESTERRI|BUBAL|CALANDA|CAMARASA|CANELLES|CAPDELLA (SISTEMA)|CASPE II|CAVALLERS|CERECEDA|CERTESCANS|CUEVA FORADADA|EBRO|ENCISO|ESCALES|ESCARRA (SISTEMA)|ESPOT (SISTEMA)|ESTANCA DE ALCAÑIZ|EUGUI|FITAS, LAS|GALLIPUEN|GONZALEZ LACASA|GRADO I|GUARA|IP|IRABIA|ITOIZ|LANUZA|LAVERNE|LECHAGO|LINSOLES|LLAUSET|LOTETA, LA|MAIDEVERA|MAIRAGA|MANSILLA|MEDIANO|MEQUINENZA|MEZALOCHA|MONEVA|MONTEAGUDO DE LAS VICARIAS|MONTEARAGON|NAGORE|NAVAS, LAS|OLIANA|PAJARES|PARRAS, LAS|PENA|PEÑA, LA|PINETA|PLANDESCUN|PUENTE DE SANTOLEA|RIALB|RIBARROJA|SALLENTE|SAN BARTOLOME|SAN GREGORIO|SAN LORENZO MONGAY|SAN SALVADOR|SANTA ANA|SANTA MARIA DE BELSUE|SANTOLEA|SOBRON|SOTONERA, LA|TABESCAN|TALARN O TREMP|TERRADETS|TERROBA|TORRASA, LA|TORROLLON|TRANQUERA, LA|TRAPA, LA|ULLIVARRI|URDALUR|URRUNAGA|VADIELLO|VAL|VALBORNEDO|VALCOMUNA|VALDABRA|VALDEPATAO|YESA",90,True
ES9163,Asco Coca,,Ebro,0.5697222222222222,41.18583333333333,0.572917,41.18625,272.4,82350.24,82245,1.001,True,,711.4335723556256,3235.0,"AGUAS LIMPIAS (SISTEMA)|ALBIÑA|ALLOZ|ALMOCHUEL|ALTO CALDARES (SISTEMA)|ARDISA|ARGUIS|BARASONA-JOAQUIN COSTA|BASERCA|BOREN-ESTERRI|BUBAL|CALANDA|CAMARASA|CANELLES|CAPDELLA (SISTEMA)|CASPE II|CAVALLERS|CERECEDA|CERTESCANS|CUEVA FORADADA|EBRO|ENCISO|ESCALES|ESCARRA (SISTEMA)|ESPOT (SISTEMA)|ESTANCA DE ALCAÑIZ|EUGUI|FITAS, LAS|FLIX|GALLIPUEN|GONZALEZ LACASA|GRADO I|GUARA|IP|IRABIA|ITOIZ|LANUZA|LAVERNE|LECHAGO|LINSOLES|LLAUSET|LOTETA, LA|MAIDEVERA|MAIRAGA|MANSILLA|MEDIANO|MEQUINENZA|MEZALOCHA|MONEVA|MONTEAGUDO DE LAS VICARIAS|MONTEARAGON|NAGORE|NAVAS, LAS|OLIANA|PAJARES|PARRAS, LAS|PENA|PEÑA, LA|PINETA|PLANDESCUN|PUENTE DE SANTOLEA|RIALB|RIBARROJA|SALLENTE|SAN BARTOLOME|SAN GREGORIO|SAN LORENZO MONGAY|SAN SALVADOR|SANTA ANA|SANTA MARIA DE BELSUE|SANTOLEA|SOBRON|SOTONERA, LA|TABESCAN|TALARN O TREMP|TERRADETS|TERROBA|TORRASA, LA|TORROLLON|TRANQUERA, LA|TRAPA, LA|ULLIVARRI|URDALUR|URRUNAGA|VADIELLO|VAL|VALBORNEDO|VALCOMUNA|VALDABRA|VALDEPATAO|YESA",91,True
ES9121,Flix,,Ebro,0.5497222222222222,41.227222222222224,0.550417,41.227083,60.5,82246.66,82416,0.998,True,,711.4335723556256,3235.0,"AGUAS LIMPIAS (SISTEMA)|ALBIÑA|ALLOZ|ALMOCHUEL|ALTO CALDARES (SISTEMA)|ARDISA|ARGUIS|BARASONA-JOAQUIN COSTA|BASERCA|BOREN-ESTERRI|BUBAL|CALANDA|CAMARASA|CANELLES|CAPDELLA (SISTEMA)|CASPE II|CAVALLERS|CERECEDA|CERTESCANS|CUEVA FORADADA|EBRO|ENCISO|ESCALES|ESCARRA (SISTEMA)|ESPOT (SISTEMA)|ESTANCA DE ALCAÑIZ|EUGUI|FITAS, LAS|FLIX|GALLIPUEN|GONZALEZ LACASA|GRADO I|GUARA|IP|IRABIA|ITOIZ|LANUZA|LAVERNE|LECHAGO|LINSOLES|LLAUSET|LOTETA, LA|MAIDEVERA|MAIRAGA|MANSILLA|MEDIANO|MEQUINENZA|MEZALOCHA|MONEVA|MONTEAGUDO DE LAS VICARIAS|MONTEARAGON|NAGORE|NAVAS, LAS|OLIANA|PAJARES|PARRAS, LAS|PENA|PEÑA, LA|PINETA|PLANDESCUN|PUENTE DE SANTOLEA|RIALB|RIBARROJA|SALLENTE|SAN BARTOLOME|SAN GREGORIO|SAN LORENZO MONGAY|SAN SALVADOR|SANTA ANA|SANTA MARIA DE BELSUE|SANTOLEA|SOBRON|SOTONERA, LA|TABESCAN|TALARN O TREMP|TERRADETS|TERROBA|TORRASA, LA|TORROLLON|TRANQUERA, LA|TRAPA, LA|ULLIVARRI|URDALUR|URRUNAGA|VADIELLO|VAL|VALBORNEDO|VALCOMUNA|VALDABRA|VALDEPATAO|YESA",91,True
ES9027,Tortosa,,Ebro,0.5197222222222223,40.81222222222222,0.519583,40.812083,19.3,84066.34,84230,0.998,True,,695.4283641471201,3235.0,"AGUAS LIMPIAS (SISTEMA)|ALBIÑA|ALLOZ|ALMOCHUEL|ALTO CALDARES (SISTEMA)|ARDISA|ARGUIS|BARASONA-JOAQUIN COSTA|BASERCA|BOREN-ESTERRI|BUBAL|CALANDA|CAMARASA|CANELLES|CAPDELLA (SISTEMA)|CASPE II|CAVALLERS|CERECEDA|CERTESCANS|CIURANA|CUEVA FORADADA|EBRO|ENCISO|ESCALES|ESCARRA (SISTEMA)|ESPOT (SISTEMA)|ESTANCA DE ALCAÑIZ|EUGUI|FITAS, LAS|FLIX|GALLIPUEN|GONZALEZ LACASA|GRADO I|GUARA|GUIAMETS|IP|IRABIA|ITOIZ|LANUZA|LAVERNE|LECHAGO|LINSOLES|LLAUSET|LOTETA, LA|MAIDEVERA|MAIRAGA|MANSILLA|MEDIANO|MEQUINENZA|MEZALOCHA|MONEVA|MONTEAGUDO DE LAS VICARIAS|MONTEARAGON|NAGORE|NAVAS, LAS|OLIANA|PAJARES|PARRAS, LAS|PENA|PEÑA, LA|PINETA|PLANDESCUN|PUENTE DE SANTOLEA|RIALB|RIBARROJA|SALLENTE|SAN BARTOLOME|SAN GREGORIO|SAN LORENZO MONGAY|SAN SALVADOR|SANTA ANA|SANTA MARIA DE BELSUE|SANTOLEA|SOBRON|SOTONERA, LA|TABESCAN|TALARN O TREMP|TERRADETS|TERROBA|TORRASA, LA|TORROLLON|TRANQUERA, LA|TRAPA, LA|ULLIVARRI|URDALUR|URRUNAGA|VADIELLO|VAL|VALBORNEDO|VALCOMUNA|VALDABRA|VALDEPATAO|YESA",93,True
