gauge_id,indroea,name,demarcacion,lon,lat,area_official_km2,cod_saih,first_obs,last_obs,n_days,n_days_2003_2022,saih_join,n_days_calib,n_days_test,calibratable,testable
ES1080,1080,Andoain,Cantabrico,-2.026388888888889,43.22833333333333,765,A149,1980-10-01,2011-09-30,11322,2922,none,1095,0,False,False
ES1100,1100,Legasa,Cantabrico,-1.6455555555555554,43.13055555555555,280,A138,2012-10-01,2014-09-30,730,730,none,730,0,False,False
ES1103,1103,Alzola,Cantabrico,-2.401111111111111,43.22944444444445,456,A800,1980-10-01,2003-06-18,7565,0,none,0,0,False,False
ES1105,1105,Ereñozu,Cantabrico,-1.9416666666666669,43.24361111111112,215,A900,1980-10-01,2022-09-30,15266,6866,none,5039,0,True,False
ES1106,1106,Endarlaza,Cantabrico,-1.7297222222222224,43.295,681,A140,1980-10-01,2022-09-30,14174,6869,none,5067,0,True,False
ES1107,1107,Oyarzun,Cantabrico,-1.8763888888888889,43.29833333333333,38,A801,1980-10-01,2007-09-30,9492,1461,none,0,0,False,False
ES1109,1109,Echabe,Cantabrico,-2.2344444444444447,43.26694444444444,304,A802,1980-10-01,2007-09-30,9861,1461,none,0,0,False,False
ES1141,1141,Berriatua,Cantabrico,-2.4650000000000003,43.31055555555555,93,A850,1980-10-01,2007-05-04,9246,1312,none,0,0,False,False
ES1158,1158,Echevarri,Cantabrico,-2.894722222222222,43.24805555555556,997,,1980-10-01,1990-07-29,3558,0,none,0,0,False,False
ES1163,1163,Lemona (Ibaizabal),Cantabrico,-2.755,43.211666666666666,251,A145,1980-10-01,2022-09-30,15299,6922,none,5095,0,True,False
ES1164,1164,Lemona (Arratia),Cantabrico,-2.7713888888888887,43.20111111111111,136,A851,1980-10-01,2022-09-30,10366,5279,none,3452,0,True,False
ES1175,1175,Sodupe,Cantabrico,-3.0458333333333334,43.20111111111111,255,A852,1980-10-01,2010-09-30,10487,2543,none,716,0,False,False
ES1186,1186,Guriezo,Cantabrico,-3.329722222222222,43.35444444444445,112,A700,1980-10-01,2022-09-30,14925,6525,none,4790,0,True,False
ES1196,1196,Coterillo,Cantabrico,-3.436111111111112,43.330000000000005,485,A701,1980-10-01,2022-09-30,15128,6728,none,4901,0,True,False
ES1201,1201,Ramales,Cantabrico,-3.461666666666667,43.263888888888886,343,A141,2018-10-07,2022-09-30,1310,1310,none,1310,0,False,False
ES1204,1204,Campiazo De Beranga,Cantabrico,-3.579722222222222,43.41361111111111,40,N045,2012-10-01,2018-09-30,1050,1050,none,1050,0,False,False
ES1205,1205,Entrambasaguas,Cantabrico,-3.688055555555556,43.38194444444444,49,N044,2012-10-01,2018-09-07,959,959,none,959,0,False,False
ES1207,1207,"Cavada, La",Cantabrico,-3.706944444444445,43.35277777777778,146,A090,1980-10-01,2022-09-30,14151,6119,none,4292,0,True,False
ES1215,1215,Puente Viesgo,Cantabrico,-3.9672222222222224,43.30138888888889,357,A088,1980-10-01,2014-09-30,11933,3533,none,2072,0,True,False
ES1216,1216,Carandia,Cantabrico,-3.97,43.333333333333336,562,Q104,2012-10-01,2018-09-30,1814,1814,none,1814,0,False,False
ES1217,1217,"Penilla, La",Cantabrico,-3.8761111111111113,43.3175,161,A705,2013-10-01,2018-09-30,718,718,none,718,0,False,False
ES1237,1237,Torrelavega,Cantabrico,-4.063888888888889,43.35277777777778,463,N038,1995-10-01,2022-09-30,9637,6715,none,4888,0,True,False
ES1244,1244,Arenas De Iguña,Cantabrico,-4.060277777777777,43.20583333333334,307,Q119,2020-10-01,2022-09-30,730,730,none,730,0,False,False
ES1252,1252,Puente Pumar,Cantabrico,-4.405,43.11333333333334,80,A252,2016-10-01,2022-09-30,2184,2184,none,2184,0,True,False
ES1262,1262,Roiz (Las Cuevas),Cantabrico,-4.351111111111111,43.32888888888889,55,N078,2012-10-01,2022-09-30,1447,1447,none,1447,0,False,False
ES1264,1264,Ojedo,Cantabrico,-4.611666666666666,43.16166666666666,157,A702,1994-10-01,2022-09-30,10152,6865,none,5038,0,True,False
ES1265,1265,Ojedo,Cantabrico,-4.6125,43.16166666666666,290,A703,1994-10-01,2022-09-30,10144,6857,none,5030,0,True,False
ES1268,1268,Puentelles,Cantabrico,-4.607222222222222,43.31722222222223,643,A078,1980-10-01,2022-09-30,15227,6827,none,5000,0,True,False
ES1274,1274,Poncebos,Cantabrico,-4.830555555555556,43.259166666666665,270,A600,1994-10-01,2022-09-30,10002,6715,none,4888,0,True,False
ES1276,1276,Mier,Cantabrico,-4.684722222222223,43.31472222222222,455,A080,1980-10-01,2022-09-30,14904,6504,none,4677,0,True,False
ES1284,1284,"Molinin, El",Cantabrico,-4.933888888888889,43.396388888888886,28,A601,1987-10-01,2009-09-30,8035,2191,none,365,0,False,False
ES1285,1285,Rales,Cantabrico,-4.889722222222222,43.40972222222222,99,A074,1987-10-01,2022-09-30,12663,6819,none,4992,0,True,False
ES1292,1292,Arriondas,Cantabrico,-5.182777777777778,43.394444444444446,1177,Q101,2018-10-05,2022-09-30,1427,1427,none,1427,0,False,False
ES1293,1293,Pervis,Cantabrico,-5.134166666666667,43.28944444444444,356,A614,2010-03-17,2022-09-30,4476,4476,none,4476,0,True,False
ES1294,1294,Cangas De Onis,Cantabrico,-5.126388888888888,43.35194444444445,139,N033,2011-10-01,2022-09-30,3905,3905,none,3905,0,True,False
ES1295,1295,Cangas De Onis,Cantabrico,-5.132222222222222,43.35055555555556,486,A602,1980-10-01,2022-09-30,14813,6413,none,4586,0,True,False
ES1296,1296,Sobrefoz,Cantabrico,-5.177222222222222,43.16944444444445,36,A603,1994-10-01,2022-09-30,9096,5809,none,3982,0,True,False
ES1297,1297,Ribota,Cantabrico,-5.054444444444444,43.14055555555556,54,A353,2012-10-01,2014-09-30,730,730,none,730,0,False,False
ES1299,1299,Santianes De Tornin,Cantabrico,-5.130555555555556,43.315,463,,2021-10-01,2022-09-30,357,357,none,357,0,False,False
ES1300,1300,Fuentes,Cantabrico,-5.140555555555556,43.401944444444446,1202,1300,2021-10-01,2022-09-30,317,317,none,317,0,False,False
ES1302,1302,Ozanes,Cantabrico,-5.184444444444445,43.36694444444444,486,A604,1980-10-01,2022-09-30,15151,6751,none,4924,0,True,False
ES1303,1303,Villamayor,Cantabrico,-5.289444444444444,43.36972222222222,379,A073,1980-10-01,2022-09-30,15298,6898,none,5071,0,True,False
ES1304,1304,Salinas,Cantabrico,-5.957777777777778,43.57222222222222,37,N030,2020-07-01,2022-09-30,822,822,none,822,0,False,False
ES1305,1305,Villaviciosa,Cantabrico,-5.445833333333334,43.469722222222224,98,A623,2012-10-01,2022-09-30,3254,3254,none,3254,0,True,False
ES1335,1335,"Condado, El",Cantabrico,-5.488611111111111,43.23166666666667,343,A605,1980-10-01,2022-09-30,15137,6737,none,4910,0,True,False
ES1339,1339,Sama,Cantabrico,-5.680833333333334,43.29611111111111,548,A618,2012-10-01,2022-09-30,3271,3271,none,3271,0,True,False
ES1342,1342,Pola De Siero,Cantabrico,-5.6658333333333335,43.38861111111111,77,A621,2016-10-01,2022-09-30,2086,2086,none,2086,0,True,False
ES1343,1343,San Cucao,Cantabrico,-5.893055555555555,43.418055555555554,314,A064,1980-10-01,2022-09-30,15273,6917,none,5090,0,True,False
ES1344,1344,"Fresneda, La",Cantabrico,-5.791944444444444,43.40833333333333,71,A622,2013-10-01,2022-09-30,1824,1824,none,1824,0,False,False
ES1346,1346,Grado,Cantabrico,-6.040277777777778,43.41944444444445,2637,,1985-10-01,1986-09-30,365,0,none,0,0,False,False
ES1353,1353,Corias,Cantabrico,-6.545833333333333,43.19305555555555,531,A606,1980-10-01,2022-09-30,14832,6799,none,4972,0,True,False
ES1354,1354,Puente De La Barca,Cantabrico,-6.300555555555556,43.32305555555556,1211,A626,2017-12-15,2022-09-30,1736,1736,none,1736,0,False,False
ES1358,1358,Pte. San Martin,Cantabrico,-6.203888888888889,43.34388888888889,403,A068,1980-10-01,2022-09-30,15186,6799,none,4972,0,True,False
ES1359,1359,Requejo,Cantabrico,-6.151944444444445,43.37,1705,A615,1980-10-01,2022-09-30,14169,6169,none,4342,0,True,False
ES1360,1360,Quinzanas,Cantabrico,-6.112777777777778,43.46555555555556,1851,,2020-10-02,2022-09-30,643,643,none,643,0,False,False
ES1363,1363,Vega Del Rey,Cantabrico,-5.816388888888889,43.12,232,A058,1980-10-01,2022-09-30,12041,3794,none,3794,0,True,False
ES1365,1365,Moreda,Cantabrico,-5.730833333333334,43.16722222222222,265,A060,1980-10-01,2013-09-30,12053,3653,none,1826,0,True,False
ES1367,1367,Argame,Cantabrico,-5.880000000000001,43.29944444444444,897,A061,2015-10-01,2022-09-30,2494,2494,none,2494,0,True,False
ES1368,1368,Grullos,Cantabrico,-6.058333333333334,43.431666666666665,2884,Q102,2015-10-01,2022-09-30,2314,2314,none,2314,0,True,False
ES1369,1369,Parteayer,Cantabrico,-5.8758333333333335,43.28333333333333,893,A607,1980-10-01,2014-09-30,11638,4018,none,2191,0,True,False
ES1375,1375,Trubia,Cantabrico,-5.983611111111111,43.34,479,A620,2013-10-01,2014-09-30,365,365,none,365,0,False,False
ES1378,1378,Grado,Cantabrico,-6.066388888888889,43.388333333333335,210,A608,1980-10-01,2022-09-30,15105,6705,none,4878,0,True,False
ES1395,1395,Trevias,Cantabrico,-6.436388888888889,43.501666666666665,411,A609,1980-10-01,2022-09-30,15079,6679,none,4852,0,True,False
ES1398,1398,Luarca,Cantabrico,-6.535,43.53,82,A053,1980-10-01,2022-09-30,13567,5167,none,4291,0,True,False
ES1402,1402,Vallo,Cantabrico,-6.985555555555556,42.89361111111111,80,A050,1994-10-01,2022-09-30,9958,6671,none,4912,0,True,False
ES1404,1404,San Antolin,Cantabrico,-6.875277777777778,43.05555555555555,294,A610,1980-10-01,2022-09-30,14052,5714,none,4237,0,True,False
ES1414,1414,Sueiro,Cantabrico,-6.876388888888889,43.52861111111111,123,A613,1980-10-01,2022-09-30,13243,4843,none,4112,0,True,False
ES1424,1424,Ribeira De Piquin,Cantabrico,-7.199166666666667,43.17944444444444,346,A047,2007-10-01,2022-09-30,5472,5472,none,5106,0,True,False
ES1425,1425,Pontenova,Cantabrico,-7.192222222222222,43.3475,572,A500,1980-10-01,2009-09-30,10478,2192,none,365,0,False,False
ES1426,1426,"Pontenova, La",Cantabrico,-7.189166666666667,43.35583333333334,662,N020,2010-10-01,2022-09-30,4007,4007,none,4007,0,True,False
ES1427,1427,San Tirso De Abres,Cantabrico,-7.143888888888889,43.41333333333333,712,A048,1980-10-01,2022-09-30,15241,6841,none,5014,0,True,False
ES1429,1429,Mazo De Meredo,Cantabrico,-6.9944444444444445,43.43805555555555,51,A616,2012-10-01,2022-09-30,1803,1803,none,1803,0,False,False
ES1937,1937,Caldas De Besaya,Cantabrico,-4.074166666666667,43.28388888888889,420,,1980-10-01,1993-09-30,4748,0,none,0,0,False,False
ES2000,2000,Vinuesa,Duero,-2.7575,41.91138888888889,126,,1980-10-01,2022-09-30,14400,6940,none,5113,0,True,False
ES2001,2001,Salida Embalse De Cuerda Del Pozo,Duero,-2.693055555555556,41.87638888888889,580,,1992-03-11,2022-09-30,11161,6940,none,5113,0,True,False
ES2002,2002,Garray-Soria,Duero,-2.455,41.79722222222222,1500,,1980-10-01,2022-09-30,14974,6940,none,5113,0,True,False
ES2003,2003,Quintanatello De Ojeda,Duero,-4.447500000000001,42.73111111111111,56,,1980-10-01,1995-01-22,5227,0,none,0,0,False,False
ES2004,2004,Gormaz,Duero,-3.0105555555555554,41.48638888888889,5055,,1980-10-01,2022-09-30,14988,6940,none,5113,0,True,False
ES2005,2005,Osma,Duero,-3.083888888888889,41.57555555555556,900,,1980-10-01,2022-09-30,15198,6940,none,5113,0,True,False
ES2006,2006,Hoyos Del Espino,Duero,-5.1819444444444445,40.34111111111111,88,,1980-10-01,2022-09-30,14275,6940,none,5113,0,True,False
ES2007,2007,San Esteban De Gormaz,Duero,-3.212777777777778,41.57527777777778,6494,,1980-10-01,1991-09-30,4017,0,none,0,0,False,False
ES2008,2008,Piscardanos,Duero,-4.102222222222222,42.66361111111111,26,,1980-10-01,1987-09-30,2556,0,none,0,0,False,False
ES2009,2009,Riaza,Duero,-3.4719444444444445,41.28388888888889,36,,1980-10-01,2022-09-30,15237,6940,none,5113,0,True,False
ES2010,2010,Linares Del Arroyo,Duero,-3.561111111111111,41.53388888888889,756,,1980-10-01,2022-09-30,15340,6940,none,5113,0,True,False
ES2011,2011,Salida Embalse Del Porma,Duero,-5.296388888888889,42.92527777777777,220,,1980-10-01,2022-09-30,15340,6940,none,5113,0,True,False
ES2012,2012,Sepulveda,Duero,-3.7377777777777776,41.30055555555556,480,,1980-10-01,2022-09-30,14894,6940,none,5113,0,True,False
ES2013,2013,Aranda De Duero,Duero,-3.6805555555555554,41.653888888888886,7356,,1980-10-01,2022-09-30,15207,6940,none,5113,0,True,False
ES2015,2015,Herrera De Duero,Duero,-4.666388888888889,41.565,12740,,1980-10-01,2022-09-30,15340,6940,none,5113,0,True,False
ES2016,2016,Pajares De Pedraza,Duero,-3.854722222222222,41.16722222222222,280,,1980-10-01,2022-09-30,14975,6940,none,5113,0,True,False
ES2017,2017,Navapalos,Duero,-3.103055555555556,41.507777777777775,6398,,1990-06-28,2022-09-30,11664,6940,none,5113,0,True,False
ES2018,2018,Pedrosa Del Principe,Duero,-4.201666666666667,42.25138888888889,796,,2001-01-23,2022-09-30,7921,6940,none,5113,0,True,False
ES2019,2019,Salinas De Pisuerga,Duero,-4.389444444444445,42.84916666666667,443,,1980-10-01,2022-09-30,15340,6940,none,5113,0,True,False
ES2020,2020,Salida Embalse De Aguilar,Duero,-4.280555555555556,42.79444444444445,546,,1980-10-01,2022-09-30,15340,6940,none,5113,0,True,False
ES2021,2021,Cervera De Pisuerga,Duero,-4.503055555555555,42.87222222222222,253,,1980-10-01,2013-09-30,12053,3653,none,1826,0,True,False
ES2022,2022,Ruesga,Duero,-4.517222222222222,42.85833333333333,56,,1980-10-01,2022-09-30,15340,6940,none,5113,0,True,False
ES2023,2023,Celadilla Del Rio,Duero,-4.798333333333333,42.60833333333333,494,,1998-10-01,2022-09-30,8766,6940,none,5113,0,True,False
ES2024,2024,Alar Del Rey,Duero,-4.315833333333333,42.657222222222224,1106,,1980-10-01,2022-09-30,15340,6940,none,5113,0,True,False
ES2025,2025,Villanueva De Los Infantes,Duero,-4.481111111111111,41.700833333333335,870,,1998-02-01,2022-09-30,9008,6940,none,5113,0,True,False
ES2026,2026,Abia De Las Torres,Duero,-4.418611111111112,42.42333333333333,623,,2000-10-01,2022-09-30,8035,6940,none,5113,0,True,False
ES2027,2027,Dueñas,Duero,-4.536388888888888,41.865833333333335,13560,,1980-10-01,1986-09-30,2191,0,none,0,0,False,False
ES2028,2028,Salas De Los Infantes,Duero,-3.2777777777777777,42.03444444444444,349,,1980-10-01,2022-09-30,15340,6940,none,5113,0,True,False
ES2029,2029,Cordovilla,Duero,-4.249444444444444,42.13055555555555,4227,,1980-10-01,2022-09-30,15340,6940,none,5113,0,True,False
ES2030,2030,Covarrubias,Duero,-3.508611111111111,42.053888888888885,1200,,1980-10-01,2022-09-30,15340,6940,none,5113,0,True,False
ES2031,2031,Peral De Arlanza,Duero,-4.079444444444444,42.07888888888889,2413,,1980-10-01,2022-09-30,15340,6940,none,5113,0,True,False
ES2032,2032,Salida Embalse De Uzquiza,Duero,-3.373055555555556,42.305277777777775,153,,1980-10-01,2022-09-30,15280,6940,none,5113,0,True,False
ES2033,2033,Castroverde De Cerrato,Duero,-4.22,41.75472222222222,700,,1980-10-01,1997-09-30,6209,0,none,0,0,False,False
ES2034,2034,Besande,Duero,-4.885555555555555,42.89694444444444,32,,1980-10-01,2022-09-30,15284,6940,none,5113,0,True,False
ES2035,2035,Otero De Guardo,Duero,-4.849444444444444,42.82972222222222,72,,1980-10-01,2022-09-30,15284,6940,none,5113,0,True,False
ES2036,2036,Quintana Del Puente,Duero,-4.240555555555556,42.05611111111111,5256,,1980-10-01,2022-09-30,15143,6940,none,5113,0,True,False
ES2037,2037,Salida Embalse De Compuerto,Duero,-4.833333333333333,42.85277777777778,307,,1980-10-01,2022-09-30,8765,3287,none,3287,0,True,False
ES2038,2038,Velilla De Guardo,Duero,-4.850555555555555,42.80972222222222,392,,1980-10-01,2000-09-30,6697,0,none,0,0,False,False
ES2040,2040,Villoldo,Duero,-4.6002777777777775,42.24944444444444,973,,1980-10-01,2022-09-30,15340,6940,none,5113,0,True,False
ES2041,2041,Villalcazar De Sirga,Duero,-4.523888888888889,42.32222222222222,312,,1980-10-01,2022-09-30,15340,6940,none,5113,0,True,False
ES2042,2042,Palencia,Duero,-4.558333333333334,42.03611111111111,2222,,1980-10-01,2022-09-30,15340,6940,none,5113,0,True,False
ES2043,2043,Cabezon De Pisuerga,Duero,-4.639166666666666,41.74111111111111,14283,,1980-10-01,2022-09-30,15340,6940,none,5113,0,True,False
ES2044,2044,Valladolid-Esgueva,Duero,-4.704444444444444,41.65083333333333,997,,1980-10-01,2022-09-30,15311,6940,none,5113,0,True,False
ES2046,2046,Avila,Duero,-4.707222222222223,40.64972222222222,770,,1980-10-01,2022-09-30,15340,6940,none,5113,0,True,False
ES2047,2047,Mediana De Voltoya,Duero,-4.539166666666667,40.71694444444445,140,,1980-10-01,2022-09-30,15340,6940,none,5113,0,True,False
ES2048,2048,Olmedo,Duero,-4.62,41.32472222222223,2746,,1980-10-01,2013-09-30,11465,3288,none,1461,0,False,False
ES2049,2049,Cabañes De Esgueva,Duero,-3.7905555555555552,41.82972222222222,271,,1980-10-01,2022-09-30,15200,6940,none,5113,0,True,False
ES2050,2050,Segovia,Duero,-4.14638888888889,40.95194444444445,252,,1980-10-01,2022-09-30,15157,6757,none,5113,0,True,False
ES2051,2051,"Espinar, El",Duero,-4.155555555555556,40.750277777777775,35,,1980-10-01,2022-09-30,15089,6940,none,5113,0,True,False
ES2052,2052,Guijas Albas,Duero,-4.282777777777778,40.81972222222223,252,,1980-10-01,2022-09-30,15340,6940,none,5113,0,True,False
ES2053,2053,Bernardos,Duero,-4.344722222222222,41.15583333333333,1438,,1980-10-01,2022-09-30,15340,6940,none,5113,0,True,False
ES2054,2054,San Miguel Del Pino,Duero,-4.930555555555556,41.50416666666667,36570,,1980-10-01,2022-09-30,15271,6940,none,5113,0,True,False
ES2055,2055,San Rafael,Duero,-4.2425,40.77305555555555,173,,2002-10-01,2022-09-30,7305,6940,none,5113,0,True,False
ES2056,2056,Valdestillas,Duero,-4.77,41.49027777777778,5202,,1980-10-01,2022-09-30,15340,6940,none,5113,0,True,False
ES2057,2057,Villovela De Piron,Duero,-4.124444444444444,41.11305555555556,172,,1980-10-01,2022-09-30,15340,6940,none,5113,0,True,False
ES2060,2060,Cebrones Del Rio,Duero,-5.829166666666667,42.248333333333335,3192,,1980-10-01,2022-09-30,15331,6940,none,5113,0,True,False
ES2061,2061,Santa Marina Del Rey,Duero,-5.878333333333334,42.50555555555555,1554,,1994-10-13,2022-09-30,10215,6940,none,5113,0,True,False
ES2062,2062,Toro-Duero,Duero,-5.412777777777778,41.515,41808,,1980-10-01,2022-09-30,15311,6940,none,5113,0,True,False
ES2063,2063,Tolibia De Abajo,Duero,-5.399722222222223,42.9525,97,,2000-10-01,2022-09-30,8035,6940,none,5113,0,True,False
ES2064,2064,Villagodio (Puente),Duero,-5.712777777777778,41.52555555555556,3556,,1980-10-01,2000-09-30,7239,0,none,0,0,False,False
ES2065,2065,Pontedo,Duero,-5.569999999999999,42.973055555555554,43,,1980-10-01,1983-03-04,885,0,none,0,0,False,False
ES2066,2066,Carrascal,Duero,-5.814722222222222,41.48722222222222,46700,,1980-10-01,2011-09-30,10377,2557,none,730,0,False,False
ES2068,2068,Caldas De Nocedo,Duero,-5.400277777777778,42.89805555555556,154,,1980-10-01,2022-09-30,14879,6506,none,4679,0,True,False
ES2070,2070,"Robla, La",Duero,-5.631666666666667,42.80833333333333,340,,1980-10-01,2013-09-30,11256,3653,none,1826,0,True,False
ES2071,2071,Benamariel,Duero,-5.5625,42.3725,3980,,1980-10-01,1998-09-30,3921,0,none,0,0,False,False
ES2073,2073,Sahagun,Duero,-5.038055555555555,42.37055555555556,725,,1980-10-01,2022-09-30,15340,6940,none,5113,0,True,False
ES2074,2074,Castropepe,Duero,-5.636666666666666,41.97416666666667,6783,,1980-10-01,2022-09-30,15305,6940,none,5113,0,True,False
ES2075,2075,"Magdalena, La",Duero,-5.8341666666666665,42.81916666666667,527,,1980-10-01,2022-09-30,15340,6940,none,5113,0,True,False
ES2076,2076,Las Omañas,Duero,-5.902222222222223,42.70333333333333,481,,1980-10-01,2022-09-30,11755,4383,none,3287,0,True,False
ES2077,2077,Salida Embalse De Villameca,Duero,-6.073888888888889,42.64472222222222,53,,1980-10-01,2022-09-30,15340,6940,none,5113,0,True,False
ES2078,2078,Camposolillo,Duero,-5.26,42.98861111111111,154,,1980-10-01,2022-09-30,15305,6940,none,5113,0,True,False
ES2079,2079,Sta. Cristina De La Polvorosa,Duero,-5.708611111111111,42.00055555555556,4905,,2013-10-01,2022-09-30,3287,3287,none,3287,0,True,False
ES2080,2080,Puebla De Sanabria,Duero,-6.631666666666667,42.05638888888888,298,,1980-10-01,2022-09-30,6209,3287,none,3287,0,True,False
ES2081,2081,Puente Congosto,Duero,-5.53,40.50333333333333,1620,,1997-10-01,2022-09-30,9112,6921,none,5094,0,True,False
ES2082,2082,Morales Del Rey,Duero,-5.761111111111111,42.05777777777777,650,,1980-10-01,2022-09-30,15273,6940,none,5113,0,True,False
ES2083,2083,"Garandilla, La",Duero,-5.933888888888889,42.72527777777778,402,,1980-10-01,1994-03-14,4656,0,none,0,0,False,False
ES2084,2084,Encinas De Arriba,Duero,-5.554166666666666,40.77055555555555,2565,,1980-10-01,2007-09-30,9861,1461,none,0,0,False,False
ES2085,2085,Barco De Avila,Duero,-5.5275,40.36027777777778,900,,1980-10-01,2022-09-30,7405,4383,none,4383,0,True,False
ES2087,2087,Salamanca,Duero,-5.6475,40.95888888888889,4010,,1980-10-01,2022-09-30,15234,6940,none,5113,0,True,False
ES2088,2088,Contiensa,Duero,-5.935277777777778,41.07722222222223,4592,,1980-10-01,2008-09-30,9557,1827,none,0,0,False,False
ES2089,2089,Morla De La Valderia,Duero,-6.2525,42.2225,280,,1980-10-01,2022-09-30,15250,6940,none,5113,0,True,False
ES2090,2090,Fuenteguinaldo,Duero,-6.597222222222222,40.43361111111111,320,,1980-10-01,1992-09-30,4383,0,none,0,0,False,False
ES2091,2091,Castillejo Martin Viejo,Duero,-6.66,40.69777777777777,1700,,1980-10-01,2008-09-30,9588,1827,none,0,0,False,False
ES2092,2092,Salida Embalse Del Agueda,Duero,-6.484722222222223,40.53527777777778,900,,1980-10-01,2022-09-30,8765,3287,none,3287,0,True,False
ES2093,2093,Puente Pino,Duero,-6.186388888888889,41.57666666666667,63160,,1980-10-01,1995-09-30,5478,0,none,0,0,False,False
ES2094,2094,Puente Resbala,Duero,-6.626388888888889,40.99472222222222,2348,,1980-10-01,2006-09-30,8857,1096,none,0,0,False,False
ES2095,2095,Breto,Duero,-5.765555555555555,41.87222222222222,14263,,1980-10-01,2011-09-30,10377,2557,none,730,0,False,False
ES2097,2097,Valladolid-Pisuerga,Duero,-4.7325,41.66111111111111,15638,,1980-10-01,2022-09-30,15156,6940,none,5113,0,True,False
ES2098,2098,Villamanin,Duero,-5.6577777777777785,42.935,132,,1997-10-01,2022-09-30,9131,6940,none,5113,0,True,False
ES2099,2099,Mozar De Valverde,Duero,-5.783055555555555,41.94194444444444,2350,,1999-02-01,2022-09-30,8643,6940,none,5113,0,True,False
ES2101,2101,Molinos De Duero,Duero,-2.785833333333333,41.888888888888886,135,,1980-10-01,2022-09-30,15340,6940,none,5113,0,True,False
ES2102,2102,Salida Embalse De Riaño,Duero,-5.100555555555555,42.93333333333333,607,,1980-10-01,2022-09-30,15340,6940,none,5113,0,True,False
ES2103,2103,Cistierna,Duero,-5.130833333333333,42.83361111111111,716,,1980-10-01,2022-09-30,14833,6940,none,5113,0,True,False
ES2104,2104,Villaverde De Arcayos,Duero,-5.038611111111111,42.61333333333334,355,,1980-10-01,2022-09-30,15031,6940,none,5113,0,True,False
ES2105,2105,Santervas De Campos,Duero,-5.096666666666667,42.215833333333336,283,,2000-01-18,2022-09-30,8292,6940,none,5113,0,True,False
ES2106,2106,Salida Embalse De Requejada,Duero,-4.525,42.899166666666666,221,,1980-10-01,2022-09-30,8765,3287,none,3287,0,True,False
ES2107,2107,Salida Embalse De Cervera,Duero,-4.525833333333333,42.865833333333335,52,,1980-10-01,2022-09-30,15340,6940,none,5113,0,True,False
ES2108,2108,Salida Embalse De Camporredondo,Duero,-4.7444444444444445,42.89527777777778,227,,1980-10-01,2022-09-30,15133,6940,none,5113,0,True,False
ES2109,2109,Salida Embalse De Arlanzon,Duero,-3.3394444444444447,42.26972222222222,107,,1980-10-01,2022-09-30,14987,6940,none,5113,0,True,False
ES2110,2110,San Miguel De Bernuy,Duero,-3.953611111111112,41.39666666666667,1100,,1980-10-01,1995-09-30,5053,0,none,0,0,False,False
ES2111,2111,Villomar,Duero,-5.374444444444444,42.51638888888889,1354,,1988-10-01,2022-09-30,12418,6940,none,5113,0,True,False
ES2112,2112,Secos De Porma,Duero,-5.405,42.60111111111111,947,,1988-10-01,2022-09-30,12382,6940,none,5113,0,True,False
ES2113,2113,Sta. Eulalia De Rionegro,Duero,-6.266666666666667,42.03611111111111,391,,2001-07-17,2022-09-30,7746,6940,none,5113,0,True,False
ES2114,2114,Coca-Voltoya,Duero,-4.531666666666666,41.21055555555556,1070,,2002-10-01,2022-09-30,7305,6940,none,5113,0,True,False
ES2115,2115,Leon,Duero,-5.578333333333333,42.59361111111112,620,,2003-03-12,2022-09-30,7143,6940,none,5113,0,True,False
ES2116,2116,Celada Del Camino,Duero,-3.9280555555555554,42.25527777777778,1702,,1980-10-01,2022-09-30,14975,6575,none,4748,0,True,False
ES2117,2117,Valencia De Don Juan,Duero,-5.524444444444445,42.28888888888888,4246,,1980-10-01,2009-09-30,8240,2192,none,365,0,False,False
ES2119,2119,Leon Alija De La Ribera,Duero,-5.536666666666666,42.522777777777776,1136,,2015-10-01,2022-09-30,2557,2557,none,2557,0,True,False
ES2120,2120,Salvatierra,Duero,-5.655,40.66833333333333,118,,1980-10-01,1995-09-30,4957,0,none,0,0,False,False
ES2121,2121,Zamora,Duero,-5.7225,41.511944444444445,46137,,2003-03-31,2022-09-30,7124,6940,none,5113,0,True,False
ES2122,2122,Salida Embalse De Barrios De Luna,Duero,-5.870555555555556,42.83638888888889,494,,1980-10-01,2022-09-30,8765,3287,none,3287,0,True,False
ES2123,2123,Barbadillo Del Pez,Duero,-3.230277777777778,42.1075,240,,2005-10-01,2022-09-30,6209,6209,none,5113,0,True,False
ES2124,2124,Medina De Rioseco,Duero,-5.038611111111111,41.8875,802,,1980-10-01,2022-09-30,15340,6940,none,5113,0,True,False
ES2125,2125,Sotopalacios,Duero,-3.6825,42.42333333333333,281,,1980-10-01,2013-09-30,11517,3653,none,1826,0,True,False
ES2126,2126,Villardiga,Duero,-5.498611111111111,41.77222222222222,1462,,1980-10-01,2022-09-30,15209,6940,none,5113,0,True,False
ES2127,2127,Tarazona De Guareña,Duero,-5.2652777777777775,41.13972222222222,315,,1980-10-01,1992-09-30,4383,0,none,0,0,False,False
ES2128,2128,Vadillo De La Guareña,Duero,-5.351388888888889,41.28361111111111,866,,1980-10-01,1992-09-30,4306,0,none,0,0,False,False
ES2129,2129,Toro-Guareña,Duero,-5.3875,41.48861111111111,1063,,1980-10-01,2022-09-30,15185,6846,none,5019,0,True,False
ES2130,2130,Peñafiel,Duero,-4.123333333333333,41.58444444444444,1450,,1980-10-01,1995-09-30,5478,0,none,0,0,False,False
ES2131,2131,Villaescusa De Las Torres,Duero,-4.246666666666667,42.76416666666667,371,,2008-06-06,2022-09-30,5230,5230,none,5113,0,True,False
ES2132,2132,Quintanilla De Onesimo,Duero,-4.3613888888888885,41.62833333333333,12093,,1980-10-01,2022-09-30,15340,6940,none,5113,0,True,False
ES2133,2133,Herrera De Pisuerga,Duero,-4.291666666666667,41.89833333333333,1464,,1988-04-29,2022-09-30,12552,6940,none,5113,0,True,False
ES2134,2134,Guardo,Duero,-4.85,42.8075,413,,1980-10-01,2022-09-30,14898,6940,none,5113,0,True,False
ES2135,2135,Emisario De La Nava,Duero,-4.578333333333333,42.03361111111111,886,,2008-05-09,2022-09-30,5258,5258,none,5113,0,True,False
ES2136,2136,Villallano,Duero,-4.232222222222222,42.76722222222222,99,,2008-06-05,2022-09-30,5231,5231,none,5113,0,True,False
ES2137,2137,Ciudad Rodrigo,Duero,-6.563611111111111,40.60388888888889,1088,,2007-10-01,2022-09-30,5479,5479,none,5113,0,True,False
ES2138,2138,Castro De La Lomba,Duero,-5.956666666666667,42.76805555555556,276,,2008-07-17,2022-09-30,5058,5058,none,4982,0,True,False
ES2139,2139,Burgos-Arlanzon,Duero,-3.7372222222222224,42.34805555555556,680,,2010-10-01,2022-09-30,4383,4383,none,4383,0,True,False
ES2140,2140,Salida Embalse De Santa Teresa,Duero,-5.590277777777778,40.71222222222222,1867,,2010-10-01,2022-09-30,4383,4383,none,4383,0,True,False
ES2141,2141,Pinilla De Los Moros,Duero,-3.327777777777777,42.065,288,,2010-10-01,2022-09-30,4383,4383,none,4383,0,True,False
ES2142,2142,Villabañez,Duero,-4.528888888888889,41.63055555555555,28,,1989-10-01,1992-09-30,1096,0,none,0,0,False,False
ES2143,2143,Castrobol,Duero,-5.270555555555555,42.17027777777778,1546,,1980-10-01,2013-09-30,12053,3653,none,1826,0,True,False
ES2144,2144,Cernadilla (Embalse),Duero,-6.632777777777778,42.05472222222222,410,,1980-10-01,2009-09-30,9861,2192,none,365,0,False,False
ES2145,2145,Manganeses De La Polvorosa,Duero,-5.740555555555556,42.03833333333333,4959,,1980-10-01,2022-09-30,7545,4383,none,4383,0,True,False
ES2146,2146,"Omañas, Las",Duero,-5.871111111111111,42.67833333333333,501,,2010-10-01,2013-09-30,1096,1096,none,1096,0,False,False
ES2147,2147,Ambasaguas,Duero,-5.3775,42.70888888888889,285,,2010-10-01,2022-09-30,4383,4383,none,4383,0,True,False
ES2148,2148,Villagodio-2,Duero,-5.698611111111111,41.53611111111111,3546,,1988-10-01,2012-09-30,7670,3288,none,1461,0,False,False
ES2149,2149,Fresno-Alhandiga,Duero,-5.605555555555555,40.708333333333336,255,,1988-10-01,2013-09-30,9131,3653,none,1826,0,True,False
ES2150,2150,Pardave,Duero,-5.507777777777778,42.82361111111111,222,,2000-10-01,2022-09-30,8035,6940,none,5113,0,True,False
ES2151,2151,Cremenes,Duero,-5.1147222222222215,42.92944444444444,48,,2011-10-01,2022-09-30,4018,4018,none,4018,0,True,False
ES2152,2152,"Robla, La (C. Termica)",Duero,-5.633611111111111,42.80555555555555,343,,1989-10-01,1996-09-30,2557,0,none,0,0,False,False
ES2153,2153,"Fuentona, La",Duero,-2.8575,41.730555555555554,32,,2013-10-01,2022-09-30,3287,3287,none,3287,0,True,False
ES2154,2154,Ucero,Duero,-3.0502777777777776,41.71694444444445,366,,2013-10-01,2022-09-30,3287,3287,none,3287,0,True,False
ES2155,2155,Vegalatrave,Duero,-6.1194444444444445,41.70027777777778,494,,2014-10-01,2022-09-30,2922,2922,none,2819,0,True,False
ES2156,2156,San Felix De La Vega,Duero,-5.952500000000001,42.4,781,,2010-10-01,2022-09-30,4383,4383,none,4383,0,True,False
ES2157,2157,Remolina,Duero,-5.079722222222222,42.92611111111111,14,,2015-04-23,2022-09-30,2717,2717,none,2717,0,True,False
ES2158,2158,Arevalo,Duero,-4.704444444444444,41.032222222222224,1246,,2014-10-01,2022-09-30,2922,2922,none,2922,0,True,False
ES2159,2159,Quintanadueñas,Duero,-3.7286111111111113,42.38805555555555,328,,2014-10-01,2022-09-30,2922,2922,none,2922,0,True,False
ES2160,2160,Castrelo Do Val,Duero,-7.442222222222222,41.995,196,,2015-10-01,2022-09-30,2557,2557,none,2557,0,True,False
ES2161,2161,Salida Embalse De Las Vencias,Duero,-3.9675,41.43388888888889,1125,,1986-10-01,2022-09-30,12815,6940,none,5113,0,True,False
ES2162,2162,Tardajos De Duero,Duero,-2.393333333333333,41.66333333333333,1717,,1994-10-01,2022-09-30,10173,6940,none,5113,0,True,False
ES2163,2163,Almazan,Duero,-2.5102777777777776,41.49972222222223,2959,,1997-10-01,2022-09-30,9131,6940,none,5113,0,True,False
ES2164,2164,Tardesillas,Duero,-2.4536111111111114,41.82916666666667,375,,2017-10-01,2022-09-30,1826,1826,none,1826,0,True,False
ES2165,2165,Palacios De La Sierra,Duero,-3.124722222222222,41.96722222222223,144,,2020-10-01,2022-09-30,730,730,none,730,0,False,False
ES2166,2166,Salida Embalse De Castrovido,Duero,-3.2494444444444444,42.04555555555555,293,,2020-10-01,2022-09-30,730,730,none,730,0,False,False
ES2500,2500,Salida Emb Castro De Las Cogotas,Duero,-4.694444444444445,40.72638888888889,856,,2014-10-01,2022-09-30,2922,2922,none,2922,0,True,False
ES2501,2501,Zamarra,Duero,-6.4494444444444445,40.49138888888889,166,,2013-10-01,2022-09-30,3287,3287,none,3287,0,True,False
ES2502,2502,Robleda,Duero,-6.675833333333333,40.36333333333334,263,,2014-10-01,2022-09-30,2922,2922,none,2922,0,True,False
ES2503,2503,Salida Embalse De Irueña,Duero,-6.5744444444444445,40.44472222222222,468,,2013-10-01,2022-09-30,3287,3287,none,3287,0,True,False
ES2505,2505,Saelices El Chico,Duero,-6.661388888888889,40.65,1609,,2013-10-01,2022-09-30,3287,3287,none,3287,0,True,False
ES2507,2507,Lerma,Duero,-3.758888888888889,42.03055555555555,1700,,2014-10-01,2022-09-30,1096,1096,none,1096,0,False,False
ES2508,2508,Pineda De La Sierra,Duero,-3.304722222222222,42.22555555555556,59,,2013-10-01,2022-09-30,3287,3287,none,3287,0,True,False
ES2510,2510,Cascantes,Duero,-5.636111111111111,42.75972222222222,406,,2013-10-01,2022-09-30,3287,3287,none,3287,0,True,False
ES2511,2511,Cardaño De Arriba,Duero,-4.760277777777778,42.93444444444444,45,,2013-10-01,2022-09-30,3287,3287,none,3287,0,True,False
ES2512,2512,Triollo,Duero,-4.675000000000001,42.92916666666667,118,,2013-10-01,2022-09-30,3287,3287,none,3287,0,True,False
ES2514,2514,Salida Del Embalse De Casares,Duero,-5.761388888888889,42.92361111111111,26,,2014-10-01,2022-09-30,2922,2922,none,2922,0,True,False
ES2516,2516,Valderas,Duero,-5.462222222222223,42.08166666666667,1819,,2013-10-01,2022-09-30,3287,3287,none,3287,0,True,False
ES2517,2517,Aguilafuente,Duero,-4.093333333333333,41.27388888888889,576,,2013-10-01,2022-09-30,3287,3287,none,3287,0,True,False
ES2518,2518,Megeces,Duero,-4.571666666666666,41.41611111111111,2250,,2013-10-01,2022-09-30,3287,3287,none,3287,0,True,False
ES2519,2519,Boisan,Duero,-6.288611111111111,42.37416666666667,145,,2013-10-01,2022-09-30,3287,3287,none,3287,0,True,False
ES2520,2520,Velilla De La Valduerna,Duero,-6.146666666666667,42.324444444444445,248,,2013-10-01,2022-09-30,3287,3287,none,3287,0,True,False
ES2522,2522,Vadocondes,Duero,-3.573611111111111,41.64416666666666,7323,,2013-10-01,2022-09-30,3287,3287,none,3287,0,True,False
ES2524,2524,Saucelle-Duero,Duero,-6.820555555555555,41.03111111111111,75163,,2015-10-01,2022-09-30,2555,2555,none,2555,0,True,False
ES2525,2525,Valsain,Duero,-4.022222222222222,40.890277777777776,80,,2013-10-01,2022-09-30,3287,3287,none,3287,0,True,False
ES2526,2526,Salida Embalse Ponton Alto,Duero,-4.049722222222222,40.921388888888885,165,,2013-10-01,2022-09-30,3287,3287,none,3287,0,True,False
ES2527,2527,Coca-Eresma,Duero,-4.560555555555555,41.263333333333335,2528,,2013-10-01,2022-09-30,3287,3287,none,3287,0,True,False
ES2528,2528,Torre De Esgueva,Duero,-4.197500000000001,41.7625,677,,2013-10-01,2022-09-30,3287,3287,none,3287,0,True,False
ES2529,2529,Liegos,Duero,-5.076666666666666,43.02833333333333,120,,2013-10-01,2022-09-30,3287,3287,none,3287,0,True,False
ES2530,2530,Breto,Duero,-5.765555555555555,41.87222222222222,14420,,2013-10-01,2022-09-30,3287,3287,none,3287,0,True,False
ES2532,2532,Sena De Luna,Duero,-5.966944444444445,42.928888888888885,317,,2013-10-01,2022-09-30,3287,3287,none,3287,0,True,False
ES2533,2533,Monderio,Duero,-4.531666666666666,42.90583333333333,15,,2021-10-01,2022-09-30,365,365,none,365,0,False,False
ES2535,2535,Vegacerneja,Duero,-5.008333333333334,43.04222222222222,79,,2013-10-01,2022-09-30,3287,3287,none,3287,0,True,False
ES2536,2536,San Salvador De Cantamuda,Duero,-4.488055555555556,42.96055555555556,144,,2013-10-01,2022-09-30,3287,3287,none,3287,0,True,False
ES2537,2537,Resoba,Duero,-4.528611111111111,42.9025,13,,2021-10-01,2022-09-30,365,365,none,365,0,False,False
ES2538,2538,Languilla,Duero,-3.4255555555555555,41.44805555555556,364,,2014-10-01,2022-09-30,2922,2922,none,2922,0,True,False
ES2539,2539,Ventanilla,Duero,-4.581944444444444,42.89083333333333,34,,2013-10-01,2022-09-30,3287,3287,none,3287,0,True,False
ES2541,2541,Camarzana De Tera,Duero,-6.041388888888889,41.98722222222222,1418,,2015-10-01,2022-09-30,2557,2557,none,2557,0,True,False
ES2542,2542,Getino,Duero,-5.552777777777778,42.94222222222222,117,,2013-10-01,2022-09-30,3287,3287,none,3287,0,True,False
ES2545,2545,Encinas De Abajo,Duero,-5.481388888888889,40.93305555555556,3807,,2015-10-01,2022-09-30,2557,2557,none,2557,0,True,False
ES2546,2546,Ledesma,Duero,-5.996666666666667,41.09388888888889,5263,,2014-10-01,2022-09-30,2922,2922,none,2922,0,True,False
ES2547,2547,Quintanilla Del Castillo,Duero,-6.098888888888888,42.67305555555555,39,,2013-10-01,2022-09-30,3287,3287,none,3287,0,True,False
ES2548,2548,Benegiles,Duero,-5.631944444444445,41.623333333333335,3187,,2013-10-01,2022-09-30,3287,3287,none,3287,0,True,False
ES2549,2549,Burgos-Vena,Duero,-3.6966666666666663,42.34444444444445,151,,2013-10-01,2022-09-30,3287,3287,none,3287,0,True,False
ES2550,2550,Boca De Huergano,Duero,-4.923333333333334,42.97111111111112,197,,2013-10-01,2022-09-30,3287,3287,none,3287,0,True,False
ES2552,2552,Salida Embalse De Linares,Duero,-3.554722222222222,41.53,759,,2013-10-01,2022-09-30,3287,3287,none,3287,0,True,False
ES2710,2710,Villalobar,Duero,-5.555833333333333,42.396388888888886,3980,,1998-10-01,2022-09-30,8766,6940,none,5113,0,True,False
ES2711,2711,Benamariel-2,Duero,-5.564722222222222,42.36666666666667,3980,,2000-10-01,2022-09-30,8035,6940,none,5113,0,True,False
ES2712,2712,Alconada,Duero,-5.3625,40.91444444444444,439,,2007-10-01,2022-09-30,5479,5479,none,5113,0,True,False
ES2713,2713,Santiago De La Valduerna,Duero,-5.925277777777778,42.31027777777778,290,,2007-10-01,2022-09-30,5479,5479,none,5113,0,True,False
ES2714,2714,Lastras De Cuellar,Duero,-4.152500000000001,41.29083333333333,631,,2004-10-01,2013-09-30,3287,3287,none,1826,0,True,False
ES2716,2716,Camarzana-Regato,Duero,-6.018055555555556,41.998333333333335,257,,2008-10-01,2022-09-30,5113,5113,none,5113,0,True,False
ES2717,2717,Villaveza De Valverde,Duero,-5.848055555555555,41.94916666666666,186,,2007-10-01,2022-09-30,5479,5479,none,5113,0,True,False
ES2718,2718,Genestacio,Duero,-5.85,42.195277777777775,285,,2008-10-01,2022-09-30,5113,5113,none,5113,0,True,False
ES2719,2719,Brime De Urz,Duero,-5.872777777777778,42.03944444444444,243,,2010-10-01,2022-09-30,4383,4383,none,4383,0,True,False
ES2818,2818,Rabal,Duero,-7.435277777777778,41.84861111111111,719,,1980-12-22,2022-09-30,14884,6940,none,5113,0,True,False
ES9001,9001,Miranda De Ebro,Ebro,-2.955555555555556,42.687777777777775,5481,A001,1980-10-01,2022-09-30,12674,5510,verified,4925,1001,True,True
ES9002,9002,Castejon,Ebro,-1.6947222222222222,42.18,25194,A002,1980-10-01,2022-09-30,15271,6940,verified,5113,1087,True,True
ES9003,9003,Andosilla,Ebro,-1.948888888888889,42.37416666666667,1445,A003,1980-10-01,2022-09-30,15077,6723,verified,4988,1092,True,True
ES9004,9004,Funes,Ebro,-1.801111111111111,42.31472222222222,2759,A004,1980-10-01,2022-09-30,15209,6940,verified,5113,1095,True,True
ES9005,9005,Caparroso,Ebro,-1.6505555555555556,42.34333333333333,5469,A005,1980-10-01,2022-09-30,15151,6935,rejected,5108,0,True,False
ES9006,9006,Marañon,Ebro,-2.4491666666666667,42.62777777777778,87,A006,1980-10-24,2019-05-16,13584,5207,unverified,3559,8,True,False
ES9007,9007,Cetina,Ebro,-1.9672222222222224,41.2975,1600,,1980-10-01,2005-09-30,8554,731,none,0,0,False,False
ES9008,9008,Nuevalos,Ebro,-1.7930555555555554,41.1975,732,A008,1980-10-01,2022-09-30,15289,6934,verified,5107,933,True,True
ES9009,9009,Huermeda,Ebro,-1.6,41.37805555555556,7164,,1980-10-01,1995-09-19,4829,0,none,0,0,False,False
ES9010,9010,Daroca,Ebro,-1.4194444444444445,41.10638888888889,2202,A010,1980-10-01,2022-09-30,15202,6898,verified,5101,994,True,True
ES9011,9011,Zaragoza,Ebro,-0.8811111111111112,41.65861111111111,40434,A011,1980-10-01,2022-09-30,15340,6940,verified,5113,1095,True,True
ES9012,9012,Ardisa,Ebro,-0.7527777777777778,42.17472222222222,2040,A012,1980-10-01,2022-09-30,14582,6312,rejected,4990,0,True,False
ES9013,9013,Graus,Ebro,0.3452777777777777,42.205000000000005,893,A013,1980-10-01,2022-09-30,14960,6906,verified,5079,1082,True,True
ES9014,9014,Hijar,Ebro,-0.4533333333333333,41.17444444444444,1419,A014,1980-10-01,2022-09-30,15239,6933,verified,5107,1059,True,True
ES9015,9015,Alcañiz,Ebro,-0.1316666666666666,41.055277777777775,3476,,1980-10-01,2018-12-25,10932,4997,none,3180,0,True,False
ES9017,9017,Fraga,Ebro,0.3233333333333333,41.551944444444445,9612,A017,1980-10-01,2022-09-30,11360,6030,verified,4933,1089,True,True
ES9018,9018,Jaca,Ebro,-0.5544444444444445,42.57861111111112,238,A018,1980-10-01,2022-09-30,15269,6939,verified,5112,999,True,True
ES9019,9019,Bossost,Ebro,0.6911111111111111,42.782222222222224,440,A019,1980-10-01,2022-09-30,7766,4166,rejected,3802,0,True,False
ES9020,9020,Puigcerda,Ebro,1.908611111111111,42.44694444444444,153,A020,1980-10-01,2022-09-30,14513,6850,verified,5088,1044,True,True
ES9021,9021,Puigcerda,Ebro,1.9330555555555555,42.42361111111111,311,A021,1980-10-01,2022-09-30,14903,6820,verified,5041,1019,True,True
ES9022,9022,Seo De Urgel,Ebro,1.4530555555555555,42.36055555555556,559,A022,1980-10-01,2022-09-30,14640,6940,verified,5113,1073,True,True
ES9023,9023,Seo De Urgel,Ebro,1.459722222222222,42.3525,1233,A023,1980-10-01,2022-09-30,14629,6939,verified,5113,1054,True,True
ES9024,9024,Lerida,Ebro,0.6186111111111111,41.60638888888889,11369,A024,1980-10-01,2022-09-30,8400,4017,verified,4017,1079,True,True
ES9025,9025,Seros,Ebro,0.4163888888888889,41.45166666666667,12782,A025,1980-10-01,2022-09-30,15255,6940,verified,5113,1095,True,True
ES9026,9026,Arroyo,Ebro,-4.058333333333334,42.96277777777778,469,A026,1980-10-01,2022-09-30,15196,6940,verified,5113,547,True,True
ES9027,9027,Tortosa,Ebro,0.5197222222222223,40.81222222222222,84230,A027,1980-10-01,2022-09-30,15111,6940,verified,5113,1090,True,True
ES9030,9030,Santolea,Ebro,-0.3683333333333333,40.73972222222222,1002,A030,1980-10-01,2010-12-17,10833,2635,none,808,0,False,False
ES9031,9031,Zorita,Ebro,-0.1558333333333333,40.778888888888886,1038,A031,1990-10-04,2022-09-30,11680,6935,verified,5108,589,True,True
ES9032,9032,Peralta De Alcofea,Ebro,-0.1280555555555555,41.90916666666666,362,A032,1980-10-01,2022-09-30,15178,6937,verified,5110,1070,True,True
ES9033,9033,Peralta De Alcofea,Ebro,-0.1255555555555555,41.91277777777778,765,A033,1980-10-01,2022-09-30,15228,6940,verified,5113,955,True,True
ES9034,9034,Mansilla,Ebro,-2.9066666666666667,42.16166666666666,242,A034,1980-10-01,2022-09-30,15338,6938,verified,5111,653,True,True
ES9035,9035,Villoslada De Cameros,Ebro,-2.6533333333333333,42.12583333333333,285,A035,1980-10-01,2022-09-30,15242,6940,verified,5113,981,True,True
ES9036,9036,Islallana,Ebro,-2.525555555555556,42.3175,573,A036,1980-10-01,2022-09-30,15253,6910,verified,5083,1073,True,True
ES9038,9038,Torremontalvo,Ebro,-2.684166666666667,42.498333333333335,1090,A038,1980-10-01,2022-09-30,14461,6306,verified,4479,948,True,True
ES9039,9039,Ortigosa,Ebro,-2.6716666666666664,42.17111111111111,45,A039,1980-10-01,2022-09-30,15271,6934,verified,5107,821,True,True
ES9040,9040,Boltaña,Ebro,0.7783333333333334,42.43611111111111,626,A040,1980-10-01,2022-09-30,14966,6935,verified,5109,1082,True,True
ES9041,9041,Navarrete Del Rio,Ebro,-1.26,40.930277777777775,364,A041,1980-10-01,2022-09-30,15189,6940,none,5113,0,True,False
ES9042,9042,Calamocha,Ebro,-1.3005555555555557,40.924166666666665,1498,A042,1980-10-01,2022-09-30,15247,6940,verified,5113,1063,True,True
ES9043,9043,San Pedro Manrique,Ebro,-2.223055555555556,42.019444444444446,105,A043,1980-10-01,2022-09-30,15236,6932,verified,5105,956,True,True
ES9044,9044,Yanguas,Ebro,-2.332222222222222,42.10472222222222,223,A044,1980-10-01,2022-09-30,14980,6691,verified,4884,1023,True,True
ES9046,9046,Lecina,Ebro,0.0419444444444444,42.21861111111112,110,,1980-10-01,2022-09-30,15050,6928,none,5107,0,True,False
ES9047,9047,Capella,Ebro,0.3952777777777778,42.193888888888885,426,A047,1980-10-01,2022-09-30,15258,6939,verified,5112,934,True,True
ES9048,9048,Anguiano,Ebro,-2.7780555555555555,42.25611111111111,541,A048,1980-10-01,2022-09-30,14420,6266,verified,4840,1075,True,True
ES9049,9049,Debanos,Ebro,-1.9452777777777777,41.905277777777776,150,,1980-10-01,2022-07-27,14383,6074,none,4262,0,True,False
ES9050,9050,Cuzcurrita,Ebro,-3.002222222222222,42.52444444444444,698,A050,1980-10-01,2022-09-30,15233,6872,verified,5045,1052,True,True
ES9051,9051,Escalona,Ebro,0.1502777777777777,42.47805555555556,835,A051,1980-10-01,2022-09-30,9475,4727,verified,4727,340,True,False
ES9052,9052,Beceite,Ebro,0.1855555555555555,40.824444444444445,48,A052,1980-10-01,2022-09-30,15221,6905,verified,5113,543,True,True
ES9055,9055,Morata De Jiloca,Ebro,-1.5847222222222224,41.251666666666665,2502,A055,1980-10-01,2022-09-30,15264,6907,verified,5080,965,True,True
ES9056,9056,Jaraba,Ebro,-1.8763888888888889,41.19083333333333,537,A056,1980-10-01,2022-09-30,15274,6890,verified,4938,471,True,True
ES9057,9057,Embid De Ariza,Ebro,-1.9841666666666664,41.38638888888889,207,A057,1980-10-01,2022-09-30,14990,6883,verified,5056,837,True,True
ES9058,9058,Jubera,Ebro,-2.3383333333333334,41.196666666666665,196,A058,1980-10-01,2022-09-30,15311,6939,verified,5112,749,True,True
ES9059,9059,Sta. Eulalia De Gallego,Ebro,-0.7511111111111111,42.271388888888886,1901,A059,1980-10-01,2022-09-30,14815,6836,verified,5111,1095,True,True
ES9060,9060,Gallur,Ebro,-1.3055555555555556,41.88583333333333,2249,A060,1980-10-01,2017-09-30,13113,4765,none,3052,0,True,False
ES9061,9061,Javierregay,Ebro,-0.7544444444444445,42.57694444444445,348,A061,1990-06-21,2022-09-30,11787,6940,verified,5113,1060,True,True
ES9062,9062,Binies,Ebro,-0.7861111111111111,42.65583333333333,161,A062,1980-10-01,2022-09-30,14683,6865,verified,5040,999,True,True
ES9063,9063,Sigües,Ebro,-1.012222222222222,42.645,506,A063,1980-10-01,2022-09-30,15332,6940,verified,5113,1022,True,True
ES9064,9064,Aspurz,Ebro,-1.1602777777777775,42.71416666666667,396,A064,1980-10-01,2022-09-30,15143,6940,verified,5113,1081,True,True
ES9065,9065,Liedena,Ebro,-1.295,42.62361111111111,1546,A065,1980-10-01,2022-09-30,14967,6798,verified,5113,1083,True,True
ES9066,9066,Arive,Ebro,-1.2558333333333334,42.94611111111111,236,A066,1980-10-01,2022-09-23,14315,6065,verified,4291,978,True,True
ES9067,9067,Olave,Ebro,-1.606666666666667,42.89055555555556,240,A067,1980-10-01,2022-09-30,14346,6845,verified,5113,913,True,True
ES9068,9068,Asiain,Ebro,-1.787222222222222,42.830000000000005,782,A068,1980-10-01,2022-09-30,6307,4867,verified,4867,1023,True,True
ES9069,9069,Echauri,Ebro,-1.7899999999999998,42.79083333333333,1756,A069,1980-10-01,2022-09-30,12087,6939,verified,5113,1095,True,True
ES9070,9070,Eraul,Ebro,-2.048611111111111,42.69166666666666,309,A070,1980-10-01,2022-09-30,7086,4205,verified,4205,1095,True,True
ES9071,9071,Estella,Ebro,-2.035833333333333,42.67111111111111,943,A071,1980-10-01,2022-09-30,14852,6761,verified,5113,1051,True,True
ES9073,9073,Sangüesa,Ebro,-1.2552777777777775,42.551944444444445,275,A073,1980-10-01,2022-09-30,14951,6940,verified,5113,930,True,True
ES9074,9074,Arce,Ebro,-2.8969444444444443,42.67722222222222,1357,A074,1980-10-01,2022-09-30,15049,6836,verified,5113,1088,True,True
ES9075,9075,Berantevilla,Ebro,-2.8841666666666668,42.68083333333333,307,A075,1980-10-01,2022-09-30,13744,6713,verified,4886,1092,True,True
ES9076,9076,Orbaiceta,Ebro,-1.1638888888888888,42.98444444444444,127,A076,1993-03-29,2022-09-30,9103,5337,none,3425,0,True,False
ES9078,9078,Garinoain,Ebro,-1.643333333333333,42.59555555555556,47,A078,1980-10-01,2022-09-30,15125,6753,verified,5060,852,True,True
ES9079,9079,Urroz,Ebro,-1.4066666666666665,42.77055555555555,180,A079,1980-10-01,2022-09-30,15322,6932,verified,5105,1043,True,True
ES9080,9080,Zuriza,Ebro,-0.8202777777777778,42.8625,47,A080,1980-10-01,2022-09-30,14858,6933,verified,5106,904,True,True
ES9083,9083,Oliana,Ebro,1.2927777777777776,42.089444444444446,2700,A083,1980-10-01,2022-09-30,14903,6940,verified,5113,1059,True,True
ES9084,9084,Alloz,Ebro,-1.9475,42.693888888888885,132,A084,1980-10-01,2022-09-30,15327,6936,verified,5109,1085,True,True
ES9085,9085,Riezu,Ebro,-1.9544444444444444,42.765277777777776,14,A085,1980-10-01,2022-09-30,14936,6852,verified,5033,957,True,True
ES9086,9086,Garinoain,Ebro,-1.6502777777777775,42.6,76,A086,1980-10-01,2022-09-30,15058,6930,verified,5109,833,True,True
ES9087,9087,Grisen,Ebro,-1.1758333333333335,41.73277777777778,9694,A087,1980-10-01,2022-09-30,14446,6155,verified,4754,1095,True,True
ES9088,9088,Pitarque,Ebro,-0.6,40.62611111111112,279,,1980-10-01,2022-09-12,13282,5084,none,3258,0,True,False
ES9089,9089,Zaragoza,Ebro,-0.8419444444444445,41.66944444444445,4008,A089,1997-10-01,2022-09-30,6623,4432,verified,2992,1095,True,True
ES9090,9090,"Fayos, Los",Ebro,-1.7838888888888889,41.8775,145,,1980-10-01,1997-11-03,6243,0,none,0,0,False,False
ES9091,9091,Lascellas,Ebro,-0.1097222222222222,42.087500000000006,501,A091,1980-10-01,2022-09-30,14919,6519,verified,4724,1030,True,True
ES9092,9092,Trespaderne,Ebro,-3.4016666666666664,42.8025,1093,A092,1980-10-01,2022-09-30,12388,6636,verified,5113,1019,True,True
ES9093,9093,Oña,Ebro,-3.4138888888888888,42.73527777777778,1051,A093,1980-10-01,2022-09-30,14761,6940,verified,5014,889,True,True
ES9094,9094,Albalatillo,Ebro,-0.1813888888888888,41.75833333333333,1499,A094,1992-10-01,2022-09-30,10922,6936,verified,5109,1083,True,True
ES9095,9095,Barbastro,Ebro,0.1316666666666666,42.02916666666667,345,A095,1980-10-01,2022-09-30,14633,6404,verified,4602,1095,True,True
ES9096,9096,Balaguer,Ebro,0.8069444444444445,41.793055555555554,7796,A096,1980-10-01,2022-09-30,14936,6713,verified,4886,1047,True,True
ES9097,9097,Piñana,Ebro,0.5783333333333334,41.87694444444445,1757,A097,1980-10-01,2022-09-30,15340,6940,verified,5113,1013,True,True
ES9099,9099,Caspe,Ebro,0.0127777777777777,41.21055555555556,3845,A099,1980-10-01,2022-09-30,15235,6900,verified,5076,857,True,True
ES9100,9100,Berge,Ebro,-0.4227777777777778,40.86194444444445,141,A100,1980-10-01,2022-09-30,13330,4936,verified,3109,841,True,True
ES9101,9101,"Yesa, P.P.",Ebro,-1.211111111111111,42.615833333333335,2191,A101,1980-10-01,2022-09-30,15146,6801,verified,5016,553,True,True
ES9102,9102,Collegats,Ebro,1.034166666666667,42.27472222222222,1518,A102,1980-10-01,2022-09-30,7380,3347,verified,3347,1060,True,True
ES9103,9103,Camarasa,Ebro,0.8772222222222222,41.88527777777778,7160,,1980-10-01,1982-10-31,761,0,none,0,0,False,False
ES9104,9104,Alos De Balaguer,Ebro,0.9586111111111112,41.91166666666666,4318,,1980-10-01,1982-10-31,761,0,none,0,0,False,False
ES9105,9105,Mezalocha,Ebro,-1.0769444444444445,41.42611111111111,620,A105,1980-10-01,2022-09-30,14720,6557,verified,4730,524,True,True
ES9106,9106,Santolea - P.P.,Ebro,-0.3141666666666666,40.77777777777778,1236,A106,1980-10-01,2022-09-30,15219,6819,verified,5113,584,True,True
ES9109,9109,Valderrobles,Ebro,0.1319444444444444,40.82416666666667,79,A109,1980-10-01,2022-09-30,15037,6896,verified,4975,384,True,True
ES9110,9110,Beceite,Ebro,0.1297222222222222,40.80083333333333,49,A110,1980-10-01,2022-09-30,14948,6939,verified,4637,419,True,True
ES9111,9111,Orgaña,Ebro,1.3430555555555554,42.22944444444445,2384,A111,1980-10-01,2022-09-30,14784,6907,verified,5110,1095,True,True
ES9112,9112,Sastago,Ebro,-0.375,41.32833333333333,48974,,1980-10-01,1998-09-30,6568,0,none,0,0,False,False
ES9113,9113,Valderrobres,Ebro,0.1180555555555555,40.8025,55,A113,1980-10-01,2022-09-30,15191,6892,verified,5065,813,True,True
ES9114,9114,Pons,Ebro,1.193888888888889,41.92527777777777,3320,,1980-10-01,1982-11-04,400,0,none,0,0,False,False
ES9115,9115,Puente De Montañana,Ebro,0.6944444444444444,42.150277777777774,1068,A115,1980-10-01,2022-09-30,9644,4378,none,4378,0,True,False
ES9116,9116,Caldas De Bohi,Ebro,0.8350000000000001,42.55138888888889,49,,1980-10-01,1997-09-30,5661,0,none,0,0,False,False
ES9117,9117,Bohi,Ebro,0.8380555555555556,42.54416666666666,64,,1980-10-01,1997-09-30,5661,0,none,0,0,False,False
ES9118,9118,Oliete,Ebro,-0.6925,40.99055555555556,670,A118,1980-10-01,2022-09-30,15266,6930,verified,5103,673,True,True
ES9120,9120,Mendavia,Ebro,-2.205555555555556,42.41583333333333,12010,A120,1980-10-01,2022-09-30,15108,6799,verified,5100,1095,True,True
ES9121,9121,Flix,Ebro,0.5497222222222222,41.227222222222224,82416,,1980-10-01,1992-09-30,4082,0,none,0,0,False,False
ES9122,9122,Blesa,Ebro,-0.9016666666666668,41.03583333333333,138,,1980-10-01,2022-09-30,15336,6936,none,4686,0,True,False
ES9123,9123,Anzanigo,Ebro,-0.6516666666666667,42.40416666666667,1391,A123,1980-10-01,2022-09-30,14770,6940,verified,5113,1090,True,True
ES9124,9124,"Torcas, Las",Ebro,-1.0844444444444443,41.29694444444444,456,A124,1980-10-01,2022-09-30,15090,6835,verified,5113,822,True,True
ES9125,9125,Carenas,Ebro,-1.7988888888888888,41.26638888888889,1478,A125,1980-10-01,2022-09-30,15324,6924,verified,5097,619,True,True
ES9126,9126,Ateca,Ebro,-1.8008333333333333,41.32305555555556,3619,A126,1980-10-01,2022-09-30,15249,6938,verified,5111,1087,True,True
ES9127,9127,Alcaine,Ebro,-0.7016666666666667,40.95472222222222,594,A127,1980-10-01,2022-09-30,14799,6863,verified,5112,676,True,True
ES9129,9129,Tranquera - C.E.,Ebro,-1.7786111111111111,41.20722222222223,87,A129,1980-10-01,2022-09-30,15141,6907,verified,5080,620,True,True
ES9130,9130,Ginaste,Ebro,0.7147222222222221,42.49611111111111,149,,1980-10-01,1997-09-30,6209,0,none,0,0,False,False
ES9131,9131,Llesp,Ebro,0.7552777777777778,42.45166666666667,225,,1980-10-01,1997-09-30,6209,0,none,0,0,False,False
ES9132,9132,Guiamets - C.E.,Ebro,0.7761111111111112,41.09972222222223,93,,1993-10-01,1996-09-22,811,0,none,0,0,False,False
ES9135,9135,Alins,Ebro,1.3272222222222223,42.55305555555555,60,A135,1980-10-01,2022-09-30,14360,6895,none,5095,0,True,False
ES9136,9136,Noales,Ebro,0.6619444444444444,42.45777777777778,76,,1980-10-01,1997-09-30,6209,0,none,0,0,False,False
ES9137,9137,Pont De Suert,Ebro,0.741111111111111,42.4,558,A137,1980-10-01,2022-09-30,11658,5783,verified,5113,1095,True,True
ES9138,9138,Moneva - C.E.,Ebro,-0.8388888888888889,41.13111111111111,296,,1980-10-01,1992-09-30,4383,0,none,0,0,False,False
ES9139,9139,Igea,Ebro,-2.011388888888889,42.074444444444445,326,A139,1980-10-01,2022-09-30,14464,6134,verified,4307,781,True,True
ES9142,9142,Lumbreras,Ebro,-2.6222222222222222,42.10027777777778,113,A142,1980-10-01,2022-09-30,15273,6940,verified,5113,839,True,True
ES9143,9143,Arties,Ebro,0.8791666666666667,42.70194444444445,137,A143,1980-10-01,2022-09-30,7650,3617,verified,3617,1054,True,True
ES9144,9144,Tabescan,Ebro,1.251111111111111,42.63527777777778,137,,1980-10-01,1992-09-30,3981,0,none,0,0,False,False
ES9145,9145,Eriste,Ebro,0.4713888888888889,42.57888888888889,323,A145,1980-10-01,2022-09-30,14952,6940,rejected,4961,0,True,False
ES9146,9146,"Pobla De Segur, La",Ebro,0.9788888888888888,42.25305555555556,1931,,1980-10-01,1992-09-30,3662,0,none,0,0,False,False
ES9147,9147,Monreal De Ariza,Ebro,-2.116111111111111,41.30805555555556,465,A147,1980-10-01,2022-09-30,14840,6503,verified,4710,545,True,True
ES9148,9148,Coll De Nargo,Ebro,1.3008333333333333,42.165,69,A148,1980-10-01,2022-09-30,14687,6934,verified,5107,538,True,True
ES9149,9149,"Cortijo, El",Ebro,-2.5305555555555554,42.484722222222224,10356,,1980-10-01,1998-09-30,6420,0,none,0,0,False,False
ES9150,9150,Estenoz,Ebro,-1.9261111111111109,42.74722222222222,28,A150,1980-10-01,2022-09-30,14801,6810,verified,5015,644,True,True
ES9151,9151,Muez,Ebro,-1.936388888888889,42.74944444444444,55,,1980-10-01,1999-03-26,6747,0,none,0,0,False,False
ES9152,9152,Eugui,Ebro,-1.5147222222222223,42.97027777777778,69,A152,1980-10-01,2022-09-30,15325,6925,verified,5113,835,True,True
ES9153,9153,Horta De San Juan,Ebro,0.2738888888888889,40.93888888888888,115,A153,1980-10-01,2022-09-30,15144,6924,verified,5097,817,True,True
ES9154,9154,Peñarroya De Tastavins,Ebro,0.0227777777777777,40.73805555555556,88,,1980-10-01,2022-03-16,13760,5924,none,4109,0,True,False
ES9155,9155,Biota,Ebro,-1.1919444444444445,42.26055555555556,144,A155,1980-10-01,2022-09-30,15261,6929,verified,4763,998,True,True
ES9157,9157,Azarrulla,Ebro,-3.033611111111111,42.2625,74,A157,1980-10-01,2022-09-30,14527,6931,verified,5104,747,True,True
ES9158,9158,San Miguel De Pedroso,Ebro,-3.2133333333333334,42.38638888888889,192,A158,1980-10-01,2022-09-30,15108,6940,none,5113,0,True,False
ES9159,9159,Huarte,Ebro,1.581388888888889,42.86472222222223,178,A159,1980-10-01,2022-09-30,13391,5921,verified,4992,1029,True,True
ES9161,9161,Palazuelos,Ebro,-3.3433333333333333,42.79166666666666,4530,A161,1980-10-01,2022-09-30,10771,5453,rejected,4935,0,True,False
ES9162,9162,Pignatelli,Ebro,-1.5566666666666666,42.02055555555555,26427,,1980-10-01,1988-09-30,2922,0,none,0,0,False,False
ES9163,9163,Asco Coca,Ebro,0.5697222222222222,41.18583333333333,82245,A163,1982-11-22,2022-09-30,13874,6939,verified,5112,1089,True,True
ES9164,9164,Canfranc,Ebro,-0.5152777777777777,42.75083333333333,62,,1980-10-01,1991-09-30,4017,0,none,0,0,False,False
ES9165,9165,Miranda De Ebro,Ebro,-2.9280555555555554,42.68888888888888,318,A165,1980-10-01,2022-09-30,15223,6940,verified,5113,993,True,True
ES9166,9166,Virues,Ebro,-3.357222222222222,42.80805555555556,290,A166,1980-10-01,2022-09-30,10362,6863,verified,5113,983,True,True
ES9167,9167,Barrio Blanco,Ebro,-2.3327777777777774,41.19305555555555,73,A167,1980-10-01,2022-09-30,12261,6939,verified,5112,971,True,True
ES9168,9168,Moneva - P.P.,Ebro,-0.8322222222222222,41.1825,470,A168,1980-10-01,2022-09-30,15012,6735,verified,4817,530,True,True
ES9170,9170,Yesa C.E.,Ebro,-0.9988888888888888,42.609722222222224,1471,A170,1980-10-01,2011-09-30,11130,2875,none,1048,0,False,False
ES9171,9171,Molino De Gistain,Ebro,0.3463888888888888,42.6125,100,A171,1980-10-01,1993-09-30,4748,0,none,0,0,False,False
ES9172,9172,Lafortunada,Ebro,0.1958333333333333,42.54277777777778,453,A172,1980-10-01,2022-09-30,7659,2911,rejected,2911,0,True,False
ES9174,9174,"Fayos, Los",Ebro,-1.7816666666666665,41.88055555555555,194,A174,1989-11-23,2022-09-30,11127,6911,verified,5084,951,True,True
ES9175,9175,Tudela,Ebro,-1.6169444444444443,42.059444444444445,528,A175,1980-10-01,2022-09-30,8656,5242,verified,4922,1094,True,True
ES9176,9176,Nonaspe,Ebro,0.1716666666666666,41.195277777777775,1035,A176,1980-10-01,2022-09-30,14833,6940,verified,5113,658,True,True
ES9177,9177,Batea,Ebro,0.2094444444444444,41.10638888888889,335,A177,1980-10-01,2022-09-30,15094,6709,verified,5067,878,True,True
ES9178,9178,Reinosa,Ebro,-4.163055555555556,43.001666666666665,23,A178,1980-10-01,2022-09-30,13108,6871,verified,5113,921,True,True
ES9181,9181,"Pobla De Segur, La",Ebro,0.9641666666666666,42.24638888888889,342,,1980-10-01,1992-09-30,4014,0,none,0,0,False,False
ES9182,9182,Balaguer,Ebro,0.8238888888888889,41.80305555555555,501,,1980-10-01,1992-09-30,3469,0,none,0,0,False,False
ES9183,9183,Villanueva De La Barca,Ebro,0.7197222222222223,41.68,537,,1980-10-01,1992-09-30,4383,0,none,0,0,False,False
ES9184,9184,Ateca,Ebro,-1.7902777777777776,41.33416666666667,446,A184,1980-10-01,2022-09-30,14953,6901,verified,5074,897,True,True
ES9185,9185,Cintruenigo,Ebro,-1.8119444444444448,42.080000000000005,1120,A185,1980-10-01,2022-09-30,15045,6895,verified,5068,657,True,True
ES9186,9186,Sadaba,Ebro,-1.271111111111111,42.280277777777776,197,A186,1980-10-01,2022-09-30,15068,6736,verified,4909,914,True,True
ES9187,9187,Erla,Ebro,-0.9461111111111112,42.11611111111111,263,A187,1980-10-01,2022-09-30,15331,6940,verified,5113,971,True,True
ES9188,9188,Berguenda,Ebro,-3.044722222222222,42.78361111111111,350,A188,1980-10-22,2022-09-30,14970,6753,verified,5061,935,True,True
ES9189,9189,Oron,Ebro,-2.979444444444445,42.67055555555555,217,A189,1980-10-01,2022-09-30,15340,6940,verified,5113,939,True,True
ES9190,9190,Quicena,Ebro,-0.3466666666666666,42.14388888888889,160,A190,1980-10-01,2022-09-30,15213,6851,verified,5111,1008,True,True
ES9191,9191,Barbues,Ebro,-0.4236111111111111,41.98222222222223,534,A191,1980-10-01,2022-09-30,14792,6491,verified,4784,1068,True,True
ES9192,9192,Sietamo,Ebro,-0.2669444444444444,42.12444444444444,135,A192,1980-10-01,2022-09-30,15153,6830,verified,5110,1069,True,True
ES9193,9193,Ballobar,Ebro,0.1952777777777777,41.62027777777778,3390,A193,1989-04-14,2022-09-30,12118,6927,verified,5113,1046,True,True
ES9196,9196,Torla,Ebro,-0.1077777777777777,42.63027777777778,180,,1980-10-01,1993-09-30,4748,0,none,0,0,False,False
ES9197,9197,Leza De Rio Leza,Ebro,-2.4077777777777776,42.33027777777778,283,A197,1980-10-01,2022-09-30,14983,6932,verified,5105,836,True,True
ES9198,9198,Alins,Ebro,1.3266666666666669,42.55416666666667,83,A198,1980-10-01,2022-09-30,14396,6888,verified,5061,910,True,True
ES9200,9200,Arties,Ebro,0.8730555555555556,42.69583333333333,50,A200,1980-10-01,1991-10-27,4044,0,none,0,0,False,False
ES9201,9201,Gallipuen - P.P.,Ebro,-0.4144444444444444,40.87583333333333,142,,1980-10-01,1999-09-30,6194,0,none,0,0,False,False
ES9202,9202,Matamorosa,Ebro,-4.136111111111112,42.98611111111112,59,A202,1980-10-01,2022-09-30,9177,6572,verified,5111,984,True,True
ES9203,9203,Reinosa,Ebro,-4.147777777777778,42.98833333333334,142,A203,1980-11-13,2022-09-30,12706,6802,verified,4834,826,True,True
ES9209,9209,Zuera,Ebro,-0.785,41.82277777777778,3276,A209,2005-11-11,2022-09-30,6168,6168,verified,5113,1081,True,True
ES9210,9210,Ribarroja,Ebro,0.4325,41.24138888888889,81060,,1980-10-01,1985-09-30,1826,0,none,0,0,False,False
ES9215,9215,Cerveruela,Ebro,-1.2127777777777775,41.215833333333336,315,A215,1981-03-17,2022-09-30,13712,6940,verified,5113,992,True,True
ES9216,9216,Zaragoza,Ebro,-0.8977777777777778,41.636944444444445,1017,A216,1980-10-01,2022-09-30,15337,6937,verified,5113,1090,True,True
ES9221,9221,Larrinoa,Ebro,-2.7319444444444447,42.97027777777778,22,A221,1980-10-01,2022-09-30,14974,6597,verified,4789,901,True,True
ES9222,9222,Gopegui,Ebro,-2.742777777777778,42.964444444444446,6,,1980-10-01,1993-06-30,4656,0,none,0,0,False,False
ES9223,9223,Ondategui,Ebro,-2.7447222222222223,42.94805555555556,8,,1980-10-01,1993-07-06,4662,0,none,0,0,False,False
ES9225,9225,Zaidin,Ebro,0.29,41.57722222222223,785,A225,2008-04-23,2022-09-30,5272,5272,verified,5111,1021,True,True
ES9229,9229,Zuera,Ebro,-0.7736111111111111,41.90055555555556,3251,A229,1983-10-05,2022-09-30,13670,6467,verified,5113,1069,True,True
ES9230,9230,"Pardina, La",Ebro,-0.66,41.99444444444445,202,A230,1981-08-25,2022-09-30,14010,6930,verified,5103,941,True,True
ES9231,9231,Candasnos,Ebro,0.0311111111111111,41.46333333333334,536,,1985-11-07,2022-09-30,12915,6888,none,4974,0,True,False
ES9234,9234,Oza,Ebro,-0.7116666666666667,42.82138888888889,75,,1992-11-11,2022-09-30,10365,6412,none,4971,0,True,False
ES9235,9235,Moleta De Roni,Ebro,1.2002777777777778,42.46638888888889,110,,1982-10-01,1982-10-31,31,0,none,0,0,False,False
ES9236,9236,Maidevera C.E.,Ebro,-1.7788888888888887,41.57861111111112,39,A236,1984-10-26,2022-09-30,13627,6822,verified,5113,794,True,True
ES9238,9238,Maidevera P.P.,Ebro,-1.7575,41.57,77,A238,1987-11-10,2022-09-30,10825,6482,verified,4784,618,True,True
ES9248,9248,Capdella,Ebro,1.0013888888888889,42.50194444444445,3,,1988-10-20,1993-07-21,895,0,none,0,0,False,False
ES9249,9249,Capdella,Ebro,1.0019444444444443,42.50722222222223,7,,1988-10-19,1991-04-10,459,0,none,0,0,False,False
ES9250,9250,Bubal,Ebro,-0.3163888888888889,42.678888888888885,298,A250,1988-10-20,2022-09-30,12399,6940,verified,5113,202,True,False
ES9251,9251,Cervera Del Rio Alhama,Ebro,-1.9513888888888888,42.00722222222223,299,A251,1989-11-23,2022-09-30,11813,6766,verified,5021,792,True,True
ES9252,9252,Escalo,Ebro,1.1552777777777776,42.55111111111111,444,A252,1989-11-15,2022-09-30,12008,6940,verified,5113,1095,True,True
ES9253,9253,Arnedillo,Ebro,-2.233611111111111,42.21388888888889,405,A253,1990-10-01,2022-09-30,11217,6509,verified,4682,992,True,True
ES9254,9254,Medina De Pomar,Ebro,-3.480277777777778,42.930277777777775,465,A254,1990-10-01,2022-09-30,11646,6934,verified,5107,1058,True,True
ES9255,9255,Ortilla,Ebro,-0.6236111111111111,42.15333333333333,200,A255,1992-10-01,2022-09-30,10957,6940,verified,5113,968,True,True
ES9256,9256,Isobol,Ebro,1.8141666666666667,42.3725,697,A256,1991-03-27,2022-09-30,11491,6940,verified,5113,1027,True,True
ES9257,9257,Escanilla,Ebro,0.1905555555555555,42.28777777777778,83,A257,1992-10-01,2022-09-30,10915,6898,verified,5071,789,True,True
ES9258,9258,Campo,Ebro,0.3877777777777778,42.42472222222222,540,A258,1992-10-01,2022-09-30,10780,6925,verified,5103,1095,True,True
ES9259,9259,Izalzu,Ebro,-1.0552777777777778,42.91361111111111,49,A259,1991-12-19,2022-09-30,11155,6927,verified,5108,929,True,True
ES9260,9260,Tauste,Ebro,-1.2802777777777776,41.91305555555555,2193,A260,1990-06-20,2022-09-30,11197,6346,verified,5010,1095,True,True
ES9261,9261,Trasobares,Ebro,-1.6402777777777775,41.64138888888889,123,A261,1990-10-01,2022-09-30,11681,6940,verified,5113,787,True,True
ES9263,9263,Gelsa,Ebro,-0.4761111111111111,41.39805555555556,47133,A263,2005-02-21,2022-05-07,5172,5172,none,4530,0,True,False
ES9264,9264,Aos,Ebro,-1.3780555555555556,42.75055555555556,739,A264,1990-09-21,2022-09-30,11648,6937,verified,5110,1050,True,True
ES9265,9265,Tirvia,Ebro,1.2333333333333334,42.51777777777777,410,A265,1990-04-25,2022-09-28,11280,6439,verified,4645,1090,True,True
ES9266,9266,Calatayud,Ebro,-1.6330555555555557,41.355,6841,A266,1994-05-19,2022-09-30,10344,6940,verified,5113,1057,True,True
ES9267,9267,Capdella,Ebro,0.9908333333333332,42.46805555555556,74,A267,1989-12-14,2022-09-30,10585,5666,verified,4204,1047,True,True
ES9268,9268,Isaba,Ebro,-0.9275,42.85916666666667,188,A268,1992-04-03,2022-09-30,11138,6940,verified,5113,1058,True,True
ES9269,9269,Aragües Del Puerto,Ebro,-0.7158333333333333,42.67611111111111,75,,1992-10-29,2022-09-30,10789,6800,none,4991,0,True,False
ES9270,9270,Pamplona,Ebro,-1.6669444444444443,42.7975,224,A270,1992-10-01,2022-09-30,6221,6011,verified,4834,1091,True,True
ES9271,9271,Canfranc Antiguo,Ebro,-0.5252777777777778,42.719722222222224,101,A271,1991-10-24,2022-09-30,11293,6933,verified,5113,1067,True,True
ES9273,9273,"Sabinar, El",Ebro,-1.215,42.06194444444444,574,A273,2006-04-21,2022-09-30,4361,4361,verified,4004,1090,True,True
ES9274,9274,Sallente P.P.,Ebro,0.9913888888888888,42.48694444444445,29,,1995-10-01,2000-09-10,1743,0,none,0,0,False,False
ES9275,9275,Alastuey,Ebro,-0.7505555555555555,42.53694444444445,6,,2001-10-03,2022-09-30,6513,6169,none,4473,0,True,False
ES9276,9276,Alastuey,Ebro,-0.7502777777777778,42.53694444444445,4,,2001-10-23,2022-09-30,6598,6255,none,5099,0,True,False
ES9277,9277,Aoiz Pie De Presa,Ebro,-1.3675,42.78333333333333,488,A277,1999-01-27,2022-09-30,8638,6938,verified,5111,1020,True,True
ES9278,9278,Chodes,Ebro,-1.461111111111111,41.49444444444445,7561,A278,2000-03-23,2022-09-30,8211,6924,verified,5097,1095,True,True
ES9279,9279,Valdelateja,Ebro,-3.7675,42.77444444444444,497,A279,2004-03-30,2022-09-30,6420,6420,verified,4779,695,True,True
ES9280,9280,Logroño,Ebro,-2.4458333333333337,42.47083333333334,1037,A280,2006-10-01,2022-09-30,5424,5424,verified,4693,1095,True,True
ES9281,9281,Haro,Ebro,-2.877222222222222,42.57888888888889,1239,A281,2004-03-29,2022-09-30,6497,6497,verified,5113,1066,True,True
ES9282,9282,Martes,Ebro,-0.8827777777777778,42.59138888888889,1083,A282,2004-11-03,2022-09-30,6541,6541,verified,5113,990,True,True
ES9283,9283,Villarcayo,Ebro,-3.5733333333333333,42.946666666666665,262,A283,2004-03-31,2022-09-30,6754,6754,verified,5113,1082,True,True
ES9284,9284,Tudela,Ebro,-1.6005555555555555,42.066944444444445,2534,A284,2004-11-17,2022-09-30,6411,6411,verified,4997,1095,True,True
ES9287,9287,Bijuesca,Ebro,-1.922222222222222,41.54111111111111,151,A287,2005-07-13,2022-09-30,5947,5947,verified,4298,514,True,True
ES9288,9288,Carabantes,Ebro,-1.9944444444444445,41.55166666666666,35,A288,2004-10-01,2022-09-30,5574,5574,verified,4652,1029,True,True
ES9290,9290,Ejea De Los Caballeros,Ebro,-1.1508333333333332,42.1175,1046,A290,2005-11-30,2022-09-30,5625,5625,verified,4944,1079,True,True
ES9291,9291,Luna,Ebro,-0.9280555555555556,42.08305555555556,109,A291,2005-11-09,2022-09-30,6170,6170,verified,5113,896,True,True
ES9292,9292,Cortes De Navarra,Ebro,-1.413611111111111,41.92472222222222,465,A292,2005-11-16,2022-09-30,5901,5901,verified,5113,1089,True,True
ES9293,9293,Puente De Las Pilas,Ebro,0.2133333333333333,42.06666666666667,3743,A293,2006-02-13,2022-09-30,5251,5251,none,4788,0,True,False
ES9294,9294,Maidevera C. E.,Ebro,-1.7730555555555556,41.59611111111112,28,A294,2005-11-17,2022-09-30,5988,5988,verified,4939,984,True,True
ES9295,9295,Cosuenda,Ebro,-1.2980555555555555,41.37055555555556,16,A295,2006-02-13,2022-09-30,5900,5900,verified,4939,885,True,True
ES9296,9296,Aguaron,Ebro,-1.2716666666666665,41.33916666666667,17,A296,2006-04-11,2022-09-30,5791,5791,verified,4693,1033,True,True
ES9297,9297,Beceite,Ebro,0.1974999999999999,40.84,45,A297,2009-07-05,2022-09-30,4779,4779,verified,4779,643,True,True
ES9298,9298,"Peña C.E., La",Ebro,-0.7880555555555555,42.40916666666666,95,A298,2007-12-29,2022-09-30,5390,5390,verified,5113,876,True,True
ES9299,9299,Peralta De La Sal,Ebro,0.376111111111111,41.980555555555554,61,A299,2009-05-15,2022-09-30,4883,4883,verified,4883,643,True,True
ES9307,9307,Cetina Aa. Ab. Deza,Ebro,-1.9569444444444444,41.29861111111111,1905,A307,2005-10-01,2022-09-30,5834,5834,verified,4738,1095,True,True
ES9308,9308,Otxandio,Ebro,-2.6575,43.040277777777774,36,A308,2016-03-01,2022-09-30,2325,2325,none,2325,0,True,False
ES9309,9309,Sallent De Gallego,Ebro,-0.3341666666666666,42.769444444444446,44,A309,2010-12-17,2022-09-30,4306,4306,verified,4306,996,True,True
ES9310,9310,Sallent De Gallego (Aguas Limpias),Ebro,-0.3277777777777778,42.775,60,A310,2010-02-17,2022-09-30,4609,4609,verified,4609,917,True,True
ES9311,9311,Zaragoza (Ronda Norte),Ebro,-0.8994444444444444,41.68194444444444,40311,A311,2010-10-01,2022-09-30,4304,4304,none,4304,0,True,False
ES9312,9312,Sabiñanigo,Ebro,-0.3702777777777777,42.48833333333334,5,A312,2010-04-08,2022-09-30,4509,4509,verified,4509,1090,True,True
ES9313,9313,Burlada,Ebro,-1.611388888888889,42.82222222222222,530,A313,2009-11-24,2022-09-30,4692,4692,verified,4692,1093,True,True
ES9314,9314,Vitoria,Ebro,-2.6372222222222224,42.86666666666667,114,A314,2010-10-01,2022-09-30,4193,4193,verified,4193,960,True,True
ES9315,9315,Mendivil,Ebro,-2.628055555555556,42.907222222222224,277,A315,2011-11-29,2022-09-30,3949,3949,verified,3949,1004,True,True
ES9316,9316,Vitoria N-I,Ebro,-2.643611111111111,42.88166666666667,467,A316,2011-10-01,2022-09-30,3345,3345,none,3345,0,True,False
ES9317,9317,Vitoria-Abetxuko,Ebro,-2.6766666666666663,42.87305555555555,805,A317,2010-10-01,2022-09-30,4349,4349,verified,4349,1094,True,True
ES9318,9318,Urbina,Ebro,-2.6391666666666667,42.94361111111111,141,A318,2013-10-01,2022-09-30,2820,2820,verified,2820,1030,True,True
ES9319,9319,Sabiñanigo (Gallego),Ebro,-0.373611111111111,42.49,765,A319,2011-10-01,2022-09-30,4015,4015,rejected,4015,0,True,False
ES9320,9320,Montearagon C.E.,Ebro,-0.3716666666666666,42.23361111111111,92,A320,2011-10-01,2022-09-30,4018,4018,verified,4018,689,True,True
ES9321,9321,Etxarren,Ebro,-1.8469444444444445,42.91305555555555,389,A321,1990-10-01,2022-09-30,11667,6922,verified,5108,1067,True,True
ES9322,9322,Irurtzun,Ebro,-1.8369444444444445,42.91944444444445,184,A322,1990-10-01,2022-09-30,11623,6934,verified,5107,1049,True,True
ES9323,9323,Pamplona,Ebro,-1.6358333333333333,42.81722222222223,503,A323,2008-10-01,2022-09-30,5049,5049,verified,5049,1086,True,True
ES9324,9324,Arazuri,Ebro,-1.726388888888889,42.81444444444444,806,A324,1990-10-01,2022-09-30,10999,6940,verified,5113,1011,True,True
ES9325,9325,Ochagavia,Ebro,-1.0919444444444444,42.924166666666665,72,A325,1990-10-01,2022-09-30,11620,6936,verified,5109,1031,True,True
ES9326,9326,Espinal,Ebro,-1.3541666666666667,42.967777777777776,44,A326,1990-10-20,2022-09-30,11614,6938,verified,5111,1065,True,True
ES9327,9327,Olite,Ebro,-1.6408333333333334,42.48333333333333,257,A327,1990-10-01,2022-09-30,10873,6915,verified,5088,1061,True,True
ES9328,9328,Arquijas,Ebro,-2.2844444444444445,42.68194444444444,415,A328,1998-11-13,2022-09-30,8717,6934,verified,5107,1067,True,True
ES9329,9329,Murieta,Ebro,-2.1277777777777778,42.65583333333333,553,A329,1990-10-01,2022-09-30,11629,6884,verified,5057,1088,True,True
ES9330,9330,Barindano,Ebro,-2.125277777777778,42.76555555555556,18,A330,1990-10-01,2022-09-30,11506,6926,verified,5099,998,True,True
ES9347,9347,Arandiga,Ebro,-1.4647222222222225,41.507777777777775,585,A347,2019-10-01,2022-09-22,1078,1078,verified,1078,545,False,True
ES9349,9349,Oroz Betelu,Ebro,-1.3033333333333337,42.89194444444444,286,A349,2019-10-01,2022-09-30,1096,1096,none,1096,0,False,False
ES9353,9353,Torres Del Río,Ebro,-2.266111111111111,42.528888888888886,64,A353,2021-03-15,2022-09-30,565,565,rejected,565,0,False,False
ES9354,9354,Mues,Ebro,-2.215277777777778,42.58888888888889,37,A354,2021-03-15,2022-09-30,565,565,rejected,565,0,False,False
ES9355,9355,Udabe,Ebro,-1.8166666666666669,42.96638888888889,77,A355,2020-10-01,2022-09-30,730,730,verified,730,919,False,True
ES9356,9356,Iribas,Ebro,-1.9016666666666664,42.98972222222222,6,A356,2020-10-01,2022-09-30,730,730,verified,730,1015,False,True
ES9357,9357,Iriberri,Ebro,-1.5369444444444442,42.640277777777776,16,A357,2021-03-15,2022-09-30,565,565,rejected,565,0,False,False
ES9358,9358,Monreal,Ebro,-1.506388888888889,42.70138888888889,42,,2022-01-01,2022-09-30,273,273,none,273,0,False,False
ES1430,1430,As Anzas,Galicia Costa,-7.085,43.50055555555556,45,,2008-12-01,2014-12-03,2129,2129,none,2129,0,True,False
ES1431,1431,Masma,Galicia Costa,-7.335833333333333,43.47666666666667,145,,1980-10-01,2022-09-30,13856,6918,none,5091,0,True,False
ES1433,1433,San Acisclo,Galicia Costa,-7.377777777777777,43.55694444444444,163,,1980-10-01,2022-09-30,14244,6940,none,5113,0,True,False
ES1435,1435,"Guioncho, O",Galicia Costa,-7.449166666666667,43.685,43,,2008-12-15,2022-09-30,5018,5018,none,5018,0,True,False
ES1438,1438,Chavin,Galicia Costa,-7.591388888888889,43.61833333333333,198,,1980-10-01,2022-09-30,14174,6871,none,5044,0,True,False
ES1440,1440,Pte. Segade (Mañon),Galicia Costa,-7.733611111111111,43.61888888888889,112,,1997-01-01,2022-09-30,8499,6441,none,4995,0,True,False
ES1441,1441,"Morgallon, O",Galicia Costa,-7.694444444444445,43.7025,185,,2008-10-01,2022-09-30,5054,5054,none,5054,0,True,False
ES1443,1443,Santa Maria De Mera,Galicia Costa,-7.908888888888889,43.63944444444444,102,,1980-10-01,2022-09-30,14243,6939,none,5112,0,True,False
ES1445,1445,"Porto Do Cabo, O",Galicia Costa,-8.04,43.625,71,,2008-12-09,2022-09-30,5003,5003,none,5003,0,True,False
ES1446,1446,San Sadurniño,Galicia Costa,-8.07861111111111,43.5325,108,,1980-10-01,2022-09-30,13359,6785,none,5077,0,True,False
ES1449,1449,A Maciñeira,Galicia Costa,-8.131944444444445,43.50416666666667,56,,2008-10-01,2022-09-30,5070,5070,none,5070,0,True,False
ES1455,1455,Ribeiranova,Galicia Costa,-7.834722222222222,43.455000000000005,191,,2009-01-20,2022-09-30,4922,4922,none,4922,0,True,False
ES1458,1458,Santa Cristina,Galicia Costa,-8.065000000000001,43.41444444444444,434,,2008-12-30,2022-09-30,3353,3353,none,3353,0,True,False
ES1464,1464,Muñiferal,Galicia Costa,-8.05638888888889,43.248333333333335,248,,1980-10-01,2022-09-30,13867,6928,none,5101,0,True,False
ES1469,1469,Barllobre,Galicia Costa,-8.201388888888888,43.265,83,,2008-12-16,2022-09-30,5037,5037,none,5037,0,True,False
ES1470,1470,A Ponte De Bedoña,Galicia Costa,-8.256666666666666,43.25666666666667,139,,2014-07-14,2022-09-30,2918,2918,none,2918,0,True,False
ES1471,1471,Cambre,Galicia Costa,-8.331944444444444,43.28666666666666,277,,1980-10-01,1987-09-30,2556,0,none,0,0,False,False
ES1472,1472,A Ponte Da Ribeira,Galicia Costa,-8.323611111111111,43.22583333333333,72,,2014-07-17,2018-03-26,1295,1295,none,1295,0,False,False
ES1473,1473,A Telva,Galicia Costa,-8.356666666666666,43.29444444444445,289,,2014-07-15,2021-04-06,2454,2454,none,2454,0,True,False
ES1483,1483,Carballo,Galicia Costa,-8.692777777777778,43.21,118,,2009-01-22,2022-09-30,4792,4792,none,4792,0,True,False
ES1485,1485,Anllons,Galicia Costa,-8.886944444444444,43.22777777777778,438,,1980-10-01,2022-09-30,13732,6793,none,4966,0,True,False
ES1497,1497,As Casasnovas,Galicia Costa,-9.11,43.13583333333333,251,,2008-12-18,2022-09-30,2978,2978,none,2978,0,True,False
ES1506,1506,A Ponte De Constante,Galicia Costa,-9.191944444444443,43.00305555555556,109,,2008-12-17,2022-09-30,4864,4864,none,4864,0,True,False
ES1510,1510,Escabanas,Galicia Costa,-9.191666666666666,42.96055555555556,5,,2008-12-17,2022-09-30,4878,4878,none,4878,0,True,False
ES1512,1512,A Ponte De Truebe,Galicia Costa,-8.889722222222222,42.99611111111111,201,,2008-12-02,2022-09-30,4959,4959,none,4959,0,True,False
ES1514,1514,A Ponte Olveira,Galicia Costa,-9.018333333333334,42.96194444444445,362,,2008-12-25,2022-09-30,4998,4998,none,4998,0,True,False
ES1519,1519,Portomouro,Galicia Costa,-8.64611111111111,42.95888888888889,1146,,1980-10-01,2001-09-30,6574,0,none,0,0,False,False
ES1520,1520,Carollo,Galicia Costa,-8.400277777777777,42.97555555555556,561,,2002-03-07,2022-09-30,6759,6551,none,5090,0,True,False
ES1522,1522,Vilacide De Arriba,Galicia Costa,-8.455555555555556,42.990833333333335,311,,2008-11-24,2022-09-30,5006,5006,none,5006,0,True,False
ES1525,1525,A Ponte De Lesta,Galicia Costa,-8.654444444444445,42.97555555555556,91,,2008-12-02,2022-09-30,5001,5001,none,5001,0,True,False
ES1528,1528,Negreira,Galicia Costa,-8.739999999999998,42.90694444444444,92,,2008-12-24,2022-09-30,5028,5028,none,5028,0,True,False
ES1540,1540,Vidaloiso (Bastabales),Galicia Costa,-8.64861111111111,42.83027777777778,138,,2004-10-01,2022-09-30,6118,6118,none,4657,0,True,False
ES1542,1542,Puente Barazon,Galicia Costa,-8.020555555555557,42.85805555555556,150,,1980-10-01,2022-09-30,14083,6907,none,5080,0,True,False
ES1544,1544,A Ponte Nova,Galicia Costa,-8.025277777777779,42.84666666666667,516,,1980-10-01,2022-09-30,14244,6940,none,5113,0,True,False
ES1546,1546,Ponte Cirela,Galicia Costa,-8.101944444444444,42.77777777777778,328,,2008-12-19,2022-09-30,4996,4996,none,4996,0,True,False
ES1550,1550,Basebe,Galicia Costa,-8.272222222222224,42.82416666666667,309,,2008-10-01,2022-09-30,5083,5083,none,5083,0,True,False
ES1552,1552,Puente Cira,Galicia Costa,-8.3375,42.77722222222222,545,,1980-10-01,2022-09-30,14236,6933,none,5106,0,True,False
ES1554,1554,Pontevea,Galicia Costa,-8.547777777777778,42.75944444444445,2291,,2008-10-01,2022-09-30,5028,5028,none,5028,0,True,False
ES1564,1564,Caldas De Reis,Galicia Costa,-8.642222222222221,42.6025,190,,1980-10-01,2022-09-30,13262,6509,none,5049,0,True,False
ES1568,1568,A Figueira,Galicia Costa,-8.765555555555556,42.515277777777776,383,,2009-02-12,2022-09-30,3293,3293,none,3293,0,True,False
ES1574,1574,Campo Lameiro,Galicia Costa,-8.537222222222223,42.52333333333333,248,,1980-10-01,1998-09-30,5113,0,none,0,0,False,False
ES1578,1578,"Couso, O",Galicia Costa,-8.614166666666666,42.45222222222223,408,,2008-10-01,2022-09-30,5028,5028,none,5028,0,True,False
ES1585,1585,Pontecaldelas,Galicia Costa,-8.500277777777777,42.390277777777776,103,,2008-12-29,2022-09-30,5024,5024,none,5024,0,True,False
ES1586,1586,Sotomayor,Galicia Costa,-8.556666666666667,42.34,175,,1980-10-01,1987-09-30,2556,0,none,0,0,False,False
ES1588,1588,"Sobral, O",Galicia Costa,-8.556666666666667,42.34027777777778,177,,2008-10-01,2022-09-30,4980,4980,none,4980,0,True,False
ES1593,1593,Caride,Galicia Costa,-8.695277777777777,42.22222222222222,31,,2008-12-04,2022-09-30,4992,4992,none,4992,0,True,False
ES1594,1594,A Ponte,Galicia Costa,-8.774166666666668,42.11055555555556,64,,2008-10-01,2022-09-30,5089,5089,none,5089,0,True,False
ES1595,1595,Bouzas,Galicia Costa,-8.81861111111111,42.10527777777778,17,,2008-12-30,2022-09-30,5018,5018,none,5018,0,True,False
ES1920,1920,Portomouro,Galicia Costa,-8.650833333333333,42.96333333333334,95,,1980-10-01,1987-09-30,2556,0,none,0,0,False,False
ES1940,1940,Riberas Del Sor,Galicia Costa,-7.706666666666667,43.67777777777778,169,,1980-10-01,1987-09-30,2556,0,none,0,0,False,False
ES5001,5001,Arroyo Maria,Guadalquivir,-2.835833333333333,38.17916666666667,583,A40,1980-10-01,2022-09-30,13991,6479,verified,4712,1095,True,True
ES5002,5002,Puente Cerrada,Guadalquivir,-3.2225,37.94499999999999,1330,,1980-10-01,1994-09-30,5113,0,none,0,0,False,False
ES5003,5003,Pedro Marin (Calancha),Guadalquivir,-3.4125,37.90861111111111,8415,,1980-10-01,1995-09-30,5478,0,none,0,0,False,False
ES5004,5004,Mengibar,Guadalquivir,-3.799444444444444,37.98416666666667,16166,A08,1980-10-01,2022-09-30,10894,6196,verified,4371,1095,True,True
ES5007,5007,Palma Del Rio,Guadalquivir,-5.288888888888889,37.7175,31676,,1981-10-01,1982-09-30,365,0,none,0,0,False,False
ES5008,5008,Cantillana,Guadalquivir,-5.83,37.58972222222222,44002,,1980-10-01,1995-09-30,5478,0,none,0,0,False,False
ES5012,5012,"Doctor, El",Guadalquivir,-2.670555555555556,37.88555555555556,28,,1980-10-01,2022-09-30,13439,6110,none,4284,0,True,False
ES5014,5014,Ballesteros,Guadalquivir,-2.654722222222222,37.85111111111111,259,,1994-08-09,2022-09-30,9814,6558,none,4268,0,True,False
ES5016,5016,Valchillon,Guadalquivir,-4.804444444444444,37.82027777777778,2420,A14,1984-03-01,2022-09-30,7387,4725,verified,4402,1095,True,True
ES5017,5017,"Original, La",Guadalquivir,-2.781944444444445,37.79555555555555,120,,1981-10-01,2000-09-30,4768,0,none,0,0,False,False
ES5019,5019,Negratin,Guadalquivir,-2.958055555555556,37.56111111111111,4144,A26,1980-10-01,2022-09-30,10537,4186,rejected,2724,0,True,False
ES5020,5020,Pinos-Genil,Guadalquivir,-3.492777777777778,37.1625,178,A23,1980-10-01,2022-09-30,13231,6556,verified,4742,1095,True,True
ES5021,5021,Quentar,Guadalquivir,-3.4255555555555555,37.22055555555556,51,,1992-03-01,2022-09-30,10679,6575,none,4657,0,True,False
ES5023,5023,Posito,Guadalquivir,-3.211666666666667,37.88138888888889,6349,A13,1981-10-01,2021-09-30,3202,2375,none,2375,0,True,False
ES5024,5024,Horno Del Vidrio,Guadalquivir,-3.3597222222222225,37.74638888888889,136,,1984-05-09,2021-09-30,10992,5076,none,3249,0,True,False
ES5025,5025,Llano De Vela,Guadalquivir,-2.943055555555556,38.3175,1240,A24,1980-10-01,2021-09-30,10746,5224,unverified,3401,1095,True,True
ES5027,5027,Ruinas De Puente,Guadalquivir,-3.536666666666666,38.13861111111111,334,A41,1981-10-01,2022-09-30,8507,5061,verified,3261,1087,True,True
ES5028,5028,Ariza,Guadalquivir,-3.358611111111111,38.12472222222223,2659,,1983-10-01,1994-09-30,3788,0,none,0,0,False,False
ES5029,5029,Mengibar Guadalbullon,Guadalquivir,-3.781111111111111,37.97416666666667,1111,A07,1980-10-01,2021-09-30,11372,4907,unverified,3080,1095,True,True
ES5031,5031,"Herradura, La",Guadalquivir,-4.252777777777778,38.06166666666666,3903,,1980-10-01,2006-08-16,8287,1051,none,0,0,False,False
ES5038,5038,Puente Blanqueo,Guadalquivir,-3.516111111111111,37.16333333333333,139,,1980-10-01,1996-09-30,4202,0,none,0,0,False,False
ES5039,5039,Central Diechar,Guadalquivir,-3.4725,37.11527777777778,48,,1980-10-01,2022-09-30,13296,6200,none,4374,0,True,False
ES5041,5041,Molino Del Tuerto,Guadalquivir,-3.702777777777778,37.35111111111111,246,A48,1980-10-01,2022-09-30,13209,6568,rejected,4632,0,True,False
ES5042,5042,Pinos-Puente,Guadalquivir,-3.7688888888888887,37.25861111111111,357,,1980-10-01,2022-09-30,9980,6538,none,4747,0,True,False
ES5043,5043,Benalua De Las Villas,Guadalquivir,-3.684444444444445,37.42916666666667,142,,1994-10-01,2009-09-30,3157,1096,none,365,0,False,False
ES5045,5045,Loja,Guadalquivir,-4.166666666666667,37.175,4210,A15,1980-10-01,2022-09-30,12851,6221,verified,4394,1095,True,True
ES5047,5047,Puente-Genil,Guadalquivir,-4.779444444444445,37.39111111111111,6002,,1980-10-01,2000-09-30,6268,0,none,0,0,False,False
ES5048,5048,Ecija,Guadalquivir,-5.719166666666667,37.55805555555556,8028,A17,1983-03-09,2012-09-30,9528,2907,unverified,1096,1095,False,True
ES5049,5049,Pantano Colomera (A. Arriba),Guadalquivir,-3.728888888888889,37.43222222222222,69,,1993-10-01,2022-09-30,7822,5029,none,2950,0,True,False
ES5050,5050,Güejar-Sierra,Guadalquivir,-3.434444444444445,37.15416666666667,163,,1994-11-08,2022-09-30,7974,5843,none,4382,0,True,False
ES5051,5051,Jerez Del Marquesado,Guadalquivir,-3.198888888888889,37.150277777777774,18,,1994-11-07,2022-09-30,9799,6574,none,4653,0,True,False
ES5052,5052,Lanteira,Guadalquivir,-3.1341666666666668,37.13138888888889,11,A42,1994-10-01,2022-09-30,9716,6566,rejected,4624,0,True,False
ES5054,5054,Doctor Jurena,Guadalquivir,-2.488888888888889,37.89611111111111,90,,1981-10-01,1994-09-30,4018,0,none,0,0,False,False
ES5056,5056,Gerena,Guadalquivir,-6.189444444444445,37.52388888888889,240,,1982-10-01,2021-09-30,9624,3490,none,1665,0,False,False
ES5057,5057,Guadaira Encauzamiento,Guadalquivir,-5.959444444444444,37.35305555555556,1318,,1980-10-25,2021-09-30,10910,4503,none,2676,0,True,False
ES5061,5061,Racioneros,Guadalquivir,-3.618611111111111,37.95138888888889,8936,,1980-10-01,1995-09-30,5478,0,none,0,0,False,False
ES5062,5062,Mengibar,Guadalquivir,-3.8041666666666663,37.98166666666667,15511,,1980-10-01,1995-09-30,5478,0,none,0,0,False,False
ES5063,5063,Valtodano,Guadalquivir,-3.995277777777778,38.01583333333333,16825,,1980-10-01,1995-09-30,5478,0,none,0,0,False,False
ES5065,5065,Marmolejo,Guadalquivir,-4.170833333333333,38.06027777777778,19571,,1980-10-01,1994-09-30,5113,0,none,0,0,False,False
ES5066,5066,Casas Nuevas,Guadalquivir,-4.215555555555556,38.02388888888889,20122,,1980-10-01,1994-09-30,5097,0,none,0,0,False,False
ES5067,5067,"Vega, La",Guadalquivir,-4.329444444444444,38.01361111111111,21961,,1980-10-01,1994-09-30,4747,0,none,0,0,False,False
ES5069,5069,"Carpio, El",Guadalquivir,-4.493333333333333,37.97527777777778,22706,,1980-10-01,1994-09-30,5113,0,none,0,0,False,False
ES5070,5070,Cordoba,Guadalquivir,-4.772222222222222,37.88055555555555,24704,,1980-10-01,1996-09-30,5500,0,none,0,0,False,False
ES5071,5071,Posadas,Guadalquivir,-5.701944444444445,37.79888888888889,29348,,1981-10-01,1991-09-30,3287,0,none,0,0,False,False
ES5072,5072,Alcala Del Rio,Guadalquivir,-5.976666666666667,37.51805555555556,46134,,1980-10-01,1995-09-30,5478,0,none,0,0,False,False
ES5073,5073,Embalse De Jandula,Guadalquivir,-3.975555555555556,38.22277777777778,2158,,1980-10-01,1994-09-30,5113,0,none,0,0,False,False
ES5076,5076,Aznalcazar Puente,Guadalquivir,-6.259722222222222,37.30305555555555,960,A22,1982-10-01,2022-09-30,10813,5839,rejected,4013,0,True,False
ES5077,5077,Central De Cala,Guadalquivir,-6.133055555555555,37.66888888888889,1010,A33,1980-10-01,2022-09-30,13610,5701,rejected,4017,0,True,False
ES5078,5078,Cala,Guadalquivir,-6.134444444444445,37.66888888888889,1019,,1980-10-01,1994-09-30,5113,0,none,0,0,False,False
ES5080,5080,Puente Tocon,Guadalquivir,-3.9422222222222234,37.20222222222223,2944,A20,1980-10-01,2022-09-30,11141,4690,verified,2863,1095,True,True
ES5081,5081,Castro Del Rio,Guadalquivir,-4.503611111111111,37.69083333333333,1665,A35,1980-10-01,2021-09-30,11559,3960,none,2135,0,True,False
ES5082,5082,Venta Pantalones,Guadalquivir,-4.066111111111111,37.64222222222222,208,A27,1981-10-01,2021-09-30,11841,6154,unverified,4368,1095,True,True
ES5083,5083,Puente Nuevo,Guadalquivir,-3.745277777777778,37.78416666666666,775,,1980-10-01,2009-09-30,9622,2191,none,364,0,False,False
ES5084,5084,Puente Jontoya,Guadalquivir,-3.751388888888889,37.76,269,A28,1980-10-01,2022-09-30,12159,4463,rejected,2917,0,True,False
ES5086,5086,Dilar,Guadalquivir,-3.5516666666666663,37.06472222222222,41,A05,1980-10-01,2022-09-30,13930,6571,verified,4744,1095,True,True
ES5088,5088,Riofrio,Guadalquivir,-4.206944444444445,37.15611111111111,100,,1980-10-01,2022-09-30,8260,2557,none,2191,0,True,False
ES5090,5090,"Guijo, El",Guadalquivir,-6.215,37.436388888888885,672,A39,1980-10-01,2022-09-30,13378,6533,verified,4706,1082,True,True
ES5091,5091,Molino De Chicorro,Guadalquivir,-4.186944444444444,37.31,62,,1980-10-01,2017-11-29,8393,2249,none,425,0,False,False
ES5095,5095,Tozar,Guadalquivir,-3.803888888888889,37.36527777777778,168,,1986-11-01,2022-09-30,9277,4348,none,2527,0,True,False
ES5097,5097,Puente De Los Piedros,Guadalquivir,-4.60361111111111,37.37,314,,1980-10-01,2021-09-30,10970,3926,none,2556,0,True,False
ES5100,5100,Granada,Guadalquivir,-3.5961111111111115,37.16833333333333,525,,1981-10-01,1989-07-31,1765,0,none,0,0,False,False
ES5101,5101,Carr. Torreblascopedro,Guadalquivir,-3.6366666666666663,38.01638888888889,5131,A06,1980-10-01,2021-09-30,7273,1910,none,1375,0,False,False
ES5104,5104,Mengibar-Guadiel,Guadalquivir,-3.7777777777777777,38.03111111111111,341,A09,1980-10-01,2012-09-30,6398,731,unverified,731,1094,False,True
ES5107,5107,Marmolejo,Guadalquivir,-4.140555555555556,38.01861111111111,498,,1980-10-01,2009-09-30,8788,2181,none,365,0,False,False
ES5121,5121,Presa De El Judio,Guadalquivir,-5.208333333333334,37.67083333333333,8098,,1981-10-01,1996-09-30,3875,0,none,0,0,False,False
ES5123,5123,Madrefuentes,Guadalquivir,-5.355555555555555,37.66194444444445,370,A52,1981-10-01,2021-09-30,7795,3425,unverified,2127,998,True,True
ES5124,5124,Lora Del Rio,Guadalquivir,-5.522222222222222,37.644444444444446,41305,,1981-10-01,1989-03-31,547,0,none,0,0,False,False
ES5125,5125,Carmona N-Iv,Guadalquivir,-5.575277777777777,37.48027777777778,1377,A18,1981-10-01,2021-09-30,9609,2532,unverified,2436,925,True,True
ES5126,5126,Galapagar,Guadalquivir,-5.690833333333334,37.63805555555555,70,,1981-10-01,2016-09-30,5918,2346,none,477,0,False,False
ES5127,5127,Huesna,Guadalquivir,-5.737222222222222,37.645833333333336,678,A49,1980-10-01,2022-09-30,14108,6430,verified,4603,1095,True,True
ES5128,5128,Parroso,Guadalquivir,-5.7444444444444445,37.6425,128,,1981-10-01,2022-09-30,10074,5776,none,3829,0,True,False
ES5130,5130,"Melonares, Los",Guadalquivir,-5.881111111111111,37.71555555555556,1700,,1980-10-01,1996-04-30,4754,0,none,0,0,False,False
ES5132,5132,Puente Sifon,Guadalquivir,-5.904166666666667,37.36111111111112,1239,,1981-10-01,2022-09-30,8480,4186,none,2930,0,True,False
ES5133,5133,Dehesas De Guadix,Guadalquivir,-3.1175,37.594166666666666,403,A03,1980-10-01,2022-09-30,5276,4699,none,4334,0,True,False
ES5134,5134,Cerrada Del Utrero,Guadalquivir,-2.928333333333333,37.93083333333333,65,,1984-07-01,2022-09-30,10940,6350,none,4523,0,True,False
ES5135,5135,Mogon,Guadalquivir,-3.019722222222222,38.074444444444445,109,A44,1992-11-11,2022-09-30,7742,6498,rejected,4671,0,True,False
ES5136,5136,Santo Tome,Guadalquivir,-3.104722222222222,38.024166666666666,185,,1984-07-01,2021-09-08,8831,4329,none,2502,0,True,False
ES5137,5137,Cambil,Guadalquivir,-3.566111111111111,37.6725,66,,1988-11-01,2022-09-30,10340,5805,none,3984,0,True,False
ES5138,5138,Puertollano,Guadalquivir,-4.019166666666667,38.659444444444446,228,A29,1992-05-13,2022-09-30,10736,6911,verified,5084,1095,True,True
ES5140,5140,Villanueva De Las Torres,Guadalquivir,-3.105277777777778,37.53472222222222,1685,A02,1980-10-01,2022-09-30,12412,5843,none,4016,0,True,False
ES5141,5141,Montoro,Guadalquivir,-4.428611111111112,38.04055555555556,407,,1987-10-01,2006-09-30,6542,1096,none,0,0,False,False
ES5142,5142,Porcuna,Guadalquivir,-4.214166666666667,37.87583333333333,670,A11,1980-10-01,2022-09-30,12241,6098,rejected,4272,0,True,False
ES5144,5144,Casariche,Guadalquivir,-4.7619444444444445,37.29527777777778,164,A30,1981-11-01,2022-09-30,11364,6042,rejected,4382,0,True,False
ES5145,5145,"Pedroso, El",Guadalquivir,-5.733055555555556,37.85333333333333,297,A12,1983-10-01,2022-09-30,11305,6536,rejected,4740,0,True,False
ES5146,5146,Puebla De Cazalla,Guadalquivir,-5.29,37.14,476,A31,1981-10-01,2022-09-30,10377,6444,verified,4661,1055,True,True
ES5147,5147,Zufre,Guadalquivir,-6.398055555555556,37.87722222222222,584,A50,1994-01-13,2022-09-30,8863,5887,rejected,4202,0,True,False
ES5149,5149,"Cabril, El",Guadalquivir,-5.412777777777778,38.05277777777778,875,,2008-10-01,2009-09-30,332,332,none,332,0,False,False
ES5150,5150,"Rocio, El",Guadalquivir,-6.493888888888889,37.12583333333333,416,,1981-10-01,2022-09-30,6330,3844,none,3844,0,True,False
ES5151,5151,"Partido, El",Guadalquivir,-6.457777777777778,37.17444444444444,291,,1981-10-01,2022-09-30,3998,3268,none,3150,0,True,False
ES5152,5152,Frailes,Guadalquivir,-3.840555555555556,37.47972222222222,26,,1994-10-01,2022-09-30,8340,5211,none,3293,0,True,False
ES5153,5153,Quiebrajano,Guadalquivir,-3.692777777777778,37.60916666666667,69,,2006-12-04,2022-09-30,3630,3630,none,2681,0,True,False
ES5155,5155,Santaella (Cabra),Guadalquivir,-4.757777777777778,37.49805555555556,441,A16,2006-10-01,2022-09-30,4347,4347,rejected,3649,0,True,False
ES5156,5156,"Cigüeña, La",Guadalquivir,-6.270833333333333,37.2075,148,,2006-10-01,2022-09-30,4010,4010,none,3279,0,True,False
ES5159,5159,Santo Tome-Guadalquivir,Guadalquivir,-3.1366666666666667,38.032777777777774,1157,,2015-10-01,2022-09-30,1958,1958,none,1958,0,True,False
ES5161,5161,Partido Nuevo,Guadalquivir,-6.461111111111111,37.19555555555555,217,A21,2013-11-26,2022-09-30,2394,2394,none,2394,0,True,False
ES5162,5162,Natividad,Guadalquivir,-2.6752777777777776,37.891666666666666,7,,2020-10-01,2022-09-30,587,587,none,587,0,False,False
ES5163,5163,Vadillo,Guadalquivir,-3.0238888888888886,37.77388888888889,13,A38,2015-07-03,2022-09-30,2593,2593,verified,2593,771,True,True
ES5164,5164,Nacimiento Guadalquivir,Guadalquivir,-2.975555555555556,37.84,8,,2018-10-01,2021-09-30,1096,1096,none,1096,0,False,False
ES5165,5165,"Villar, El",Guadalquivir,-5.1075,37.60361111111112,8022,I5,2018-10-01,2022-09-30,1439,1439,none,1439,0,False,False
ES5166,5166,Peñaflor (Canal),Guadalquivir,-5.333055555555555,37.69277777777778,19,,2020-10-01,2022-09-30,730,730,none,730,0,False,False
ES5170,5170,Villanueva De La Reina,Guadalquivir,-3.919722222222222,38.00555555555555,16710,A59,2021-01-29,2022-09-30,608,608,verified,608,1095,False,True
ES5171,5171,Linares Baeza,Guadalquivir,-3.585,38.06805555555556,5065,A64,2020-10-01,2022-09-30,730,730,verified,730,1095,False,True
ES5925,5925,Carmona-Lora,Guadalquivir,-5.6066666666666665,37.56361111111111,1420,,2006-10-16,2019-09-30,2116,2116,none,1402,0,False,False
ES5961,5961,Guadix,Guadalquivir,-3.143611111111111,37.31527777777777,525,A01,2010-10-01,2012-09-30,731,731,none,731,0,False,False
ES4004,4004,"Cubeta, La",Guadiana,-2.893333333333333,38.9775,856,CR1-26,1980-10-01,2022-09-30,13722,6822,none,4995,0,True,False
ES4008,4008,Balbuena O Valbuena,Guadiana,-4.115277777777777,38.89305555555556,18816,,1980-10-01,2002-06-04,7523,0,none,0,0,False,False
ES4009,4009,Luciana,Guadiana,-4.3069444444444445,38.98277777777778,21072,,1980-10-01,2009-09-30,6658,2191,none,365,0,False,False
ES4013,4013,Orellana,Guadiana,-5.65,39.01833333333333,26125,,1980-10-01,2000-09-30,6024,0,none,0,0,False,False
ES4014,4014,Villanueva De La Serena,Guadiana,-5.800833333333333,39.01972222222222,34771,,1980-10-01,2019-09-30,10618,3973,none,2511,0,True,False
ES4015,4015,Merida,Guadiana,-6.35,38.91361111111111,41924,,1980-10-01,2009-09-30,5255,2129,none,365,0,False,False
ES4018,4018,Puente De Palmas,Guadiana,-6.977222222222222,38.88222222222223,48515,,1980-10-01,1994-09-30,5024,0,none,0,0,False,False
ES4019,4019,Benavides,Guadiana,-7.078333333333333,38.84,48570,,1980-10-01,1986-05-20,1638,0,none,0,0,False,False
ES4024,4024,Puente Navarro,Guadiana,-3.7630555555555554,39.1125,14497,,1980-10-01,1984-08-02,1402,0,none,0,0,False,False
ES4030,4030,Azud De Badajoz,Guadiana,-7.0175,38.86194444444445,48530,E2-25,1995-11-22,2022-09-30,9343,6473,none,4646,0,True,False
ES4101,4101,Vallehermoso,Guadiana,-3.1502777777777777,38.84611111111112,470,,1980-10-01,1996-02-23,5624,0,none,0,0,False,False
ES4102,4102,Daimiel,Guadiana,-3.600277777777778,39.07555555555556,1699,CR1-03,1980-10-01,2022-09-30,9296,4188,none,3494,0,True,False
ES4103,4103,Puente Morena,Guadiana,-4.019722222222222,38.88916666666667,2337,,1980-10-01,2002-09-30,7737,0,none,0,0,False,False
ES4105,4105,Villanueva De La Serena,Guadiana,-5.758611111111111,39.000277777777775,8508,,1980-10-01,2010-09-30,5584,2455,none,661,0,False,False
ES4108,4108,Abenojar,Guadiana,-4.405,38.88916666666667,734,CR1-22,1983-12-22,2022-09-30,11159,4501,none,3890,0,True,False
ES4121,4121,Peñarroya,Guadiana,-3.018055555555556,39.055,950,CR1-01,2009-10-01,2022-09-30,1768,1768,none,1667,0,False,False
ES4122,4122,Vallehermoso,Guadiana,-3.1755555555555555,38.87388888888889,524,CR1-02,2009-10-01,2022-09-30,2865,2865,none,2865,0,True,False
ES4123,4123,Gasset,Guadiana,-3.934444444444445,39.12694444444445,163,CR1-23,2009-10-01,2022-09-30,3870,3870,none,3870,0,True,False
ES4124,4124,Saelices,Guadiana,-2.8008333333333333,39.88361111111111,552,CR1-04,2009-10-01,2022-09-30,3993,3993,none,3900,0,True,False
ES4126,4126,Corral,Guadiana,-3.1666666666666665,39.75972222222222,526,CR1-06,2009-10-01,2022-09-30,404,404,none,404,0,False,False
ES4129,4129,Socuellamos,Guadiana,-2.88,39.34305555555556,3440,CR1-09,2009-10-01,2022-09-30,3729,3729,none,3729,0,True,False
ES4130,4130,Corcoles En Cabecera,Guadiana,-2.563055555555555,39.086666666666666,129,CR1-10,2009-10-01,2022-09-30,3966,3966,none,3966,0,True,False
ES4131,4131,Corcoles En Socuellamos,Guadiana,-2.7919444444444443,39.301944444444445,324,CR1-11,2011-05-24,2022-09-30,2938,2938,none,2938,0,True,False
ES4133,4133,Consuegra,Guadiana,-3.593888888888889,39.46277777777778,197,CR1-13,2009-10-01,2022-09-30,3362,3362,none,3362,0,True,False
ES4134,4134,Herencia,Guadiana,-3.3227777777777776,39.37805555555556,467,CR1-14,2009-10-01,2012-09-30,1086,1086,none,1086,0,False,False
ES4136,4136,Fernancaballero,Guadiana,-3.9225,39.102222222222224,412,CR1-16,2009-10-01,2022-09-30,3527,3527,none,3527,0,True,False
ES4137,4137,Vicario,Guadiana,-4.028888888888889,39.04194444444444,16382,CR1-17,2009-10-01,2022-09-30,3957,3957,none,3957,0,True,False
ES4138,4138,"Cabezuela, La",Guadiana,-3.281388888888889,38.68861111111111,544,CR1-18,2009-10-01,2022-09-30,3928,3928,none,3928,0,True,False
ES4139,4139,Vega Jabalon,Guadiana,-3.7872222222222223,38.759166666666665,1436,CR1-19,2009-10-01,2011-09-28,546,546,none,546,0,False,False
ES4140,4140,Torre Abraham,Guadiana,-4.267222222222222,39.25833333333333,750,CR1-20,2009-10-01,2022-09-30,3459,3459,none,3202,0,True,False
ES4156,4156,"Nava, La",Guadiana,-6.744722222222222,37.95916666666667,43,,1980-10-01,2009-09-30,8574,2062,none,365,0,False,False
ES4157,4157,"Nava, La",Guadiana,-6.7716666666666665,37.96694444444445,67,,1980-10-01,1987-12-20,2538,0,none,0,0,False,False
ES4158,4158,Aroche,Guadiana,-6.952777777777778,37.97694444444445,88,,1980-10-01,2005-12-12,8562,688,none,0,0,False,False
ES4160,4160,Aroche,Guadiana,-6.943333333333333,37.97916666666667,48,,1980-10-01,2000-03-08,6764,0,none,0,0,False,False
ES4161,4161,Puebla De Guzman,Guadiana,-7.262777777777778,37.64138888888889,98,,1980-10-01,2004-06-16,7153,260,none,0,0,False,False
ES4163,4163,Alange (Matachel),Guadiana,-6.2675,38.79277777777778,2497,CR2-31,1980-10-01,2022-09-30,5191,4009,none,4007,0,True,False
ES4164,4164,"Albuera, La",Guadiana,-6.818055555555556,38.71333333333334,220,,1980-10-01,2022-09-30,3383,1066,none,284,0,False,False
ES4165,4165,Talavera La Real,Guadiana,-6.776388888888889,38.88,430,CR2-42,1980-10-01,2022-09-30,8303,5867,none,4227,0,True,False
ES4172,4172,Paymogo,Guadiana,-7.279722222222222,37.69583333333333,250,,1980-10-01,2009-09-30,8480,694,none,114,0,False,False
ES4173,4173,Paymogo,Guadiana,-7.325277777777777,37.72361111111111,119,,1980-10-01,2004-06-15,8167,259,none,0,0,False,False
ES4174,4174,Oliva De La Frontera,Guadiana,-6.885555555555555,38.230555555555554,1800,CR2-50,1980-10-01,2022-09-30,11727,4419,none,4294,0,True,False
ES4176,4176,Rosal De La Frontera,Guadiana,-7.2125,37.95111111111111,320,,1980-10-01,2002-08-07,7789,0,none,0,0,False,False
ES4201,4201,Quintanar De La Orden,Guadiana,-3.081111111111112,39.6425,995,CR1-05,1980-10-01,2022-09-30,12921,4528,none,3807,0,True,False
ES4202,4202,Villafranca De Los Caballeros,Guadiana,-3.31,39.415,2557,CR1-07,1980-10-01,2022-09-30,12391,4829,none,3359,0,True,False
ES4203,4203,Buenavista,Guadiana,-3.365,39.30166666666666,9930,CR1-15,1982-11-05,2022-09-30,7435,1843,none,1128,0,False,False
ES4205,4205,Alcazar,Guadiana,-3.1552777777777776,39.30888888888889,5506,CR1-12,1980-10-01,2022-09-30,8516,1162,none,1162,0,False,False
ES4206,4206,"Castellones, Los",Guadiana,-2.583055555555555,39.10333333333333,92,,1980-10-01,1983-09-30,1095,0,none,0,0,False,False
ES4207,4207,Malagon (P. Derv.) Vertidos,Guadiana,-3.879722222222222,39.175,312,,1980-10-01,2002-12-31,8094,0,none,0,0,False,False
ES4208,4208,Azud De Derivacion A Embalse Gasset,Guadiana,-3.8775,39.17555555555556,333,,1996-10-01,2002-12-31,2283,0,none,0,0,False,False
ES4209,4209,Malagon,Guadiana,-3.971111111111111,39.17083333333333,123,,1982-10-01,2003-09-30,7419,0,none,0,0,False,False
ES4212,4212,Alia,Guadiana,-5.029444444444445,39.376666666666665,287,CR2-05,1980-10-01,2022-09-30,9762,6018,none,4249,0,True,False
ES4213,4213,Valdecaballeros,Guadiana,-5.164166666666668,39.30694444444444,303,,1980-10-01,1985-10-31,1857,0,none,0,0,False,False
ES4214,4214,Puente De Luciana,Guadiana,-4.287222222222222,38.985,2029,CR1-21,1980-10-01,2022-09-30,12613,5802,none,4173,0,True,False
ES4217,4217,Villanueva De La Serena,Guadiana,-5.8175,39.02638888888889,31469,CR2-51,2010-10-08,2022-09-30,2176,2176,none,2176,0,True,False
ES4218,4218,Alia,Guadiana,-5.164444444444444,39.33972222222222,150,CR2-52,1988-02-05,2022-09-30,5065,2895,none,1515,0,False,False
ES4224,4224,"Provencio, El",Guadiana,-2.578611111111111,39.35861111111111,2020,CR1-08,1980-10-01,2022-09-30,12260,4803,none,4137,0,True,False
ES4225,4225,Valverde,Guadiana,-6.189166666666667,38.88972222222222,38712,CR2-25,2009-10-01,2022-09-30,3933,3933,none,3933,0,True,False
ES4226,4226,"Molinos, Los",Guadiana,-6.118333333333333,38.53833333333333,1194,CR2-26,2009-10-01,2022-09-30,3846,3846,none,3842,0,True,False
ES4227,4227,Olivar De La Frontera,Guadiana,-6.140000000000001,38.72611111111112,216,CR2-27,2009-10-01,2022-08-21,3716,3716,none,3716,0,True,False
ES4228,4228,Palomas,Guadiana,-6.068888888888889,38.64972222222222,221,CR2-28,2009-10-01,2022-09-30,3867,3867,none,3867,0,True,False
ES4229,4229,Alange (Valdemedel),Guadiana,-6.295833333333333,38.700833333333335,293,CR2-29,2009-10-01,2021-12-31,1919,1919,none,1763,0,False,False
ES4230,4230,Alange (Bonhabal),Guadiana,-6.329444444444444,38.70555555555556,490,CR2-30,2009-10-01,2022-07-05,3055,3055,none,3055,0,True,False
ES4232,4232,Cordobilla,Guadiana,-6.4325,39.1425,103,CR2-32,2009-10-01,2022-09-30,3968,3968,none,3968,0,True,False
ES4233,4233,Aljucen,Guadiana,-6.34,39.04583333333333,255,CR2-33,2009-10-01,2022-09-30,3857,3857,none,3530,0,True,False
ES4234,4234,Montijo,Guadiana,-6.442222222222222,38.903888888888886,42563,CR2-34,2009-10-01,2022-09-30,3958,3958,none,3958,0,True,False
ES4235,4235,Canchales,Guadiana,-6.5216666666666665,38.96361111111111,427,CR2-35,2009-10-01,2022-09-30,3813,3813,none,3813,0,True,False
ES4236,4236,Villalba,Guadiana,-6.495277777777778,38.59722222222222,365,CR2-36,2009-10-01,2022-09-30,3793,3793,none,3792,0,True,False
ES4237,4237,Guadajira,Guadiana,-6.689722222222223,38.85194444444445,902,CR2-37,2009-10-01,2022-09-30,2167,2167,none,2167,0,True,False
ES4238,4238,Lobon,Guadiana,-6.7219444444444445,38.85916666666667,381,CR2-38,2009-10-01,2022-09-30,3952,3952,none,3951,0,True,False
ES4239,4239,Montijo (Alcazaba),Guadiana,-6.738611111111111,38.94833333333333,308,CR2-39,2009-10-01,2022-09-30,3925,3925,none,3925,0,True,False
ES4240,4240,Montijo (Lorianilla),Guadiana,-6.757777777777778,38.96138888888889,163,CR2-40,2009-10-01,2022-09-30,1745,1745,none,1745,0,False,False
ES4241,4241,Montijo (Guerrero),Guadiana,-6.816388888888889,38.94083333333333,776,CR2-41,2009-10-01,2022-09-30,2180,2180,none,2180,0,True,False
ES4243,4243,Villar Del Rey,Guadiana,-6.870833333333334,39.145,1049,CR2-43,2009-10-01,2022-09-30,3970,3970,none,3970,0,True,False
ES4244,4244,"Riscos, Los",Guadiana,-7.037222222222222,39.13166666666667,190,CR2-44,2009-10-01,2022-09-30,3820,3820,none,3820,0,True,False
ES4245,4245,Valdebotoa,Guadiana,-6.928611111111112,38.96388888888889,1889,CR2-45,2009-10-01,2022-09-30,3884,3884,none,3884,0,True,False
ES4246,4246,Badajoz,Guadiana,-6.89861111111111,38.867777777777775,311,CR2-46,2009-10-01,2022-09-30,1457,1457,none,1457,0,False,False
ES4247,4247,Calamon,Guadiana,-6.959722222222222,38.82694444444445,100,CR2-47,2009-10-01,2022-09-30,3633,3633,none,3633,0,True,False
ES4248,4248,San Servan,Guadiana,-6.461111111111111,38.85333333333333,320,CR2-48,2009-10-01,2022-09-30,3553,3553,none,3553,0,True,False
ES4249,4249,Badajoz (Guadiana),Guadiana,-6.995,38.87833333333333,49437,CR2-49,2011-07-06,2015-05-13,621,621,none,621,0,False,False
ES4251,4251,Cañamero,Guadiana,-5.378055555555555,39.37972222222222,42,CR2-15,1980-10-01,2022-09-30,8281,5598,none,4088,0,True,False
ES4252,4252,"Angostura, La",Guadiana,-6.520555555555555,38.95555555555556,382,,1980-10-01,1983-11-30,426,0,none,0,0,False,False
ES4253,4253,Rena,Guadiana,-5.804166666666666,39.04444444444445,1810,,1980-10-01,1990-02-28,3438,0,none,0,0,False,False
ES4255,4255,Badajoz,Guadiana,-6.958055555555556,38.915277777777774,2165,,1980-10-01,2019-09-30,11770,4974,none,3147,0,True,False
ES4256,4256,Merida,Guadiana,-6.327222222222222,38.92666666666666,119,,1982-10-01,2022-09-30,365,283,none,283,0,False,False
ES4257,4257,Mirandilla,Guadiana,-6.287222222222222,39.06555555555556,228,,1980-10-01,2019-09-30,8444,4433,none,3108,0,True,False
ES4261,4261,Puebla De Don Rodrigo,Guadiana,-4.583611111111111,39.10166666666667,22580,CR2-01,2009-10-01,2022-09-30,3837,3837,none,3837,0,True,False
ES4262,4262,Helechosa,Guadiana,-4.7363888888888885,39.38055555555555,579,CR2-02,2009-10-01,2022-09-30,3536,3536,none,3535,0,True,False
ES4263,4263,Anchuras,Guadiana,-4.820277777777777,39.45055555555556,197,CR2-03,2009-10-01,2022-09-30,3872,3872,none,3767,0,True,False
ES4264,4264,Sevilleja,Guadiana,-4.977777777777778,39.45444444444445,163,CR2-04,2009-10-01,2022-09-30,3880,3880,none,3880,0,True,False
ES4266,4266,Orellana,Guadiana,-5.540277777777778,38.98444444444444,26125,CR2-06,2009-10-01,2022-09-30,3934,3934,none,3840,0,True,False
ES4267,4267,Colada,Guadiana,-5.011388888888889,38.54388888888889,660,CR2-07,2009-10-01,2022-09-30,3755,3755,none,3755,0,True,False
ES4268,4268,Guadamatilla,Guadiana,-5.163055555555556,38.67527777777777,1676,CR2-08,2009-10-01,2022-09-30,1999,1999,none,1999,0,True,False
ES4269,4269,Guadalmez,Guadiana,-4.972222222222222,38.71722222222223,2856,CR2-09,2009-10-01,2022-09-30,3740,3740,none,3740,0,True,False
ES4270,4270,Serena (Esteras),Guadiana,-4.930555555555556,38.87805555555556,626,CR2-10,2009-10-01,2022-09-30,2180,2180,none,1944,0,True,False
ES4271,4271,Serena (Guadalemar),Guadiana,-4.9783333333333335,39.0425,324,CR2-11,2009-10-01,2022-09-30,2456,2456,none,2456,0,True,False
ES4272,4272,Serena (Siruela),Guadiana,-4.945833333333334,39.01305555555555,352,CR2-12,2009-10-01,2022-09-30,2713,2713,none,2713,0,True,False
ES4273,4273,Zujar,Guadiana,-5.492222222222222,38.90972222222222,7640,CR2-13,2009-10-01,2022-09-30,3922,3922,none,3922,0,True,False
ES4274,4274,Campanario,Guadiana,-5.566666666666666,38.876666666666665,467,CR2-14,2009-10-01,2022-09-30,2142,2142,none,2142,0,True,False
ES4276,4276,Sierra Brava,Guadiana,-5.656388888888889,39.17472222222222,240,CR2-16,2009-10-01,2022-09-30,3823,3823,none,3823,0,True,False
ES4277,4277,Ruecas (Azud),Guadiana,-5.543055555555555,39.22027777777778,152,CR2-17,2009-10-01,2022-09-30,2176,2176,none,2176,0,True,False
ES4278,4278,Alcollarin,Guadiana,-5.741111111111112,39.24194444444444,124,CR2-18,2009-10-01,2022-09-30,3346,3346,none,3346,0,True,False
ES4279,4279,Hernan Cortes,Guadiana,-5.911388888888889,39.032222222222224,1715,CR2-19,2009-10-01,2022-09-30,4017,4017,none,4017,0,True,False
ES4280,4280,"Cruces, Las",Guadiana,-5.930277777777778,38.95,455,CR2-20,2009-10-01,2022-09-30,4009,4009,none,4009,0,True,False
ES4281,4281,Golondron,Guadiana,-5.9875,38.89194444444444,850,CR2-21,2009-10-01,2022-09-30,2840,2840,none,2840,0,True,False
ES4282,4282,Miajadas,Guadiana,-5.996388888888889,39.16027777777778,557,CR2-22,2009-10-01,2022-09-30,3614,3614,none,3614,0,True,False
ES4283,4283,Santa Amalia,Guadiana,-6.049722222222222,39.01416666666667,575,CR2-23,2009-10-01,2022-09-30,3987,3987,none,3987,0,True,False
ES4284,4284,Cerros Verdes,Guadiana,-6.1369444444444445,38.998333333333335,110,CR2-24,2009-10-01,2022-09-30,3922,3922,none,3922,0,True,False
ES4285,4285,Encinasola,Guadiana,-6.919444444444445,38.13555555555556,673,CR3-01,2010-12-01,2022-09-30,3016,3016,none,3016,0,True,False
ES4286,4286,Charco De Los Pollos,Guadiana,-7.044722222222222,38.845,48563,CR2-55,2014-12-13,2022-09-30,2823,2823,none,2823,0,True,False
ES4287,4287,Valdejudios,Guadiana,-2.7369444444444446,39.97611111111112,32,CR1-25,2015-08-02,2022-09-30,2589,2589,none,2589,0,True,False
ES4904,4904,Villarrubia,Guadiana,-3.5872222222222225,39.19888888888889,10319,CR1-24,1993-10-01,2022-09-30,8372,4726,none,3762,0,True,False
ES8005,8005,Villarreal,Jucar,-0.1225,39.96,2504,1E07,1980-10-01,2022-09-30,15320,6920,unverified,5093,737,True,True
ES8012,8012,Horcajo,Jucar,-0.7513888888888889,40.144444444444446,315,,1980-10-01,1984-09-30,1461,0,none,0,0,False,False
ES8014,8014,Tramacastilla,Jucar,-1.576111111111111,40.41722222222222,95,3A02,1980-10-01,2022-09-30,15296,6926,unverified,5099,719,True,True
ES8015,8015,Teruel,Jucar,-1.111388888888889,40.34305555555556,2357,3A03,1980-10-01,2022-09-30,15326,6940,none,5113,0,True,False
ES8016,8016,Ademuz,Jucar,-1.284722222222222,40.06388888888888,3593,,1980-10-01,1984-04-30,1308,0,none,0,0,False,False
ES8018,8018,Zagra,Jucar,-1.146388888888889,39.84027777777778,4052,6A01,1980-10-01,2022-09-30,15340,6940,unverified,5113,716,True,True
ES8022,8022,Bugarra,Jucar,-0.7827777777777778,39.605,5375,OA01,1980-10-01,2022-09-30,7989,5433,none,5113,0,True,False
ES8024,8024,Orcheta,Jucar,-0.2591666666666666,38.55972222222222,82,,1980-10-01,1985-09-30,1826,0,none,0,0,False,False
ES8025,8025,"Presa, La",Jucar,-0.5055555555555555,39.521388888888886,6294,OE03,1980-10-01,2022-09-30,15212,6940,none,5113,0,True,False
ES8027,8027,Teruel,Jucar,-1.121388888888889,40.35722222222223,1396,3A03,1980-10-01,2022-09-30,15103,6718,unverified,4891,734,True,True
ES8028,8028,Villalba Alta,Jucar,-0.9758333333333332,40.61472222222223,478,3A01,1980-10-01,2022-09-30,15222,6940,unverified,5113,716,True,True
ES8029,8029,Montaberner,Jucar,-0.4955555555555556,38.89194444444444,320,7A03,1990-10-01,2022-09-30,11640,6940,unverified,5113,735,True,True
ES8030,8030,"Terde, El",Jucar,-0.773888888888889,40.16361111111111,665,2E01,1980-10-01,2022-09-30,15309,6940,unverified,5113,614,True,True
ES8032,8032,Cuenca,Jucar,-2.142777777777778,40.07305555555556,984,4A01,1980-10-01,2022-09-30,15297,6940,unverified,5113,737,True,True
ES8036,8036,"Frailes, Los",Jucar,-1.7497222222222222,39.1375,5403,7A05,1980-10-01,2022-09-30,14525,6940,unverified,5113,706,True,True
ES8039,8039,Confluencia,Jucar,-1.0347222222222223,39.240833333333335,16955,,1980-10-01,1992-09-30,4341,0,none,0,0,False,False
ES8042,8042,Tous Salida Embalse,Jucar,-0.6455555555555555,39.12583333333333,17821,7E04,1980-10-01,2022-09-30,11571,6940,unverified,5113,725,True,True
ES8049,8049,Cullera,Jucar,-0.2744444444444444,39.178888888888885,18085,,1989-10-01,1996-09-30,2291,0,none,0,0,False,False
ES8057,8057,Montaberner,Jucar,-0.4997222222222222,38.89083333333333,261,,1980-10-01,1984-09-30,1461,0,none,0,0,False,False
ES8060,8060,Requena,Jucar,-1.1166666666666667,39.47833333333333,668,5A02,2004-11-12,2022-09-30,6532,6532,unverified,5113,506,True,True
ES8062,8062,Alcudia De Crespins,Jucar,-0.601111111111111,38.977222222222224,2,,1980-10-01,2005-06-29,9000,638,none,0,0,False,False
ES8071,8071,Villalonga,Jucar,-0.2830555555555555,38.87083333333334,547,,1998-10-01,2022-09-30,8428,6602,none,4775,0,True,False
ES8074,8074,"Fuente Del Baño, La",Jucar,-0.5147222222222222,39.88361111111111,478,0E01,1980-10-01,2022-09-30,15340,6940,none,5113,0,True,False
ES8078,8078,Orcheta,Jucar,-0.2727777777777778,38.55777777777777,103,,1980-10-01,1987-09-30,2556,0,none,0,0,False,False
ES8087,8087,Belmontejo,Jucar,-2.345,39.818333333333335,187,4R04,1980-10-01,2022-09-30,15340,6940,unverified,5113,640,True,True
ES8089,8089,Huerto Mulet,Jucar,-0.4102777777777778,39.18833333333333,21497,7A02,1980-10-01,2022-09-30,14481,6796,unverified,4969,643,True,True
ES8090,8090,Pajaroncillo,Jucar,-1.711111111111111,39.94027777777777,829,5A01,1980-10-01,2022-09-30,15326,6940,unverified,5113,694,True,True
ES8091,8091,Castellar,Jucar,-2.288333333333333,39.852222222222224,1793,4A02,1980-10-01,2022-09-30,15188,6940,unverified,5113,719,True,True
ES8092,8092,Camporrobles,Jucar,-1.5580555555555555,39.66694444444444,720,4R01,1980-10-01,2022-09-30,15315,6940,none,5113,0,True,False
ES8093,8093,Macastre,Jucar,-0.8255555555555555,39.34388888888889,1075,0R01,1980-10-01,2022-09-30,14946,6940,unverified,5113,284,True,False
ES8096,8096,Arquillo San Blas Salida E.,Jucar,-1.196388888888889,40.35944444444445,815,3R02,1980-10-01,2022-09-30,15335,6935,unverified,5108,651,True,True
ES8097,8097,Montemayor,Jucar,-2.2244444444444444,38.72527777777778,90,7A04,1980-10-01,2022-09-30,15340,6940,unverified,5113,708,True,True
ES8099,8099,Ulldecona Salida Embalse,Jucar,0.2391666666666666,40.671388888888885,97,1E01,1980-10-01,2022-09-30,15329,6940,unverified,5113,735,True,True
ES8103,8103,Torrealta,Jucar,-1.2583333333333333,40.11555555555556,3094,3A04,2005-10-01,2022-09-30,6209,6209,unverified,5113,733,True,True
ES8104,8104,Los Santos,Jucar,-1.288611111111111,40.10805555555556,241,3R01,1989-10-01,2022-09-30,11983,6940,unverified,5113,720,True,True
ES8107,8107,Alarcon Salida Embalse,Jucar,-2.115,39.561388888888885,2918,4E02,1980-10-01,2022-09-30,15340,6940,unverified,5113,740,True,True
ES8111,8111,Valverde De Jucar,Jucar,-2.206666666666667,39.73805555555556,74,,1980-10-01,2000-12-31,7397,0,none,0,0,False,False
ES8112,8112,Cofrentes,Jucar,-1.095,39.26222222222222,4694,7A01,1980-10-01,2022-09-30,14911,6940,none,5113,0,True,False
ES8118,8118,Valverde De Jucar,Jucar,-2.1975,39.73777777777778,257,,1980-10-01,2004-01-28,8520,120,none,0,0,False,False
ES8119,8119,Sichar Salida Embalse,Jucar,-0.2316666666666667,39.99888888888889,2490,1E09,1980-10-01,2022-09-30,15322,6940,none,5113,0,True,False
ES8120,8120,Calles,Jucar,-0.956111111111111,39.71833333333333,430,6A02,2007-03-08,2022-09-30,5600,5600,unverified,5027,672,True,True
ES8126,8126,Venta De Juan Romero,Jucar,-1.8486111111111112,40.221944444444446,250,5A04,1980-10-01,2022-09-30,11237,5667,unverified,5113,728,True,True
ES8128,8128,Tibi (Embalse),Jucar,-0.5569444444444445,38.5,267,,1980-10-01,1995-09-30,5478,0,none,0,0,False,False
ES8129,8129,"Picazo, El",Jucar,-2.0861111111111112,39.46333333333334,3248,4L01,1980-10-01,2022-09-30,15261,6940,none,5113,0,True,False
ES8130,8130,Contreras Salida Embalse,Jucar,-1.5058333333333334,39.530277777777776,3390,5E01,1989-07-22,2022-09-30,12113,6940,unverified,5113,734,True,True
ES8132,8132,"Puente De Carrasco, El",Jucar,-2.019722222222222,39.21388888888889,3558,,1980-10-01,2012-09-30,2557,366,none,366,0,False,False
ES8134,8134,Arenos Entrada E. (C.E. Los Cantos),Jucar,-0.606111111111111,40.115833333333335,1396,2E02,1990-11-21,2022-09-30,11589,6940,none,5113,0,True,False
ES8137,8137,Tiriez,Jucar,-2.253888888888889,38.89611111111111,217,7P16,1980-10-01,2022-09-30,15340,6940,unverified,5113,716,True,True
ES8138,8138,Balazote,Jucar,-2.119166666666666,38.90222222222222,792,7P03,1980-10-01,2022-09-30,15189,6940,none,5113,0,True,False
ES8139,8139,Villora,Jucar,-1.635,39.73861111111111,1255,5R01,1980-10-01,2022-09-30,15271,6940,unverified,5113,584,True,True
ES8140,8140,Huercemes,Jucar,-1.7044444444444444,39.72027777777778,761,4R03,1980-10-01,2022-09-30,15216,6940,unverified,5113,726,True,True
ES8141,8141,Villora,Jucar,-1.5716666666666663,39.75083333333333,74,4R02,1980-10-01,2022-09-30,15340,6940,unverified,5014,700,True,True
ES8144,8144,Alcala Del Jucar,Jucar,-1.425277777777778,39.196666666666665,10785,7R01,1984-06-12,2022-09-30,13990,6940,unverified,5113,689,True,True
ES8145,8145,Arenos Salida Embalse,Jucar,-0.5397222222222222,40.08722222222222,1430,2E02,1985-03-29,2022-09-30,13666,6940,unverified,5113,733,True,True
ES8147,8147,Loriguilla Salida Embalse,Jucar,-0.9055555555555556,39.66305555555555,4978,6E02,1980-10-01,2022-09-30,15340,6940,unverified,5113,727,True,True
ES8148,8148,Jerica,Jucar,-0.5458333333333333,39.89388888888889,327,0E01,2006-10-01,2022-09-30,5844,5844,unverified,5113,719,True,True
ES8149,8149,Gea De Albarracin,Jucar,-1.2905555555555557,40.39416666666666,736,3A05,2008-04-19,2022-09-30,5278,5278,unverified,5113,714,True,True
ES8151,8151,Callosa De Ensarria,Jucar,-0.0986111111111111,38.66027777777778,30,8L01,1980-10-01,2022-09-30,14270,6222,none,4444,0,True,False
ES8153,8153,Azud De La Marquesa,Jucar,-0.2672222222222222,39.1775,21561,,2012-12-20,2022-09-30,3572,3572,none,3572,0,True,False
ES8154,8154,Azud De La Marquesa (Canal),Jucar,-0.2661111111111111,39.17611111111111,21561,,2013-10-01,2022-09-30,3287,3287,none,3287,0,True,False
ES1603,1603,Reguntille,Mino-Sil,-7.374444444444444,43.17166666666667,95,A002,2008-01-01,2022-09-30,5369,5369,none,5111,0,True,False
ES1605,1605,Pontevilar,Mino-Sil,-7.547777777777777,43.168055555555554,754,A003,2008-01-03,2022-09-30,5376,5376,none,5113,0,True,False
ES1607,1607,Cela (Margen Derecha),Mino-Sil,-7.604444444444444,43.13916666666667,999,A004D,1980-10-01,2022-09-30,15146,6748,none,5109,0,True,False
ES1608,1608,Cela (Margen Izquierda),Mino-Sil,-7.600555555555555,43.138888888888886,999,A004I,1980-10-01,2022-09-30,15002,6603,none,5113,0,True,False
ES1617,1617,Guitiriz,Mino-Sil,-7.793888888888889,43.17194444444444,301,A007,1980-10-01,2022-09-30,13526,6647,none,5113,0,True,False
ES1619,1619,Begonte,Mino-Sil,-7.69,43.14861111111111,843,A008,1980-10-01,2022-09-30,15098,6699,none,5113,0,True,False
ES1620,1620,Gonday,Mino-Sil,-7.646666666666666,43.06666666666667,192,A009,2008-01-01,2022-09-30,5385,5385,none,5113,0,True,False
ES1621,1621,Lugo,Mino-Sil,-7.563333333333333,43.00194444444445,2303,,1980-10-01,2009-06-30,10283,2095,none,273,0,False,False
ES1622,1622,Lugo,Mino-Sil,-7.587499999999999,43.02472222222222,2210,N001,2008-10-01,2022-09-30,5112,5112,none,5112,0,True,False
ES1624,1624,"Paramo, El",Mino-Sil,-7.5275,42.871944444444445,831,A015,2008-01-01,2022-09-30,5371,5371,none,5109,0,True,False
ES1625,1625,Sarria,Mino-Sil,-7.411944444444445,42.77583333333333,160,N002,2009-01-01,2022-09-30,5021,5021,none,5021,0,True,False
ES1626,1626,Sarria,Mino-Sil,-7.384444444444445,42.755833333333335,129,,1980-10-01,2009-06-30,10499,2099,none,272,0,False,False
ES1628,1628,Puebla De San Julian,Mino-Sil,-7.4430555555555555,42.85944444444445,307,A014,2008-10-01,2022-09-30,5110,5110,none,5110,0,True,False
ES1631,1631,Orense,Mino-Sil,-7.875833333333333,42.34555555555556,12958,N010,2010-10-01,2022-09-30,4383,4383,none,4383,0,True,False
ES1638,1638,Carballino,Mino-Sil,-8.081388888888888,42.43666666666666,133,A037,2008-01-01,2022-09-30,5382,5382,none,5110,0,True,False
ES1639,1639,Leiro,Mino-Sil,-8.11888888888889,42.37277777777778,575,N012,2009-01-01,2022-09-30,4842,4842,none,4842,0,True,False
ES1640,1640,Ribadavia,Mino-Sil,-8.142222222222221,42.290277777777774,671,N013,2008-01-03,2022-09-30,5369,5369,none,5097,0,True,False
ES1642,1642,Salvatierra De Miño,Mino-Sil,-8.492777777777777,42.08055555555556,15678,N015,2008-11-13,2022-09-30,4998,4998,none,4998,0,True,False
ES1644,1644,Mondariz,Mino-Sil,-8.457777777777777,42.23694444444445,155,N016,2009-01-01,2022-09-30,5000,5000,none,5000,0,True,False
ES1645,1645,Puenteareas,Mino-Sil,-8.511111111111111,42.18083333333333,286,A043,1980-10-01,2022-09-30,15322,6936,none,5109,0,True,False
ES1646,1646,Porriño,Mino-Sil,-8.624444444444444,42.1625,58,N018,2009-01-01,2022-09-30,5021,5021,none,5021,0,True,False
ES1647,1647,Tuy,Mino-Sil,-8.636111111111111,42.06638888888889,150,A044,1980-10-01,2022-09-30,9350,4984,none,4735,0,True,False
ES1659,1659,Arnoya,Mino-Sil,-8.1375,42.251666666666665,739,A041,2008-01-01,2022-09-30,5378,5378,none,5112,0,True,False
ES1715,1715,Boeza,Mino-Sil,-6.2925,42.685,106,A019,2008-01-01,2022-09-30,5385,5385,none,5113,0,True,False
ES1719,1719,Ponferrada,Mino-Sil,-6.591944444444444,42.55166666666666,835,N003,2009-01-01,2022-09-30,5021,5021,none,5021,0,True,False
ES1720,1720,Camponaraya,Mino-Sil,-6.665555555555556,42.57861111111112,77,N005,2009-02-14,2022-09-30,4971,4971,none,4971,0,True,False
ES1721,1721,Cacabelos,Mino-Sil,-6.726944444444444,42.59972222222223,544,N004,2007-10-01,2022-09-30,5267,5267,none,4901,0,True,False
ES1722,1722,Barcena De La Abadia,Mino-Sil,-6.624444444444445,42.79555555555555,187,A351,1995-10-01,2009-06-30,5022,2100,none,273,0,False,False
ES1723,1723,Fabero,Mino-Sil,-6.6483333333333325,42.757777777777775,216,A022,2008-01-01,2022-09-30,5362,5362,none,5112,0,True,False
ES1724,1724,Quilos,Mino-Sil,-6.731944444444444,42.64611111111111,482,A024,1980-10-01,2022-09-30,15044,6644,none,5113,0,True,False
ES1725,1725,Veguellina,Mino-Sil,-6.779166666666667,42.70805555555556,118,A142,2009-10-01,2022-09-30,4705,4705,none,4705,0,True,False
ES1726,1726,Villafranca Del Bierzo,Mino-Sil,-6.817222222222222,42.60583333333334,434,A026,2008-01-01,2022-09-30,5366,5366,none,5112,0,True,False
ES1727,1727,Toral De Los Vados,Mino-Sil,-6.7875,42.54472222222222,492,A352,1980-10-01,2009-06-30,10500,2100,none,273,0,False,False
ES1728,1728,Requejo,Mino-Sil,-6.823888888888889,42.50861111111111,3100,N007,2008-10-01,2022-09-30,5101,5101,none,5101,0,True,False
ES1729,1729,Oencia,Mino-Sil,-6.956666666666667,42.53361111111111,113,N008,2009-01-01,2022-09-30,4991,4991,none,4856,0,True,False
ES1734,1734,Puente De Domingo Florez,Mino-Sil,-6.810555555555555,42.414722222222224,558,A029,1980-10-01,2022-09-30,14513,6113,none,4286,0,True,False
ES1739,1739,Barco De Valdeorras,Mino-Sil,-6.962777777777778,42.41666666666666,4268,A030,2008-10-01,2022-09-30,4822,4822,none,4822,0,True,False
ES1742,1742,Porto,Mino-Sil,-6.896388888888889,42.16638888888889,71,N009,2009-01-01,2022-09-30,5021,5021,none,5021,0,True,False
ES1747,1747,Bao (Las Ermitas),Mino-Sil,-7.138611111111112,42.29111111111111,794,,1980-10-01,1993-09-30,4748,0,none,0,0,False,False
ES1748,1748,"Pedrazas, Las (Guistolas)",Mino-Sil,-7.323055555555555,42.33694444444445,216,,1980-10-01,1986-09-30,2191,0,none,0,0,False,False
ES1749,1749,Montefurado,Mino-Sil,-7.218611111111111,42.38444444444444,1559,,1980-10-01,1993-09-30,4748,0,none,0,0,False,False
ES1751,1751,Sequeiros,Mino-Sil,-7.252222222222223,42.4575,6243,,1980-10-01,1993-09-30,4748,0,none,0,0,False,False
ES1753,1753,Parada,Mino-Sil,-7.347222222222222,42.46194444444445,369,A031,2008-01-01,2022-09-30,5294,5294,none,5112,0,True,False
ES1754,1754,"Ponte, La",Mino-Sil,-7.341944444444444,42.51027777777778,337,,1980-10-01,2008-09-30,10227,1827,none,0,0,False,False
ES1763,1763,Incio (Puente De Pena),Mino-Sil,-7.348055555555555,42.64472222222222,35,A032,2007-10-01,2022-09-30,5473,5473,none,5010,0,True,False
ES1765,1765,Rivas Altas,Mino-Sil,-7.478333333333333,42.555,353,A033,1980-10-01,2022-09-30,15336,6936,none,5109,0,True,False
ES1768,1768,San Esteban,Mino-Sil,-7.651666666666667,42.415277777777774,7216,,1980-10-01,1993-09-30,4748,0,none,0,0,False,False
ES1769,1769,San Pedro,Mino-Sil,-7.715277777777778,42.44333333333333,7982,,1980-10-01,1993-09-30,4748,0,none,0,0,False,False
ES1805,1805,Puente Linares,Mino-Sil,-7.883611111111111,42.02111111111111,684,A046,1980-10-01,2022-09-30,11058,5297,none,5058,0,True,False
ES1806,1806,Puenteareas (Nivel),Mino-Sil,-8.504166666666666,42.15972222222222,58,N017,2009-01-01,2022-09-30,5021,5021,none,5021,0,True,False
ES1809,1809,Bubaces,Mino-Sil,-8.106666666666666,41.86472222222223,36,N019,2009-01-01,2022-09-30,4833,4833,none,4833,0,True,False
ES1821,1821,Regueiro,Mino-Sil,-8.198055555555555,42.153888888888886,25,N021,2011-10-01,2022-09-30,3606,3606,none,3606,0,True,False
ES1822,1822,Redemuiños,Mino-Sil,-7.495833333333334,43.30444444444444,91,N022,2011-10-01,2022-09-30,4018,4018,none,4018,0,True,False
ES1823,1823,Bouza Do Viso,Mino-Sil,-8.506666666666666,42.10416666666667,400,N023,2011-10-01,2022-09-30,3972,3972,none,3972,0,True,False
ES1824,1824,Guntin,Mino-Sil,-7.705555555555556,42.88472222222222,166,N024,2011-10-01,2022-09-30,4006,4006,none,4006,0,True,False
ES1828,1828,"Peroja, La",Mino-Sil,-7.735555555555556,42.45111111111111,12685,N028,2017-10-01,2022-09-30,1826,1826,none,1826,0,True,False
ES1829,1829,Puente Freijo,Mino-Sil,-7.97,42.20111111111111,533,N029,2011-10-01,2022-09-30,4018,4018,none,4018,0,True,False
ES1830,1830,Baños De Molgas,Mino-Sil,-7.674722222222223,42.24138888888889,264,N030,2017-10-01,2022-09-30,1804,1804,none,1804,0,False,False
ES1831,1831,Ginzo De Limia,Mino-Sil,-7.736111111111112,42.06083333333333,293,N031,2011-10-01,2022-09-30,4018,4018,none,3623,0,True,False
ES1832,1832,Neira De Rey,Mino-Sil,-7.211666666666667,42.91972222222222,115,N032,2011-10-01,2022-09-30,3292,3292,none,3292,0,True,False
ES1833,1833,Fraga,Mino-Sil,-7.736111111111112,43.26805555555556,97,N033,2011-10-01,2022-09-30,4012,4012,none,4012,0,True,False
ES1834,1834,Insua,Mino-Sil,-7.688055555555556,43.28666666666666,82,N034,2011-10-01,2022-09-30,4018,4018,none,4018,0,True,False
ES1835,1835,"Regadas, Las",Mino-Sil,-8.295833333333333,42.12,91,N035,2017-10-01,2022-09-30,1810,1810,none,1810,0,False,False
ES1836,1836,Almagarinos,Mino-Sil,-6.219444444444445,42.7075,40,N036,2011-10-01,2022-09-30,3982,3982,none,3769,0,True,False
ES1837,1837,Matarrosa Del Sil,Mino-Sil,-6.529444444444445,42.75861111111111,642,N037,2011-10-01,2022-09-30,3390,3390,none,3390,0,True,False
ES1942,1942,Santa Eulalia,Mino-Sil,-7.126666666666666,42.33888888888889,326,,1980-10-01,1993-09-30,4748,0,none,0,0,False,False
ES7001,7001,Fuensanta (Desembalse),Segura,-2.209166666666667,38.391666666666666,1218,04A03A1,1980-10-01,2022-09-30,14549,6149,none,4322,0,True,False
ES7003,7003,Talave (Desembalse),Segura,-1.857777777777778,38.505833333333335,754,03R02A1,1980-10-01,2022-09-30,14902,6502,none,4675,0,True,False
ES7004,7004,Azaraque,Segura,-1.6572222222222222,38.40611111111111,1116,03A04A1,1980-10-01,2022-09-30,14182,6150,none,4323,0,True,False
ES7006,7006,Almadenes,Segura,-1.5586111111111112,38.23861111111111,7111,02A01A1,1980-10-01,2022-09-30,15167,6767,none,4940,0,True,False
ES7007,7007,Alfonso Xiii (Desembalse),Segura,-1.5986111111111112,38.22583333333333,834,02E03E1,2011-10-01,2015-09-30,1461,1461,none,1261,0,False,False
ES7012,7012,Calasparra,Segura,-1.6925,38.24527777777778,5713,,1980-10-01,2006-05-23,5753,966,none,0,0,False,False
ES7013,7013,Cenajo (Desembalse),Segura,-1.7694444444444444,38.3675,2593,04A02A1,1980-10-01,2022-09-30,15212,6812,none,4985,0,True,False
ES7014,7014,Argos (Calasparra),Segura,-1.6833333333333331,38.24027777777778,506,02A05A1,2018-10-01,2022-09-30,1461,1461,none,1461,0,False,False
ES7016,7016,Cieza,Segura,-1.4308333333333334,38.23777777777778,8026,02R01A1,1980-10-01,2022-09-30,15145,6775,none,4948,0,True,False
ES7017,7017,Abaran,Segura,-1.3869444444444443,38.20055555555556,8514,,1980-10-01,2005-05-08,7200,574,none,0,0,False,False
ES7018,7018,Archena,Segura,-1.3027777777777778,38.12861111111111,8754,02R02A1,1980-10-01,2022-09-30,15015,6772,none,4945,0,True,False
ES7019,7019,"Cierva, La (Desembalse)",Segura,-1.4869444444444444,38.06027777777778,156,01E01A1,1980-10-01,1995-09-30,5478,0,none,0,0,False,False
ES7023,7023,Pareton De Totana (Hacia El Rio),Segura,-1.458611111111111,37.723888888888894,2563,01O06A1,2006-10-01,2008-09-30,731,731,none,0,0,False,False
ES7028,7028,Orihuela,Segura,-0.9558333333333332,38.086666666666666,13603,,1980-10-01,1993-09-30,4747,0,none,0,0,False,False
ES7029,7029,Rojales,Segura,-0.7216666666666667,38.08916666666667,14894,07A04A1,1980-10-01,2011-09-30,9921,2922,none,1095,0,False,False
ES7030,7030,Guardamar (Presa De S. Antonio),Segura,-0.6616666666666667,38.09277777777778,14925,07R01A1,1980-10-01,2022-09-30,14871,6498,none,4671,0,True,False
ES7037,7037,Cañaverosa,Segura,-1.708611111111111,38.26611111111111,5705,,1980-10-01,1986-09-30,2178,0,none,0,0,False,False
ES7040,7040,Librilla,Segura,-1.362777777777778,37.88,52,EA-040,1980-10-01,1992-09-30,3652,0,none,0,0,False,False
ES7043,7043,Minateda,Segura,-1.638611111111111,38.40111111111111,1160,03M01A1,1980-10-01,1992-09-30,4045,0,none,0,0,False,False
ES7050,7050,Lietor,Segura,-1.9641666666666664,38.54222222222222,577,,1981-01-01,2009-09-30,3759,1096,none,365,0,False,False
ES7055,7055,Taibilla (Llano De La Vida),Segura,-2.1594444444444445,38.39277777777778,596,04A01A1,1997-10-01,2022-09-30,6806,4615,none,3154,0,True,False
ES7057,7057,"Gallego, El",Segura,-2.012777777777778,38.40888888888889,2185,04A04A1,1980-10-01,2022-09-30,14236,5867,none,4041,0,True,False
ES7062,7062,Ojos,Segura,-1.3397222222222225,38.149166666666666,8557,02A02A1,1987-10-01,2022-09-30,12526,6682,none,4855,0,True,False
ES7063,7063,Contraparada,Segura,-1.2141666666666666,38.00944444444445,9600,01A01A1,1980-10-01,2022-09-30,15182,6782,none,4955,0,True,False
ES7064,7064,Beniel,Segura,-1.0061111111111112,38.04805555555556,13478,07A01A1,1980-10-01,2022-09-30,13188,6098,none,4271,0,True,False
ES7067,7067,"Menju, El",Segura,-1.412222222222222,38.219166666666666,8045,,1980-10-01,1986-07-21,2120,0,none,0,0,False,False
ES7070,7070,Desagüe De La Pedrera,Segura,-0.875,38.06861111111112,64,07C09C1,1997-10-01,2015-09-30,6491,4300,none,2473,0,True,False
ES7102,7102,Taibilla (Aportaciones Al Azud),Segura,-2.2741666666666664,38.230555555555554,376,,1980-10-01,2015-05-17,8537,3059,none,2055,0,True,False
ES7112,7112,Calasparra (Nueva),Segura,-1.701111111111111,38.25055555555556,5687,03A03A1,2003-10-01,2022-09-30,6772,6772,none,4945,0,True,False
ES7117,7117,Blanca,Segura,-1.3780555555555556,38.17916666666667,8486,02A04A1,2007-10-01,2022-09-30,5311,5311,none,4945,0,True,False
ES7121,7121,Rincon De Beniscornia,Segura,-1.1663888888888887,37.985,9741,01A02A1,2006-02-27,2022-09-30,5833,5833,none,4886,0,True,False
ES7124,7124,Camarillas (Desembalse),Segura,-1.6627777777777777,38.32111111111112,2430,03R04A1,2005-10-01,2022-09-30,6004,6004,none,4908,0,True,False
ES7128,7128,Orihuela (Pasarela Salesas),Segura,-0.95,38.08416666666667,13651,,2007-01-01,2013-09-30,2217,2217,none,1578,0,False,False
ES7129,7129,Rojales (Nueva),Segura,-0.7130555555555556,38.09138888888889,14331,07R06A1,2007-10-01,2022-09-30,5270,5270,none,4904,0,True,False
ES7137,7137,Puente Del Bayo,Segura,-1.6897222222222223,38.285555555555554,5137,03A02A1,2006-06-23,2022-09-30,5753,5753,none,4922,0,True,False
ES7158,7158,Benejuzar,Segura,-0.8522222222222222,38.07777777777778,14267,07R04A1,2006-06-02,2022-09-30,5364,5364,none,4512,0,True,False
ES7164,7164,Alquerias,Segura,-1.043888888888889,38.0125,13274,07R02A1,2006-05-22,2022-09-30,5786,5786,none,4923,0,True,False
ES7165,7165,Jacarilla,Segura,-0.8711111111111112,38.07222222222222,14254,07A03A1,1995-04-06,2022-09-30,9538,6474,none,4647,0,True,False
ES7167,7167,"Menju, El",Segura,-1.4155555555555557,38.22055555555556,8015,02A03A1,2005-10-01,2022-09-30,5509,5509,none,4934,0,True,False
ES7168,7168,"Pliego, Rio En Mula",Segura,-1.497777777777778,38.01833333333333,257,01O02A1,2016-10-01,2022-09-30,1602,1602,none,1602,0,False,False
ES7169,7169,"Mula, Rio",Segura,-1.3644444444444446,38.030277777777776,596,01O03A1,2016-10-01,2022-09-30,2101,2101,none,2101,0,True,False
ES7170,7170,"Mundo, Rio En Lietor",Segura,-1.9641666666666664,38.54222222222222,576,03A05A1,2016-10-01,2022-09-30,2132,2132,none,2132,0,True,False
ES7171,7171,Taibilla (Aguas Bajas),Segura,-2.158888888888889,38.39194444444444,594,04A01A2,2016-10-01,2022-09-30,1950,1950,none,1950,0,True,False
ES7172,7172,Taibilla (Crecidas),Segura,-2.158888888888889,38.39194444444444,594,04A01A3,2017-04-03,2022-09-30,1942,1942,none,1942,0,True,False
ES7173,7173,"Norias, Las",Segura,-0.9994444444444444,38.055277777777775,13311,07A05A1,2016-10-01,2022-09-30,1980,1980,none,1980,0,True,False
ES7174,7174,Orihuela,Segura,-0.9708333333333332,38.07638888888889,13612,07C03A2,2016-10-01,2022-09-30,2102,2102,none,2102,0,True,False
ES7175,7175,Manzano Y Ferrer,Segura,-0.8994444444444444,38.08444444444444,14088,07R03A1,2016-10-01,2022-09-30,2126,2126,none,2126,0,True,False
ES7176,7176,Formentera,Segura,-0.7436111111111111,38.083333333333336,14264,07R05A1,2016-10-01,2022-09-30,2123,2123,none,2123,0,True,False
ES7177,7177,Tinajon,Segura,-1.274722222222222,38.14111111111111,130,02O03A1,2017-10-01,2022-09-30,1823,1823,none,1823,0,False,False
ES7178,7178,Calasparra,Segura,-1.701111111111111,38.25055555555556,5647,03A03A2,2017-10-01,2018-05-29,237,237,none,237,0,False,False
ES7183,7183,Salabosque,Segura,-1.1447222222222222,37.9475,3360,05A01A1,2017-10-01,2022-09-30,1824,1824,none,1824,0,False,False
ES7628,7628,Azud De Los Huertos,Segura,-0.9713888888888887,38.07527777777778,13639,07C03A1,1996-01-08,2022-09-30,9157,6385,none,4558,0,True,False
ES7821,7821,Murcia (Azud Malecon),Segura,-1.1375,37.97944444444445,9578,01A03A1,2008-10-01,2022-09-30,4551,4551,none,4551,0,True,False
ES7850,7850,Azud De Lietor,Segura,-1.946388888888889,38.535,581,03R03A1,2008-10-01,2022-09-30,4687,4687,none,4687,0,True,False
ES7863,7863,Contraparada (Presa),Segura,-1.2180555555555557,37.99555555555556,9528,01R01A2,2008-10-01,2021-08-02,3726,3726,none,3726,0,True,False
ES3001,3001,Peralejos De Las Truchas,Tajo,-1.931944444444444,40.594166666666666,410,,1980-10-01,2022-09-30,15340,6940,none,5113,0,True,False
ES3002,3002,"Paular, El",Tajo,-3.885833333333333,40.84638888888889,42,,1980-10-01,2022-09-30,15296,6940,none,5113,0,True,False
ES3003,3003,Loranca De Tajuña,Tajo,-3.095555555555556,40.45555555555556,1545,,1980-10-01,2022-09-30,15340,6940,none,5112,0,True,False
ES3004,3004,Puente Taboada,Tajo,-3.721111111111111,40.94194444444444,349,,2012-03-01,2022-09-30,3501,3501,none,3501,0,True,False
ES3005,3005,Trillo,Tajo,-2.585833333333333,40.69611111111111,3253,,1980-10-01,2022-09-30,15340,6940,none,5113,0,True,False
ES3006,3006,Entrepeñas,Tajo,-2.752222222222222,40.49166666666667,3829,,1980-10-01,1986-09-30,2191,0,none,0,0,False,False
ES3007,3007,Bolarque,Tajo,-2.8186111111111107,40.3625,7402,,1980-10-01,1986-09-30,2191,0,none,0,0,False,False
ES3008,3008,Zorita,Tajo,-2.897222222222222,40.348333333333336,7452,,1980-10-01,1986-09-30,2191,0,none,0,0,False,False
ES3009,3009,Almoguera,Tajo,-2.9225,40.29472222222222,7750,,1980-10-01,1986-09-30,2191,0,none,0,0,False,False
ES3011,3011,Aranjuez,Tajo,-3.5919444444444446,40.04333333333333,9340,,1980-10-01,1985-09-30,1458,0,none,0,0,False,False
ES3012,3012,"Portusa, La",Tajo,-4.196944444444445,39.86305555555556,27159,,1980-10-01,2022-09-30,15309,6940,none,5113,0,True,False
ES3014,3014,Puente Algodor,Tajo,-3.871111111111111,39.92166666666667,23065,,2010-01-22,2022-09-30,4635,4635,none,4635,0,True,False
ES3015,3015,Talavera,Tajo,-4.816111111111111,39.95444444444445,33849,,1980-10-01,2013-06-30,3682,1004,none,1004,0,False,False
ES3016,3016,Torrejon-Tajo,Tajo,-6.021111111111111,39.83805555555556,37094,,1980-10-01,1986-09-30,2191,0,none,0,0,False,False
ES3018,3018,Puente Batan,Tajo,-3.823888888888888,40.687777777777775,275,,2012-07-01,2022-09-30,3379,3379,none,3379,0,True,False
ES3019,3019,Alcantara,Tajo,-6.893055555555555,39.72222222222222,51958,,1980-10-01,1986-09-30,2191,0,none,0,0,False,False
ES3024,3024,Talavera La Vistilla,Tajo,-4.8475,39.94,33859,,2013-10-01,2022-09-30,3287,3287,none,3287,0,True,False
ES3026,3026,Talavera Tejar,Tajo,-4.718055555555556,39.97611111111112,29680,,2014-05-01,2022-09-30,2710,2710,none,2710,0,True,False
ES3030,3030,Ventosa,Tajo,-1.9652777777777777,40.82916666666667,944,,1980-10-01,2022-09-30,15340,6940,none,5113,0,True,False
ES3031,3031,Hoz Seca,Tajo,-1.8855555555555557,40.53138888888889,175,,2010-10-01,2022-09-30,4383,4383,none,4383,0,True,False
ES3034,3034,Orihuela Del Tremedal,Tajo,-1.6322222222222222,40.55138888888889,31,,2010-10-01,2022-09-30,4383,4383,none,4383,0,True,False
ES3040,3040,Santa Maria Del Val,Tajo,-2.0308333333333333,40.49638888888889,116,,2010-10-01,2022-09-30,4383,4383,none,4383,0,True,False
ES3041,3041,Alcantud,Tajo,-2.325833333333333,40.5075,666,,1980-10-01,2022-09-30,15296,6940,none,5113,0,True,False
ES3043,3043,Buendia,Tajo,-2.786388888888889,40.39861111111111,3342,,1980-10-01,1986-09-30,2191,0,none,0,0,False,False
ES3045,3045,Priego (Escabas),Tajo,-2.3113888888888887,40.44361111111111,345,,1981-10-01,2022-09-30,14974,6940,none,5113,0,True,False
ES3046,3046,Pedrezuela-Albala,Tajo,-3.63,40.785,32,,2009-10-01,2022-09-30,4748,4748,none,4748,0,True,False
ES3047,3047,Pedrezuela-Gargüera,Tajo,-3.6688888888888886,40.79,26,,2009-10-01,2022-09-30,4748,4748,none,4748,0,True,False
ES3048,3048,Pedrezuela-Guadalix,Tajo,-3.6911111111111112,40.78833333333333,168,,2010-02-01,2022-09-30,4625,4625,none,4625,0,True,False
ES3049,3049,Matallana,Tajo,-3.330833333333333,41.05305555555555,143,,2010-10-01,2022-09-30,4383,4383,none,4383,0,True,False
ES3050,3050,"Vado, El",Tajo,-3.3005555555555555,41.00277777777778,426,,1980-10-01,1986-09-30,2191,0,none,0,0,False,False
ES3051,3051,Algete,Tajo,-3.55,40.58694444444445,2448,,1980-10-01,2022-09-30,15277,6940,none,5113,0,True,False
ES3052,3052,Mejorada Del Campo,Tajo,-3.5094444444444446,40.39527777777778,7005,,1980-10-01,2022-09-30,15316,6940,none,5113,0,True,False
ES3054,3054,Pesadilla,Tajo,-3.6119444444444446,40.69472222222222,238,,1980-10-01,2022-09-30,13514,6940,none,5113,0,True,False
ES3060,3060,Bujalaro,Tajo,-2.9194444444444443,40.95222222222223,1036,,1980-10-01,2022-09-30,15336,6940,none,5113,0,True,False
ES3061,3061,Humanes,Tajo,-3.1166666666666667,40.839444444444446,2597,,1980-10-01,2022-09-30,15339,6940,none,5113,0,True,False
ES3062,3062,Espinillos,Tajo,-3.4216666666666664,40.46,4031,,1980-10-01,2022-09-30,15290,6940,none,5113,0,True,False
ES3063,3063,Santos De La Humosa,Tajo,-3.279722222222222,40.52916666666667,3553,,2010-10-01,2020-09-30,3653,3653,none,3653,0,True,False
ES3065,3065,Palmaces,Tajo,-2.9408333333333334,41.05,275,,1980-10-01,1986-09-30,2191,0,none,0,0,False,False
ES3066,3066,Alcorlo,Tajo,-3.025555555555556,41.00611111111111,363,,1980-10-01,1991-09-30,1286,0,none,0,0,False,False
ES3067,3067,Beleña,Tajo,-3.181388888888889,40.89138888888889,519,,1980-10-01,2022-09-30,15252,6940,none,5113,0,True,False
ES3069,3069,Santillana,Tajo,-3.818611111111111,40.70722222222223,244,,1980-10-01,1986-09-30,2191,0,none,0,0,False,False
ES3070,3070,Madrid (P.Sindical),Tajo,-3.747777777777778,40.45944444444445,710,,1980-10-01,2022-09-30,15076,6939,none,5112,0,True,False
ES3071,3071,Santillana Manzanares,Tajo,-3.867777777777778,40.72583333333333,56,,2011-10-01,2022-09-30,3653,3653,none,3653,0,True,False
ES3075,3075,Santillana Samburiel,Tajo,-3.922222222222222,40.6975,46,,2011-10-01,2022-09-30,4018,4018,none,4018,0,True,False
ES3080,3080,Masegoso,Tajo,-2.6966666666666668,40.82083333333334,658,,1980-10-01,2022-09-30,15330,6940,none,5113,0,True,False
ES3082,3082,Orusco,Tajo,-3.194444444444444,40.30472222222222,2029,,1980-10-01,2022-09-30,15340,6940,none,5113,0,True,False
ES3100,3100,Villalba,Tajo,-4.005833333333333,40.62805555555556,234,,1983-05-01,2022-09-30,12194,5124,none,5113,0,True,False
ES3101,3101,Cazalegas,Tajo,-4.716666666666667,40.01083333333333,3997,,2013-07-01,2022-09-30,3379,3379,none,3379,0,True,False
ES3102,3102,Bargas,Tajo,-4.035833333333334,39.99361111111112,1353,AR20,1980-10-01,2022-09-30,7670,4383,none,4383,0,True,False
ES3103,3103,Batres,Tajo,-3.945555555555556,40.219722222222224,962,,2010-10-01,2020-09-30,3653,3653,none,3653,0,True,False
ES3111,3111,Burguillo,Tajo,-4.543888888888889,40.42666666666666,1050,,1980-10-01,1986-09-30,2191,0,none,0,0,False,False
ES3112,3112,San Juan,Tajo,-4.31,40.37111111111111,1911,,1980-10-01,1986-09-30,2191,0,none,0,0,False,False
ES3113,3113,"Picadas, Las",Tajo,-4.251111111111111,40.33222222222223,2008,,1980-10-01,1986-09-30,2191,0,none,0,0,False,False
ES3114,3114,Puente Nuevo (C.Del Cura),Tajo,-4.501944444444445,40.424166666666665,1055,,1980-10-01,1986-09-30,2191,0,none,0,0,False,False
ES3115,3115,Cazalegas=Bajo Alberche,Tajo,-4.706111111111111,40.01416666666667,3993,,1980-10-01,1986-09-30,2191,0,none,0,0,False,False
ES3127,3127,Rosarito,Tajo,-5.324166666666667,40.11,1754,,1980-10-01,1986-09-30,2191,0,none,0,0,False,False
ES3128,3128,Torrejon-Tietar,Tajo,-6.022777777777778,39.84,4505,,1980-10-01,1986-09-30,2191,0,none,0,0,False,False
ES3140,3140,Coria,Tajo,-6.526111111111111,39.980555555555554,4015,,1980-12-24,1981-09-30,250,0,none,0,0,False,False
ES3142,3142,Gabriel Y Galan,Tajo,-6.132499999999999,40.22111111111112,1848,,1980-10-01,1986-09-30,2191,0,none,0,0,False,False
ES3143,3143,Valdeobispo,Tajo,-6.2725,40.08638888888889,2449,,1980-10-01,1986-09-30,2191,0,none,0,0,False,False
ES3144,3144,"Villar, El",Tajo,-6.103333333333333,40.17055555555555,386,,1980-10-01,2022-09-30,14974,6940,none,5113,0,True,False
ES3146,3146,"Torno, El",Tajo,-5.945833333333334,40.11138888888889,313,AR42,1980-10-01,2022-09-30,10296,4383,none,4383,0,True,False
ES3147,3147,Galisteo (Jerte),Tajo,-6.2725,39.98166666666667,631,,1980-10-01,2022-09-30,15331,6940,none,5113,0,True,False
ES3148,3148,Borbollon,Tajo,-6.579722222222222,40.125277777777775,329,,1980-10-01,1986-09-30,2191,0,none,0,0,False,False
ES3149,3149,Almoguera,Tajo,-2.968055555555556,40.26138888888889,7880,AR08,2010-10-01,2022-09-30,4383,4383,none,4383,0,True,False
ES3151,3151,Castrejon,Tajo,-4.2877777777777775,39.831944444444446,27482,,1980-10-01,1986-09-30,2191,0,none,0,0,False,False
ES3152,3152,Valdecañas,Tajo,-5.613055555555556,39.778055555555554,36513,,1980-10-01,1986-09-30,2191,0,none,0,0,False,False
ES3153,3153,Valdepeñas De La Sierra,Tajo,-3.4675,40.867777777777775,1620,,1980-10-01,2022-09-30,15331,6940,none,5113,0,True,False
ES3154,3154,Riosequillo,Tajo,-3.6575,40.980555555555554,385,,1980-10-01,1986-09-30,2191,0,none,0,0,False,False
ES3155,3155,Puentes Viejas,Tajo,-3.5727777777777776,40.99305555555556,675,,1980-10-01,1986-09-30,2191,0,none,0,0,False,False
ES3156,3156,"Atazar, El",Tajo,-3.4733333333333336,40.91222222222222,923,,1980-10-01,1986-09-30,2191,0,none,0,0,False,False
ES3157,3157,"Vellon, El",Tajo,-3.625,40.75666666666667,210,,1980-10-01,1986-09-30,2191,0,none,0,0,False,False
ES3158,3158,Huermeces,Tajo,-2.801111111111111,41.061388888888885,419,,1980-10-01,2022-09-30,15189,6940,none,5113,0,True,False
ES3159,3159,Muriel,Tajo,-3.1975,40.98916666666667,439,,1980-10-01,2022-09-30,15324,6939,none,5112,0,True,False
ES3161,3161,Arenas De San Pedro,Tajo,-5.045555555555556,40.15138888888889,730,,1980-10-01,2022-09-30,15233,6940,none,5113,0,True,False
ES3162,3162,Moraleja,Tajo,-6.695833333333334,40.013888888888886,388,,1980-10-01,2022-09-30,14550,6940,none,5113,0,True,False
ES3163,3163,Piedras Albas,Tajo,-6.983611111111111,39.815,887,,1980-11-12,2022-09-30,15009,6940,none,5113,0,True,False
ES3164,3164,Villasequilla De Yepes,Tajo,-3.730277777777778,39.87833333333333,1265,,1980-10-01,2022-09-30,12017,6940,none,5113,0,True,False
ES3165,3165,Valverde De Los Arroyos,Tajo,-3.193888888888889,41.135,284,,2011-07-01,2022-09-30,4110,4110,none,4110,0,True,False
ES3168,3168,Monroy,Tajo,-5.959444444444444,39.66333333333333,787,AR50,1980-10-01,2022-09-30,7142,4383,none,4383,0,True,False
ES3169,3169,Membrio,Tajo,-6.997222222222223,39.57416666666667,2058,,1980-10-01,2022-09-30,15294,6940,none,5113,0,True,False
ES3170,3170,Puentes Viejas Madarquillos,Tajo,-3.584166666666667,41.032777777777774,88,,2011-10-01,2022-09-30,3653,3653,none,3653,0,True,False
ES3171,3171,Puentes Viejas La Nava,Tajo,-3.577777777777777,41.02361111111111,69,,2011-10-01,2022-09-30,3653,3653,none,3653,0,True,False
ES3172,3172,Huete,Tajo,-2.689166666666667,40.17083333333333,430,,1980-10-01,2022-09-30,14328,6940,none,5113,0,True,False
ES3173,3173,"Peraleja, La",Tajo,-2.5475,40.2625,253,,1980-10-01,2022-09-30,13711,6940,none,4995,0,True,False
ES3174,3174,Puente Titulcia,Tajo,-3.580833333333333,40.13666666666666,8890,,2009-10-09,2022-09-30,4740,4740,none,4740,0,True,False
ES3175,3175,Aranjuez (P.Largo),Tajo,-3.608611111111111,40.08416666666667,11549,,1980-10-01,2009-11-20,10223,2243,none,416,0,False,False
ES3176,3176,"China, La",Tajo,-3.683888888888889,40.36277777777778,899,,1980-10-01,1986-09-30,2169,0,none,0,0,False,False
ES3177,3177,Vaciamadrid,Tajo,-3.554722222222222,40.323888888888895,1240,,1980-10-01,2022-09-30,14360,6940,none,5113,0,True,False
ES3179,3179,Navalcarnero,Tajo,-3.9411111111111112,40.29944444444444,798,,1980-10-01,1982-09-30,730,0,none,0,0,False,False
ES3180,3180,San Martin De Valdeiglesias,Tajo,-4.3225,40.41138888888889,629,AR22,1980-10-01,2022-09-30,5113,4383,none,4383,0,True,False
ES3182,3182,Garcibuey,Tajo,-5.946388888888889,40.501666666666665,426,,1980-10-01,2022-09-30,15309,6940,none,5113,0,True,False
ES3183,3183,Escalona,Tajo,-4.401111111111112,40.165,3102,,1980-10-01,2013-05-31,10084,3531,none,1704,0,False,False
ES3184,3184,"Bazagona, La",Tajo,-5.904722222222222,39.93305555555556,4090,,1980-10-01,2022-09-30,14085,6209,none,5113,0,True,False
ES3185,3185,Santibañez El Bajo,Tajo,-6.318333333333333,40.21833333333333,47,,1980-10-01,2022-09-30,14794,6940,none,5113,0,True,False
ES3186,3186,Priego-Trabaque,Tajo,-2.326388888888889,40.42472222222222,361,,1980-10-01,2022-09-30,15334,6940,none,5113,0,True,False
ES3187,3187,"Pardo, El",Tajo,-3.7880555555555553,40.52333333333333,537,,1989-03-26,1999-08-18,3798,0,none,0,0,False,False
ES3188,3188,Aldea Del Fresno,Tajo,-4.218888888888889,40.30777777777777,2577,,2009-10-01,2022-09-30,4748,4748,none,4748,0,True,False
ES3189,3189,Navacerrada,Tajo,-4.003333333333333,40.712500000000006,21,,1980-10-01,1986-09-30,2191,0,none,0,0,False,False
ES3190,3190,"Jarosa, La",Tajo,-4.121944444444444,40.66694444444444,18,,1980-10-01,1986-09-30,2191,0,none,0,0,False,False
ES3191,3191,Navalmedio,Tajo,-4.038333333333333,40.74944444444444,8,,1980-10-01,1986-09-30,2191,0,none,0,0,False,False
ES3193,3193,Torote,Tajo,-3.4202777777777778,40.46944444444445,252,,1980-10-01,2022-09-30,10293,6940,none,5113,0,True,False
ES3194,3194,"Picotejo, El",Tajo,-3.936666666666667,40.49194444444444,366,AR19,1980-10-01,2022-09-30,6651,4383,none,4383,0,True,False
ES3195,3195,"Villar, El",Tajo,-3.5644444444444443,40.947222222222216,725,,1980-10-01,1986-09-30,2191,0,none,0,0,False,False
ES3196,3196,Pinilla,Tajo,-3.775555555555556,40.943888888888885,246,,1980-10-01,1986-09-30,2191,0,none,0,0,False,False
ES3197,3197,Cantos Blancos,Tajo,-4.555555555555555,39.6325,53,,1980-10-01,2010-01-06,9740,2290,none,463,0,False,False
ES3198,3198,Villamantilla,Tajo,-4.136666666666667,40.36972222222222,261,,1980-10-01,2022-09-30,12118,6209,none,5113,0,True,False
ES3200,3200,Sotoserrano,Tajo,-6.014166666666667,40.42444444444444,239,,1980-10-01,2022-09-30,15102,6940,none,5113,0,True,False
ES3201,3201,Molino De Chincha,Tajo,-2.1558333333333333,40.53194444444444,354,,1980-10-01,1986-09-30,2191,0,none,0,0,False,False
ES3203,3203,Azutan,Tajo,-5.088888888888889,39.77444444444444,35069,,1980-10-01,1986-09-30,2191,0,none,0,0,False,False
ES3211,3211,Villarejo De Montalban,Tajo,-4.566944444444444,39.77111111111111,140,,1980-10-01,2022-09-30,14350,6940,none,5113,0,True,False
ES3212,3212,Malpica,Tajo,-4.581944444444444,39.91833333333333,423,,1981-01-01,2022-09-30,13417,6940,none,5113,0,True,False
ES3213,3213,Alcaudete De La Jara,Tajo,-4.8469444444444445,39.77222222222222,196,,1980-10-01,2022-09-30,15333,6940,none,4984,0,True,False
ES3217,3217,Horcajo De Montemayor,Tajo,-5.893888888888888,40.42611111111111,177,,1980-10-01,2022-09-30,14870,6940,none,5113,0,True,False
ES3218,3218,Miranda Del Castañar,Tajo,-6.006666666666667,40.48527777777778,101,,1980-10-01,2022-09-30,15267,6940,none,5113,0,True,False
ES3220,3220,Santa Marta De Magasca,Tajo,-6.116111111111111,39.50083333333333,457,,1980-10-01,2022-09-30,14809,6940,none,5113,0,True,False
ES3221,3221,Bohonal De Ibor,Tajo,-5.519722222222222,39.77166666666667,266,,1980-10-01,2022-09-30,15294,6940,none,5113,0,True,False
ES3222,3222,Peraleda De San Roman,Tajo,-5.419722222222222,39.76055555555556,184,,1980-10-01,2022-09-30,14841,6940,none,5112,0,True,False
ES3223,3223,Talayuela,Tajo,-5.591944444444444,40.01777777777777,421,,1980-10-01,1992-09-30,2778,0,none,0,0,False,False
ES3224,3224,Gargüera,Tajo,-5.915555555555556,40.009166666666665,97,,1980-10-01,2022-09-30,15227,6940,none,5113,0,True,False
ES3225,3225,Madrigal De La Vera,Tajo,-5.3566666666666665,40.14888888888889,90,,1980-10-01,2022-09-30,14587,6940,none,5113,0,True,False
ES3226,3226,Candeleda,Tajo,-5.246111111111111,40.155277777777776,62,,1980-10-01,2022-09-30,15237,6940,none,5113,0,True,False
ES3227,3227,Butarque,Tajo,-3.659444444444445,40.32777777777778,68,,1980-10-01,1981-03-10,161,0,none,0,0,False,False
ES3228,3228,Peguerinos,Tajo,-4.218333333333334,40.60361111111112,56,,1980-10-01,2022-09-30,14163,6940,none,5113,0,True,False
ES3229,3229,Losar De La Vera,Tajo,-5.581944444444444,40.11027777777778,71,,1980-10-01,2022-09-30,14467,6940,none,5113,0,True,False
ES3230,3230,Villamejor,Tajo,-3.869166666666666,39.90833333333333,1266,,1980-10-01,2022-09-30,15104,6940,none,4890,0,True,False
ES3231,3231,Navaluenga,Tajo,-4.704444444444444,40.4075,698,,1980-10-01,2022-09-30,14768,6940,none,5113,0,True,False
ES3232,3232,Villaseca,Tajo,-3.8305555555555553,39.95555555555556,430,,1980-10-01,2022-09-30,15178,6940,none,5113,0,True,False
ES3233,3233,Valdecaba Baja,Tajo,-3.8922222222222222,39.89111111111111,256,,1982-10-01,2022-09-30,13868,6940,none,5113,0,True,False
ES3234,3234,Jaraiz De La Vera,Tajo,-5.7138888888888895,40.005833333333335,224,,1980-10-01,2022-09-30,14631,6940,none,5113,0,True,False
ES3235,3235,Nuñomoral,Tajo,-6.189722222222223,40.38361111111111,109,,1980-10-01,2022-09-30,14899,6881,none,5113,0,True,False
ES3236,3236,"Ladrillar, El",Tajo,-6.143611111111111,40.42361111111111,73,,1980-10-01,2022-09-30,14926,6940,none,5113,0,True,False
ES3237,3237,Romanones,Tajo,-3.0238888888888886,40.54472222222222,247,,1980-10-01,2022-09-30,13437,6940,none,5113,0,True,False
ES3238,3238,Huelaga,Tajo,-6.634166666666666,40.05694444444444,469,,1981-10-01,2022-09-30,14664,6940,none,5113,0,True,False
ES3239,3239,Puente De La Barca,Tajo,-3.7222222222222223,39.98166666666667,21047,,1983-03-25,1986-09-30,1286,0,none,0,0,False,False
ES3240,3240,Bejar,Tajo,-5.789166666666667,40.38666666666666,100,,1980-10-01,2022-09-30,15324,6940,none,5113,0,True,False
ES3241,3241,"Rinconada, La",Tajo,-3.3916666666666666,40.47361111111111,90,,1980-10-01,1991-02-21,3066,0,none,0,0,False,False
ES3242,3242,Casar De Palomero,Tajo,-6.264444444444444,40.30277777777778,188,AR40,1980-10-01,2022-09-30,10175,4383,none,4383,0,True,False
ES3243,3243,Mingorrubio,Tajo,-3.791111111111111,40.53111111111111,535,,1985-04-01,2011-05-31,9557,2800,none,973,0,False,False
ES3244,3244,Campillo De Deleitosa,Tajo,-5.5841666666666665,39.723888888888894,120,,1980-10-01,2022-09-30,15337,6940,none,5113,0,True,False
ES3245,3245,Hernan-Perez,Tajo,-6.441666666666667,40.21555555555556,52,,1980-10-01,2022-09-30,15340,6940,none,5113,0,True,False
ES3246,3246,Ayuela,Tajo,-6.487777777777778,39.33444444444444,252,,1982-11-09,2022-09-30,13860,6940,none,5113,0,True,False
ES3248,3248,Fuentidueña,Tajo,-3.15,40.10916666666667,8528,,2010-01-22,2020-09-30,3905,3905,none,3905,0,True,False
ES3249,3249,Jabalera,Tajo,-2.7741666666666664,40.28777777777778,84,,1980-10-01,2022-09-30,8764,4813,none,4813,0,True,False
ES3250,3250,Trujillo,Tajo,-5.925833333333333,39.4575,231,,1983-10-01,2022-09-30,14197,6940,none,5113,0,True,False
ES3251,3251,"Pueblanueva, La",Tajo,-4.705,39.91861111111111,223,,1980-10-01,2022-09-30,14263,6940,none,5113,0,True,False
ES3252,3252,Guajaraz,Tajo,-4.087222222222222,39.79972222222222,375,,1980-10-01,1986-09-30,2191,0,none,0,0,False,False
ES3253,3253,Alcantara,Tajo,-6.993055555555555,39.57305555555556,208,,1981-10-01,2006-11-02,8152,1129,none,0,0,False,False
ES3254,3254,Aragosa,Tajo,-2.728055555555556,40.96138888888889,263,,1980-10-01,2022-09-30,15309,6940,none,5113,0,True,False
ES3255,3255,Torre Del Burgo,Tajo,-3.081111111111112,40.79694444444444,333,,1980-10-01,2022-09-30,15218,6940,none,5113,0,True,False
ES3256,3256,Aldeanueva De Barbarroya,Tajo,-5.058055555555556,39.74138888888889,377,,1980-10-01,2022-09-30,14350,6787,none,5113,0,True,False
ES3258,3258,Embocador,Tajo,-3.5613888888888887,40.04416666666666,9312,,1980-10-01,2022-09-30,12911,4721,none,4721,0,True,False
ES3259,3259,Villarubia De Santiago,Tajo,-3.366111111111111,40.03861111111111,9048,,1980-10-01,2022-09-30,14642,6940,none,5113,0,True,False
ES3260,3260,Villanueva De La Vera,Tajo,-5.401111111111112,40.13777777777778,54,,1981-10-01,2022-09-30,14919,6940,none,5113,0,True,False
ES3261,3261,Majada,Tajo,-5.436388888888889,40.056666666666665,395,,1981-10-01,2022-09-30,14138,6940,none,5113,0,True,False
ES3262,3262,Getafe,Tajo,-3.5972222222222223,40.30361111111111,152,,1980-10-01,2000-09-30,6610,0,none,0,0,False,False
ES3263,3263,"Pardo, El",Tajo,-3.7891666666666666,40.53888888888888,520,,1980-10-01,1986-09-30,2191,0,none,0,0,False,False
ES3264,3264,Guadiloba-Caceres,Tajo,-6.2988888888888885,39.48805555555556,135,,1980-10-01,1986-09-30,2191,0,none,0,0,False,False
ES3265,3265,Torrejoncillo,Tajo,-6.613611111111111,39.86972222222222,35,,1982-10-01,2022-09-30,13746,6940,none,5113,0,True,False
ES3266,3266,Camarenilla,Tajo,-4.051388888888889,40.02611111111111,94,,1980-10-01,2022-09-30,15317,6940,none,5013,0,True,False
ES3268,3268,Taravillas,Tajo,-1.9661111111111111,40.67972222222222,206,,1982-10-01,2022-09-30,14610,6940,none,5018,0,True,False
ES3269,3269,Cereceda,Tajo,-2.651388888888889,40.63472222222222,105,,2008-03-17,2022-09-30,5310,5310,none,5015,0,True,False
ES3270,3270,Pareja,Tajo,-2.6566666666666667,40.55555555555555,117,,1980-10-01,2007-02-15,8003,1234,none,0,0,False,False
ES3271,3271,Pastrana,Tajo,-2.913611111111111,40.359722222222224,625,,1984-03-01,2022-09-30,6150,4110,none,4110,0,True,False
ES3273,3273,Velilla De San Antonio,Tajo,-3.4827777777777778,40.36388888888889,238,,1980-10-01,2022-09-30,14036,6940,none,5113,0,True,False
ES3274,3274,Alcobendas,Tajo,-3.6197222222222223,40.53833333333333,25,,1980-10-01,1985-09-30,1567,0,none,0,0,False,False
ES3275,3275,Barajas,Tajo,-3.5616666666666665,40.49916666666667,36,,1980-10-01,1994-09-30,4692,0,none,0,0,False,False
ES3276,3276,Torrejon,Tajo,-6.025277777777777,39.80305555555555,158,,1984-12-12,2022-09-30,13779,6940,none,5113,0,True,False
ES3278,3278,Valencia De Alcantara,Tajo,-7.206666666666667,39.46638888888889,169,,1986-10-01,2022-09-30,13060,6940,none,5113,0,True,False
ES3279,3279,Trujillo,Tajo,-5.91,39.605555555555554,260,,1989-10-01,2022-09-30,12009,6940,none,5113,0,True,False
ES3280,3280,Cilleros,Tajo,-6.895277777777777,40.11388888888889,89,,1985-06-14,2022-09-30,13296,6940,none,5113,0,True,False
ES3281,3281,"Batan, El",Tajo,-6.42,39.97861111111112,160,,1984-10-06,2022-09-30,12728,6940,none,5113,0,True,False
ES3283,3283,Acebo,Tajo,-6.693611111111111,40.18,48,,1982-10-01,2022-09-30,13886,6940,none,5113,0,True,False
ES3284,3284,Cañaveral,Tajo,-6.430833333333334,39.765277777777776,19,,1983-10-07,2022-09-30,13219,6940,none,5113,0,True,False
ES3285,3285,Cedillo,Tajo,-7.540277777777778,39.66416666666667,57964,,1980-10-01,1986-09-30,2191,0,none,0,0,False,False
ES3500,3500,Gargoles De Abajo,Tajo,-2.6283333333333334,40.73361111111111,41,,2016-10-01,2022-09-30,2191,2191,none,2191,0,True,False
ES3501,3501,Abanades,Tajo,-2.4869444444444446,40.89083333333333,351,,2016-10-01,2022-09-30,2191,2191,none,2191,0,True,False
ES3502,3502,Pozo Del Rey,Tajo,-5.468333333333334,40.068333333333335,2456,,2016-10-01,2022-09-30,2191,2191,none,2191,0,True,False
ES3503,3503,Alameda Del Valle,Tajo,-3.8425,40.91444444444444,157,,2017-05-01,2022-09-30,1979,1979,none,1979,0,True,False
ES3504,3504,"Atazar-Riato, El",Tajo,-3.4905555555555554,40.95972222222223,72,,2019-10-01,2022-09-30,1096,1096,none,1096,0,False,False
ES3904,3904,Toledo,Tajo,-3.990833333333333,39.87222222222222,24788,,1980-10-01,2010-01-21,10674,2305,none,478,0,False,False
ES3940,3940,Galisteo,Tajo,-6.304444444444444,39.98222222222223,2672,,1981-10-01,2022-09-30,14903,6940,none,5113,0,True,False
