gauge_id,X1,X2,X3,X4,CTG,Kf,snow_calibrated,intermittent,zero_days_per_year_obs_cal,q0_m3s,zero_frac_obs_test,zero_frac_sim_test,n_evals,seconds,cal_n_days,cal_NSE,cal_KGE,cal_r,cal_alpha,cal_beta,cal_PBIAS,cal_logNSE,cal_peak_err_pct,test_n_days,test_NSE,test_KGE,test_r,test_alpha,test_beta,test_PBIAS,test_logNSE,test_peak_err_pct
ES1105,37.32210585177076,3.261238751060251,47.31270318307948,1.9999999901477536,0.25,3.74,False,False,0.0,0.001,,,6977,51.2,5039,0.6146227455886495,0.6822107125659764,0.784209564689168,0.7670851130354075,1.0132353566803909,1.32353566803908,0.6204856371305505,-43.61642781209907,0,,,,,,,,
ES1106,71.47350507735118,2.6232210235787248,46.41660177851653,1.5314881957023478,0.9103191452533916,8.190948462058444,True,False,0.0,0.001,,,8718,62.5,5067,0.7428367765619285,0.836409289504929,0.8633032398874688,0.9115151951090156,1.0156957203856225,1.5695720385622354,0.622221854740806,-24.738101731012215,0,,,,,,,,
ES1163,23.019677650750232,1.3258079916295828,22.964141517932376,1.0048773799019142,0.8738210458617544,8.486201692766938,True,False,0.0,0.001,,,10652,78.5,5095,0.6579449407958247,0.7152808600499281,0.8115287443475278,0.7868250050428329,0.990000201416986,-0.9999798583014018,0.6740752646386687,-40.447611265234514,0,,,,,,,,
ES1164,32.669013828788906,3.808367785722784,48.61600562861882,0.9999999923563282,0.6542955406918342,9.99371157636423,True,True,1.7,0.9185973355897488,,,9505,64.8,3452,0.4314121613578454,0.3517354438509883,0.7165110559693644,0.4384009154148368,0.8435154270716216,-15.648457292837836,0.2119424306317143,-65.86614826134696,0,,,,,,,,
ES1186,21.81469972798638,0.8526433115846996,16.30042063481376,0.999999993633189,0.25,3.74,False,False,0.0,0.001,,,5403,40.5,4790,0.5723115860125502,0.6296888389521775,0.7575012428361252,0.723234224314219,0.9584618948480992,-4.153810515190076,0.6101991312095763,-47.15944954167259,0,,,,,,,,
ES1196,10.145209830292332,2.035344626004888,18.607043933974865,1.6842512751313117,0.4558306313105072,10.0,True,False,0.0,0.001,,,9784,77.6,4901,0.5571734769445411,0.5293854588778882,0.7662762325169238,0.5966960234030759,0.9352145904527844,-6.478540954721556,0.5636872756990857,-58.25022778961122,0,,,,,,,,
ES1207,20.76033846214468,0.6633589088271762,14.6024581434424,1.1274701465497234,0.5635341108009643,10.0,True,False,0.0,0.001,,,9884,70.9,4292,0.5768837543024548,0.690843937061437,0.7607789506605963,0.8042669942733425,1.0062730593680906,0.6273059368090841,0.6260461363212944,-45.680673717454,0,,,,,,,,
ES1215,24.226174887346524,0.5363785367098445,12.193197127387668,1.4858018623266736,0.3997331930016725,10.0,True,True,6.5,0.360656248248112,,,8618,61.1,2072,0.5324341176441245,0.6447707862796501,0.7308143810777893,0.7696190760210687,0.9744749786981812,-2.5525021301818622,0.5929788002510255,-52.22298400654351,0,,,,,,,,
ES1237,31.477965217765902,1.2006710892037484,20.163277548668447,1.4470547262140971,0.5146017144229376,10.0,True,False,0.0,0.001,,,10787,86.2,4888,0.5621780444508376,0.5968822404692345,0.7532342349697766,0.6812358908482161,1.0001672567553297,0.0167256755329669,0.5249550697637175,-49.279754523774095,0,,,,,,,,
ES1252,69.73805236372853,0.1845295079010049,18.366678023709746,1.1386779033910344,0.8795953858689093,10.0,True,False,0.0,0.001,,,11285,73.7,2184,0.508635235927472,0.6793107833505331,0.7227078072960493,0.8393861372687184,1.012401638569997,1.240163856999692,0.3470604798235065,-29.878554618852345,0,,,,,,,,
ES1264,157.55141714234523,-5.876163322419348,52.58879884987489,1.2481007756311222,0.4503015509157734,7.205288013020546,True,False,0.1,0.001,,,8860,62.4,5038,0.451822129046152,0.6950154584646444,0.707097711756888,0.9246962225062156,1.0394101663615696,3.94101663615696,0.4393360697191028,-26.905645688913552,0,,,,,,,,
ES1265,143.8918959428873,-5.296872146347911,93.024075045051,1.1992423496773308,0.0044905635009659,10.0,True,False,0.0,0.001,,,11413,79.1,5030,0.566461208481416,0.7762598751055719,0.7784758232520685,0.9764763442346408,1.0208163451008665,2.081634510086647,0.707242617933058,-36.80014546107783,0,,,,,,,,
ES1268,122.8046374486652,-1.452516817173787,42.99381388921998,1.2045083532644627,0.0357337131136991,10.0,True,False,0.0,0.001,,,9379,68.7,5000,0.505287546436567,0.7148481085469237,0.7324542126606499,0.9073348011707636,1.0338232730848498,3.382327308484983,0.5447268281028117,-39.47358390639805,0,,,,,,,,
ES1274,49.08478537015744,1.3705927224937773,26.38562098073592,1.3633518752863338,0.003036440795089,4.523158161139242,True,False,0.0,0.001,,,8362,61.2,4888,0.5088234786438133,0.6870460008707073,0.7248101025217683,0.8522869896015746,1.019788695155878,1.9788695155878124,0.5518013553094432,-39.8590987444389,0,,,,,,,,
ES1276,83.60164744056932,1.8701011066909332,42.172474310838105,1.2315689852556533,0.0123491609425985,5.297987408948634,True,False,0.0,0.001,,,8532,74.8,4677,0.5791903277078341,0.7546449176486651,0.7733112098042125,0.9089148839087672,1.0226894350270603,2.2689435027060503,0.5636973892369566,-32.28725932169751,0,,,,,,,,
ES1285,88.30134243986642,0.5707668003027446,33.513391284796825,1.3130926352653889,0.4686190255088046,1.5467895557603062,True,False,0.0,0.001,,,6300,49.7,4992,0.4782064062655671,0.6956799803732499,0.7148605902627807,0.8955952393124812,1.0201454040941766,2.014540409417671,0.3815646279485267,-35.662217769715824,0,,,,,,,,
ES1293,53.69568823524491,2.014382027720907,33.11506981075639,1.285544515237482,0.0540498195829515,10.0,True,False,0.0,0.001,,,10645,80.1,4476,0.6107856703850396,0.7273275635470392,0.7834078651808359,0.8355884749253831,1.020173129611184,2.0173129611184084,0.6434543750506958,-35.85072099927076,0,,,,,,,,
ES1294,109.4834481143808,0.0599732838695209,28.120434941042586,1.3389867636986983,0.4849818300238224,10.0,True,False,0.0,0.001,,,10389,73.3,3905,0.5897182878732797,0.7575832777384454,0.7783211747376247,0.9043555667379264,1.0218290643021122,2.182906430211207,0.4566893992735127,-31.87162674065573,0,,,,,,,,
ES1295,43.019752540076205,1.8585276194461529,28.813441444969847,1.3063132976705687,0.0113109641316133,10.0,True,False,0.0,0.001,,,11548,88.5,4586,0.6071680817731548,0.7278766394367879,0.7814932210097221,0.8391917123789931,1.0211330436025985,2.1133043602598462,0.588052904877068,-37.818458639763776,0,,,,,,,,
ES1296,33.92256292137664,3.129773386590688,37.02196920708518,0.999999991004452,0.8852642864502442,9.99996954245856,True,False,0.0,0.001,,,13359,81.9,3982,0.5220131457000543,0.551884569555637,0.7272599416580399,0.6448326793552077,0.983372494956844,-1.6627505043155977,0.5080116387036817,-54.81385302235036,0,,,,,,,,
ES1302,75.30964943269029,0.1530948252979382,30.68493700517565,1.388157980283263,0.6469749591089192,10.0,True,False,0.0,0.001,,,9877,76.9,4924,0.6625030438045232,0.7847139971428171,0.8171652885835569,0.8885777400937901,1.022463555481756,2.246355548175596,0.5324390697895396,-29.69066139698468,0,,,,,,,,
ES1303,67.96024009107292,0.2598504908140691,28.62357173891049,1.3013143272598509,0.6310276537789535,10.0,True,False,0.0,0.001,,,9884,73.8,5071,0.6522474405208347,0.7592890224655866,0.8090820249372317,0.85572645168764,1.026023926699601,2.602392669960114,0.5337656085798892,-35.43840790971302,0,,,,,,,,
ES1305,186.6039945379492,-1.4162170167837311,34.6897378453465,1.259296039461383,0.25,3.74,False,False,0.0,0.001,,,6671,52.1,3254,0.6474543259557677,0.800490425915005,0.8137538777107904,0.9340847222872368,1.0277781973471678,2.777819734716787,0.5717151745998215,-35.374991587065324,0,,,,,,,,
ES1335,69.15132741663611,1.7585288582676184,40.43055252355551,1.9999999896354583,0.002152386449236,9.999974814657715,True,False,0.0,0.001,,,10578,79.4,4910,0.5551689597465218,0.6877648108308085,0.7484094573890661,0.8167397400602472,1.024671630490725,2.467163049072504,0.4695394060183467,-33.77433823700685,0,,,,,,,,
ES1339,48.79931201819818,1.0318501374191804,24.09478531289602,1.99999998770498,0.0351145437443318,9.99997392176245,True,False,0.0,0.001,,,11355,83.4,3271,0.4975093513692844,0.5744956413115003,0.7054551385419413,0.6929251832301133,1.0015299533668849,0.1529953366884988,0.4731402741494964,-53.50730281770908,0,,,,,,,,
ES1342,102.47660123875929,-1.3576410732017925,17.454955820878304,1.314320279919421,0.25,3.74,False,False,0.0,0.001,,,5258,34.7,2086,0.4688192549365614,0.642458013088437,0.6956694668867988,0.8174584448412119,1.0435635129427616,4.35635129427616,0.478953970489115,-52.369823600213735,0,,,,,,,,
ES1343,90.23392512504316,-0.1503138566209196,23.465552010970416,1.7228020477403585,0.25,3.74,False,False,0.0,0.001,,,4618,37.3,5090,0.5343776666022375,0.6426139346097358,0.7320054837561367,0.7665632014697349,1.0375632811438549,3.756328114385489,0.3700014640799426,-51.13112525586671,0,,,,,,,,
ES1353,203.75265534714976,1.7260766866209032,98.82718703059584,1.2051186533809757,0.0016740607463403,10.0,True,False,0.0,0.001,,,12053,90.6,4972,0.8482213781018005,0.9184671666586232,0.9225651448168428,0.9760241365014488,1.0087523759594212,0.8752375959421277,0.8354212566590908,-9.936588877578169,0,,,,,,,,
ES1358,102.52283223488544,-4.667134208576089,31.87053123708369,1.8914988081600528,0.0735159586977372,10.0,True,False,0.0,0.001,,,10133,75.3,4972,0.5525552063355471,0.698968555962588,0.7490288230545724,0.8394118552516474,1.0429516752660308,4.295167526603088,0.1242073281667145,-35.897368139411896,0,,,,,,,,
ES1359,148.4610709926438,2.388326056626652,183.90299113344028,1.365778672949027,0.0037172050349262,10.0,True,False,0.0,0.001,,,12821,93.3,4342,0.7973197720788445,0.892557268436199,0.8963010071701223,0.9735247142443372,1.0094614320330475,0.9461432033047776,0.6957018626096048,-14.93203256573192,0,,,,,,,,
ES1363,79.67571709012927,1.0692297174909695,27.234556470614525,1.2887340985037794,0.0006743548265714,10.0,True,False,0.0,0.001,,,10901,78.3,3794,0.4861218499237006,0.6410837789686974,0.7039796637127055,0.7993480466338785,1.0305222514586938,3.052225145869392,0.5884834131256578,-44.71413108398314,0,,,,,,,,
ES1365,30.769208234891003,2.6347435856538595,28.917039480291603,1.758672911754671,0.0483512040865133,10.0,True,False,0.0,0.001,,,10652,73.3,1826,0.4837741138063391,0.5610869841373816,0.6960498834777016,0.6854064454586009,0.964085412424642,-3.591458757535809,0.4757005283426739,-51.51346803867146,0,,,,,,,,
ES1367,87.8942038564195,1.9788402160174183,50.668736215885055,1.3823601893981343,0.0014034426938817,10.0,True,False,0.0,0.001,,,10908,78.8,2494,0.6488520567495144,0.7906229942445997,0.811805316364255,0.9110387526463444,1.022525276016521,2.2525276016521345,0.6137211558284786,-31.693605026447457,0,,,,,,,,
ES1368,100.64623488080426,0.236457357343153,61.21542318930791,1.4822612008681788,0.006261238744547,10.0,True,False,0.0,0.001,,,10922,91.7,2314,0.6925137577351443,0.8361757774786268,0.8410342034534998,0.9624424480866592,1.012557137705138,1.2557137705138235,0.706577915843543,-22.488216392220103,0,,,,,,,,
ES1369,73.74158438193437,1.2506440232524376,27.966608360950413,1.5955044411295385,3.512683740158895e-06,10.0,True,True,4.2,1.7723681420829434,,,10147,71.9,2191,0.4986599493130994,0.6822202226883729,0.7189515830077593,0.8531696511429734,1.020895521742869,2.089552174286909,0.5798096336941838,-43.09041365784479,0,,,,,,,,
ES1378,100.22835932607488,-0.3424581626167491,48.7692799504159,1.4115456039927534,0.2392528409878309,10.0,True,False,0.0,0.001,,,8469,61.3,4878,0.6704249704379559,0.795781878412137,0.8228518042378596,0.9025527771837414,1.0287679802643852,2.876798026438527,0.4353209837059473,-36.35990856035637,0,,,,,,,,
ES1395,99.3709691071418,1.5419058788430386,46.80705739315114,1.5097875320122645,0.7698570055289101,8.070710615858301,True,False,0.0,0.001,,,7822,58.3,4852,0.6335922846655537,0.7436239490602108,0.7976978881681568,0.8459678062546478,1.0328118627001286,3.2811862700128565,0.5327162283047937,-34.48845160665201,0,,,,,,,,
ES1398,13.798152076742648,0.363385248394777,52.56326444661816,1.3065916405244515,0.25,3.74,False,False,0.0,0.001,,,4116,28.3,4291,0.1986862377745716,0.1494353172212364,0.4614107031342537,0.3423497643791917,1.0296313428668864,2.963134286688627,0.2958638011529139,-57.45372618652876,0,,,,,,,,
ES1402,262.1588750588209,2.86585213446867,119.9101183973563,1.1436043139868854,0.0267161363900718,8.060028201155848,True,False,0.0,0.001,,,11534,80.4,4912,0.833544135705274,0.9168241606510992,0.91682702577943,1.0006580121225468,0.9997911202615536,-0.0208879738446643,0.9000097292345137,-11.727185848976251,0,,,,,,,,
ES1404,418.1967281237479,4.391046817692649,205.67711184929524,1.172426610236783,0.0419856495289305,10.0,True,False,0.0,0.001,,,14485,105.2,4237,0.846055639659083,0.9222061879794786,0.922543573564066,0.993409169256294,1.0029900071181852,0.2990007118185121,0.8201779097214139,-5.602880802958356,0,,,,,,,,
ES1414,22.219176083930915,1.6371560049721643,121.11830538427591,1.08598816584976,0.25,3.74,False,False,0.0,0.001,,,5514,38.2,4112,0.5571131187926945,0.7333796724248742,0.7584709658218902,0.8915824377836788,1.031555616430788,3.155561643078808,0.6144868986870415,-35.908639163373905,0,,,,,,,,
ES1424,255.10578976780732,0.4070222591539585,142.88700592748674,1.2586986919404657,0.25,3.74,False,False,0.0,0.001,,,6922,52.0,5106,0.827231368540636,0.9052146694169394,0.911347011474411,0.968388386360482,1.0112076938898118,1.1207693889811865,0.8862812482673559,-13.477955794700073,0,,,,,,,,
ES1426,224.93069499197523,0.7812867362813114,96.32917991929098,1.7271317301903095,0.25,3.74,False,False,0.0,0.001,,,5642,40.4,4007,0.8256695507208417,0.8852657021941943,0.9091125725879908,0.9333978641551508,1.0216238325077298,2.1623832507729785,0.7666750388260078,-18.08290905048096,0,,,,,,,,
ES1427,197.93137962973287,1.2918510627737525,69.56627244288795,1.999999892205032,0.25,3.74,False,False,0.0,0.001,,,6967,50.1,5014,0.7524547207189168,0.8504940560152878,0.8696142352144262,0.9295604618500908,1.019744647205468,1.9744647205468264,0.8156229366054069,-18.339278484908583,0,,,,,,,,
ES1430,166.16754373008487,0.0613488110061864,17.797261132669625,1.1936534248227642,0.25,3.74,False,False,0.0,0.001,,,5007,30.0,2129,0.436717065468864,0.5769102641405687,0.6654298497960207,0.7424488336158381,1.0271133892431,2.711338924310005,0.735489586479932,-45.3164812288838,0,,,,,,,,
ES1431,189.02010884752616,2.887692882898956,103.13931850636288,0.8483917029541826,0.25,3.74,False,False,0.0,0.001,,,6794,48.7,5091,0.6961930574535611,0.8360148231314819,0.8423396028642711,0.9572113630746302,1.0142642895957803,1.4264289595780364,0.7536145207783943,-30.74892674243232,0,,,,,,,,
ES1433,529.771111922042,1.5952478189916892,63.98184758116036,1.0553667790923735,0.25,3.74,False,False,0.0,0.001,,,8079,58.9,5113,0.7137502654024107,0.8532031579290208,0.8544533454842375,0.982122565162103,1.0067735902517074,0.6773590251707359,0.7529815984870034,-27.670767107633957,0,,,,,,,,
ES1435,262.02339305667874,-0.6263244459544918,58.91070648791639,1.5265756939539117,0.25,3.74,False,False,0.0,0.001,,,6804,42.7,5018,0.592257790557092,0.7662527506846134,0.7821002835523978,0.9204307313300716,1.0287440710042397,2.8744071004239657,0.427453452968265,-32.58842754239997,0,,,,,,,,
ES1438,330.94194100228515,3.1561968661927624,77.52896646641524,0.9999999909592364,0.25,3.74,False,False,0.0,0.001,,,9562,65.8,5044,0.7110636885580679,0.8426177663584147,0.8499048148205461,0.95521565668064,1.015328582628988,1.5328582628987966,0.8126725272049917,-29.83526946117879,0,,,,,,,,
ES1440,33.24332748213503,2.9318415574359142,35.73702235925779,0.5003597658952783,0.25,3.74,False,False,0.0,0.001,,,6410,48.4,4995,0.58830020970038,0.6255334472893987,0.7697971842822806,0.7054908469775049,0.9777239698202804,-2.2276030179719744,0.6287597060485487,-54.719910966401805,0,,,,,,,,
ES1441,77.92653939195334,2.7009130235472827,42.84952292783184,1.277864371623414,0.25,3.74,False,False,0.0,0.001,,,6287,44.5,5054,0.8073101174845059,0.8869411752132345,0.8997840820456905,0.9477210388223498,1.0024449680826968,0.2444968082696714,0.8182607087495759,-14.20279361891082,0,,,,,,,,
ES1443,82.66144984619109,2.4166467078318994,47.09369782401872,1.1662888676129657,0.25,3.74,False,False,0.0,0.001,,,5386,42.0,5112,0.7535183181235642,0.8149379832110019,0.8681384321901009,0.8714245726667258,1.0181338489789875,1.8133848978987748,0.7914704095702034,-37.046689360179165,0,,,,,,,,
ES1445,579.1163280901981,4.42244500333448,100.28285517953664,1.078573769243908,0.25,3.74,False,False,0.0,0.001,,,7946,70.1,5003,0.8089286475827933,0.8965559069274607,0.9019635461883516,0.9689560872184034,1.0112164876340728,1.1216487634072765,0.8244087022159785,-24.05675275810721,0,,,,,,,,
ES1446,172.1455017400967,1.5446358961106388,87.80417184338222,1.272349386547758,0.25,3.74,False,False,0.0,0.001,,,6548,51.8,5077,0.830875013049934,0.8979498250080244,0.9123691007277948,0.950119219340982,1.015715324670028,1.5715324670028,0.8098918851057103,-20.67916754673701,0,,,,,,,,
ES1449,83.77740237585935,3.459330474746049,62.04674482940802,1.116664782778922,0.25,3.74,False,False,0.0,0.001,,,7060,50.3,5070,0.7308706192087131,0.8145056117037648,0.8554981885429213,0.884979702273946,1.017254729381455,1.7254729381454608,0.8187849637920372,-35.663488851840825,0,,,,,,,,
ES1455,340.06241919460626,5.0,134.83600051386497,1.2982894619823675,0.25,3.74,False,False,0.0,0.001,,,7951,59.0,4922,0.6405576002738383,0.7982037884380855,0.809839616605491,0.933126465545474,0.9905835262675672,-0.9416473732432752,0.2013460463395907,-29.286234371461784,0,,,,,,,,
ES1458,242.3116880956072,5.0,211.9965756592074,1.1813982992709386,0.25,3.74,False,False,0.0,0.001,,,7567,54.7,3353,0.6874408870185329,0.810888879608221,0.8331692440856022,0.9133087138180458,1.0203748775943091,2.0374877594309355,0.4792844376974665,-29.191637167777117,0,,,,,,,,
ES1464,173.16884177568787,1.5787037039606338,41.31662742884885,1.1614875006688583,0.25,3.74,False,False,0.0,0.001,,,7050,51.9,5101,0.7679446992138017,0.8551761249947204,0.8775979946227226,0.9239255458364986,1.0142961979173175,1.4296197917317512,0.8761192030102413,-32.35123287666798,0,,,,,,,,
ES1469,454.1655317307225,2.5676870588950464,160.92758370433486,1.051920157842973,0.25,3.74,False,False,0.0,0.001,,,7823,53.4,5037,0.8012813367448779,0.8951412843887834,0.8984675202360753,0.9753005436278008,1.0087431486056262,0.8743148605626251,0.8637699764496477,-21.655903021105004,0,,,,,,,,
ES1470,235.6835644864188,-1.011833758809433,437.3706580474905,1.2383119678688022,0.25,3.74,False,False,0.0,0.001,,,7050,47.9,2918,0.890545840211546,0.9451569536460104,0.945187085393,0.9984056141623664,1.0008729601779702,0.0872960177970157,0.9164746567935316,-10.259877910598451,0,,,,,,,,
ES1473,631.7139105792262,2.234483254226371,85.80917360271687,1.4315180067114597,0.25,3.74,False,False,0.0,0.001,,,6169,39.3,2454,0.6084454918727938,0.7912352777583065,0.7962631211880647,0.9559075910036352,1.011395303134165,1.1395303134164931,0.0980995086691076,-28.72565575972416,0,,,,,,,,
ES1483,476.9422273011045,0.6466892461286641,118.95602642970968,1.2654241496181262,0.25,3.74,False,False,0.0,0.001,,,6538,43.9,4792,0.797429600787833,0.8975237638760741,0.8979067950905695,0.9917195737727764,1.0031290610321877,0.3129061032187601,0.8457615904360151,-17.97141917642479,0,,,,,,,,
ES1485,495.4095148898954,2.018623630521317,104.6145789104942,1.2308824141865986,0.25,3.74,False,False,0.0,0.001,,,8330,69.4,4966,0.8544344725472739,0.9273736851635224,0.9274600744541732,1.003264046334948,0.998626387952746,-0.137361204725393,0.8702559161757656,-11.629832385481643,0,,,,,,,,
ES1497,29.49671560404317,5.0,299.8397936299204,1.075636347980084,0.25,3.74,False,False,0.0,0.001,,,8847,62.7,2978,0.8290671220289076,0.910101460456238,0.916156461014658,1.0134602278766371,0.9704901601491336,-2.9509839850866437,0.8498071754180612,-10.408819516823373,0,,,,,,,,
ES1506,75.61138374761295,4.495523097672783,66.59852617645365,0.9999999803896038,0.25,3.74,False,False,0.0,0.001,,,8904,67.6,4864,0.7669204227958129,0.8744844051698384,0.8797803972980169,0.9639861186741956,0.997899518246325,-0.2100481753675097,0.8307639122237402,-24.882825020395064,0,,,,,,,,
ES1512,111.27973572497586,4.019408599438208,65.96550397248625,1.0956574485536996,0.25,3.74,False,False,0.0,0.001,,,7306,51.0,4959,0.8215403451410077,0.9032400164030692,0.9084007732911408,0.9688276024389666,1.0005980989167294,0.0598098916729279,0.8131455056509344,-14.938479063789522,0,,,,,,,,
ES1514,312.0383878195191,5.0,77.22027513521553,6.391898988081072,0.25,3.74,False,False,0.0,0.001,,,8330,63.5,4998,0.4960113670067989,0.7475993384902807,0.7484147067583842,1.000785199845423,0.9797437018121078,-2.0256298187892168,0.4449229661204543,-35.048986328163934,0,,,,,,,,
ES1520,345.7367870083995,3.2221937975543624,111.79626008109496,1.1743208200392452,0.25,3.74,False,False,0.0,0.001,,,9231,67.0,5090,0.8964447084868237,0.9455722302074738,0.9476028402051258,0.9861705319945724,1.0050661212683356,0.5066121268335659,0.9195467337573378,-14.29699751569029,0,,,,,,,,
ES1522,255.06425745053983,3.451384444486833,130.5240414594434,1.1589175951187924,0.25,3.74,False,False,0.0,0.001,,,8074,64.1,5006,0.8862098293081039,0.9420633402488566,0.942682743178136,0.9920320933099684,1.002810885361446,0.2810885361446148,0.9105675288419572,-14.430948915924754,0,,,,,,,,
ES1525,288.3525627814511,5.0,122.08158433342211,0.8426572236010303,0.25,3.74,False,False,0.0,0.001,,,9231,69.7,5001,0.8828131718779211,0.9412597177055788,0.941369078717186,0.9992740345424336,0.9964916089569172,-0.3508391043082823,0.9087342885282934,-9.694454176775398,0,,,,,,,,
ES1528,208.3977261500509,5.0,93.21382303384934,1.0658053590340382,0.25,3.74,False,False,0.0,0.001,,,8719,66.7,5028,0.7896625957771993,0.8846078139011059,0.8913659399861887,0.9611378057546032,0.9980693327499254,-0.193066725007471,0.8555730719858078,-21.67115341366971,0,,,,,,,,
ES1540,375.0535579505708,4.802813598722091,136.19317945948,0.5009448765464894,0.25,3.74,False,False,0.0,0.001,,,9354,65.4,4657,0.8151913454212858,0.9010267613808852,0.9054080478800078,0.9725341868893268,1.0096795489076165,0.9679548907616322,0.8556965019610739,-21.17804912709025,0,,,,,,,,
ES1542,198.4485457436074,2.2669353492425564,59.48059246882416,1.0089801051437015,0.25,3.74,False,False,0.0,0.001,,,7818,55.3,5080,0.824256903490904,0.9032557784572076,0.9096756638467364,0.9663800034582148,1.0084056250763116,0.8405625076311578,0.8688863991356297,-23.47774678403014,0,,,,,,,,
ES1544,282.4860650862348,0.7804268495336303,63.33135173457082,1.08448122809874,0.25,3.74,False,False,0.0,0.001,,,6666,49.7,5113,0.7309338443304509,0.8266477698557723,0.8564954314718156,0.9057997999944816,1.0241610601265183,2.416106012651826,0.8476072956758561,-25.487958040818835,0,,,,,,,,
ES1546,325.68241537529923,0.6690360009481491,120.80271720472602,0.9999999935472604,0.25,3.74,False,False,0.0,0.001,,,7740,58.9,4996,0.8570854182691313,0.9200174751240028,0.9267935211075172,0.9693885484334124,1.010047624927836,1.004762492783609,0.9091898008916728,-18.79586340045189,0,,,,,,,,
ES1550,278.92382499664075,1.556085847743513,598.9743427855294,2.406606703547787,0.25,3.74,False,False,0.0,0.001,,,6671,53.1,5083,0.8104647592428063,0.9006155880068794,0.9033839431492574,0.9780996461654864,1.0079355786024409,0.7935578602440752,0.5702439199202404,-15.427199396999155,0,,,,,,,,
ES1552,394.1115108013291,1.538532669817291,133.2641385569676,1.003229023063955,0.25,3.74,False,False,0.0,0.001,,,6666,51.1,5106,0.8685813161194288,0.9223179898195726,0.9325379448635076,0.9635861800617116,1.0125458973347778,1.254589733477785,0.9058307598961696,-18.076733905816308,0,,,,,,,,
ES1554,275.4417827971468,2.214547705563952,570.9480838529787,1.0404364783071884,0.25,3.74,False,False,0.0,0.001,,,7690,74.4,5028,0.9159897446305172,0.9530082863668332,0.95739717529393,0.9814559516684332,1.0070241546624448,0.7024154662444655,0.8482193416174075,-11.86491901078601,0,,,,,,,,
ES1564,184.3519241170368,5.0,175.88375436355273,1.0582707126168802,0.25,3.74,False,False,0.0,0.001,,,9103,67.1,5049,0.806555630629117,0.9011226499951372,0.9020603146920604,0.9866390381108904,1.002456233531989,0.2456233531989414,0.73621363474843,-16.346902574086755,0,,,,,,,,
ES1568,494.7455698060281,5.0,176.27716239468288,1.159896313872982,0.25,3.74,False,False,0.0,0.001,,,9103,64.2,3293,0.8760612276029103,0.9372948595297774,0.9376424561659809,0.9934273792229584,0.9994784403199004,-0.0521559680099748,0.7835531717220462,-10.759878242039203,0,,,,,,,,
ES1578,146.9571218690734,3.615657016455364,82.8122433858045,1.0344700640918645,0.25,3.74,False,False,0.0,0.001,,,7562,56.2,5028,0.8139385467252611,0.9008038780746592,0.9047209763486064,0.9724064979153982,0.9993860783671032,-0.0613921632896774,0.8376609109374429,-16.740955900609165,0,,,,,,,,
ES1585,29.055391266777335,4.12046006275561,45.92006122286613,0.5005129411578573,0.25,3.74,False,False,0.0,0.001,,,6538,51.2,5024,0.7094971339763143,0.7289839206335086,0.845005840368683,0.7797408712895848,0.9697933455163448,-3.020665448365518,0.7228632557588365,-40.96488862410887,0,,,,,,,,
ES1588,62.20050447069153,2.857753622511424,46.342515388913576,1.2845805129197,0.25,3.74,False,False,0.0,0.001,,,6026,44.4,4980,0.723626792354735,0.781666674660807,0.8507536782206502,0.841342501770238,0.9850743628451664,-1.49256371548337,0.7007719676097077,-34.79119598797262,0,,,,,,,,
ES1593,2435.4139402217697,-3.0397737964210148,38.99557605257939,0.5000927385741671,0.25,3.74,False,False,0.0,0.001,,,9226,57.4,4992,0.640071922663225,0.8193504768873332,0.8194272884801769,0.9965717539280328,1.0039991479195818,0.3999147919581812,0.847554757379538,-26.81826783395968,0,,,,,,,,
ES1594,177.56363412462102,-7.026238389831424,646.4214530796758,0.91975544858146,0.25,3.74,False,False,0.0,0.001,,,6538,44.8,5089,0.8421058332824193,0.9205573822401228,0.9207241072823248,0.9957057176828796,1.002832223461955,0.283222346195541,0.8844890314130032,-18.57397916110657,0,,,,,,,,
ES1595,113.39389663996111,3.204427084206954,439.4609047104362,0.500661877143269,0.25,3.74,False,False,0.0,0.001,,,7178,43.3,5018,0.7605659166876914,0.880991065681445,0.8813803725450877,1.008884121630337,0.996314513199952,-0.3685486800048045,0.8801295487282653,-25.431021200393847,0,,,,,,,,
ES1603,244.7422727493333,0.171564922090537,68.86956066552652,1.1841725241459706,0.25,3.74,False,False,0.0,0.001,,,5642,43.2,5111,0.8061409070119356,0.8582607645448984,0.8980141668559024,0.9050801889955916,1.0260601263271771,2.606012632717717,0.8599380929145516,-31.491064154654843,0,,,,,,,,
ES1605,481.9679091065366,-0.6521023886203995,94.53576227265658,2.230340295665576,0.25,3.74,False,False,0.0,0.001,,,7946,56.3,5113,0.8357325826221169,0.9176165390391102,0.9176616136622526,0.997471434339632,0.9989845538460744,-0.1015446153925456,0.8924536668902936,-17.18094422335431,0,,,,,,,,
ES1607,427.0219349453774,-5.02375794120541,71.41804305366686,2.304904832276652,0.25,3.74,False,False,0.0,0.001,,,6799,52.3,5109,0.78816272572574,0.8744259172295874,0.8894818064958395,0.943184180976565,1.0180704697477312,1.8070469747731184,0.7812909115599513,-26.668866413838806,0,,,,,,,,
ES1608,359.1919278622606,-6.631291258924361,84.3338074640725,2.2560870268186246,0.25,3.74,False,False,0.0,0.001,,,9354,71.8,5113,0.791444080191664,0.8906521374690581,0.8935126813916566,0.9765373058640586,1.0081797310208949,0.8179731020894875,0.8797766661815208,-22.093768204449947,0,,,,,,,,
ES1617,264.4419488303336,-0.0635113256118092,42.442966454495085,1.4301675958755005,0.25,3.74,False,False,0.0,0.001,,,6164,44.0,5113,0.814248414486739,0.8881471168198791,0.9033931208626192,0.9457049855401534,1.015173324745958,1.5173324745957986,0.8848029431580644,-25.53928838830461,0,,,,,,,,
ES1619,247.12204610907813,0.1000760633839106,51.545096583593136,1.999999991664989,0.25,3.74,False,False,0.0,0.001,,,8076,59.4,5113,0.8491148950008983,0.907178232176714,0.921995464947455,0.9517175251403164,1.0141412769755886,1.414127697558869,0.8816985136862595,-20.648251480452757,0,,,,,,,,
ES1620,303.8682343586954,-0.3083590268729614,50.84745389117479,1.3425958480774027,0.25,3.74,False,False,0.0,0.001,,,7685,56.1,5113,0.8194298933275066,0.8874682905846729,0.9059705191577796,0.9410649601971895,1.0186682468357169,1.8668246835716684,0.8943925628541529,-23.805315946707747,0,,,,,,,,
ES1622,267.5687233725709,0.5024849807048541,78.91112015192854,2.0052735208229486,0.25,3.74,False,False,0.0,0.001,,,6538,59.3,5112,0.8947887627214326,0.9362140468894424,0.946206823751616,0.967596208313892,1.0111774902234754,1.117749022347537,0.905827572470708,-13.67978814553094,0,,,,,,,,
ES1624,517.3515569654033,-0.8246548903029655,140.6943180095168,1.2641137704963952,0.3459677366624625,0.008347486603989,True,False,0.0,0.001,,,12188,88.9,5109,0.8519312791744932,0.9053316333086632,0.9233334228036024,0.9461210498087896,1.013468270835088,1.3468270835087963,0.8743731134390523,-23.782280911750032,0,,,,,,,,
ES1625,269.533710515581,0.9269239326660392,115.1062713088834,1.543704276207858,0.999182387468193,9.999578936716844,True,False,0.0,0.001,,,11029,78.8,5021,0.8403116699879587,0.911883627283919,0.9181156181550316,0.9689297077837928,1.0096994892703794,0.9699489270379332,0.8319143330307883,-16.012021284882948,0,,,,,,,,
ES1628,348.5905960239932,-1.4358520113072948,163.49287231149626,1.2748246302364852,0.5254519888892308,9.616620571015565,True,False,0.0,0.001,,,11406,85.4,5110,0.8817741992488263,0.9406378125696984,0.940728199578182,0.9972417599780896,1.0017649598431686,0.1764959843168521,0.9343774107765496,-11.068124408442744,0,,,,,,,,
ES1631,187.67734412400583,0.9972920137829844,735.2992093206865,1.861272278917976,0.3774923206749634,0.0,True,False,0.0,0.001,,,16547,115.1,4383,0.8442762110936173,0.920389533168264,0.9213004109760912,0.988444403746705,1.0032663912603448,0.3266391260344879,0.6888486820055388,-19.205787436942256,0,,,,,,,,
ES1638,271.62080077933143,1.32777777117518,108.91798012335072,1.0376044323809033,0.25,3.74,False,False,0.0,0.001,,,6799,48.3,5110,0.7944596330718521,0.89482700224703,0.8958467102495434,0.98572151685262,1.0030946097514288,0.309460975142893,0.9108162887610354,-16.688435442922085,0,,,,,,,,
ES1639,162.20550560545414,2.9218526535439207,230.8731994953712,1.2946146268595833,0.25,3.74,False,False,0.0,0.001,,,5642,41.3,4842,0.6574667200593796,0.8275038014735462,0.8276353966411858,0.993502524939801,0.9982210022825964,-0.1778997717403356,0.6096439912662597,-13.511644877860313,0,,,,,,,,
ES1640,176.70597042514584,3.4754957608479904,297.4681787694854,1.3428842865009545,0.25,3.74,False,False,0.0,0.001,,,5903,41.6,5097,0.799585050296988,0.9000921596899681,0.9010500536633064,1.011838291618012,0.992904964626784,-0.7095035373215941,0.7176161629925046,1.6477885451732923,0,,,,,,,,
ES1642,113.3714138620811,-0.9427714173620624,841.0890104799108,1.9999999093091507,0.6284351964118449,9.999984840997191,True,False,0.0,0.001,,,12968,93.2,4998,0.8527676487024762,0.9237369407474976,0.9253683020467304,0.984752364253926,1.0036977657196826,0.3697765719682483,0.7137723391831836,-23.817637219074893,0,,,,,,,,
ES1644,52.23782058927712,5.0,65.43140312150182,0.9418590026728988,0.25,3.74,False,False,0.0,0.001,,,7823,54.6,5000,0.7572250479739029,0.8407101192207449,0.8709623683084452,0.9071363948232724,0.9900548222899348,-0.994517771006517,0.75049010773822,-21.884194280214967,0,,,,,,,,
ES1645,123.61780592674272,4.785110844842839,101.80628904922231,1.0043093990616114,0.25,3.74,False,False,0.0,0.001,,,6922,48.2,5109,0.7846021500394695,0.8828481103450933,0.8888719036913036,0.9629636551758064,1.0018494925206622,0.1849492520662405,0.8347807378284191,-15.166321000671612,0,,,,,,,,
ES1646,322.54268131556165,0.1435862531297515,89.55321826987756,0.5052306751997585,0.25,3.74,False,False,0.0,0.001,,,5642,39.8,5021,0.5325349319579511,0.6705690387345506,0.7340616951404427,0.8109546666524174,1.0454250832492862,4.542508324928611,0.7303654990397936,-44.81173223429092,0,,,,,,,,
ES1647,503.9002051880167,1.2089239964342748,143.64789902978464,1.5716757067275116,0.25,3.74,False,False,0.0,0.001,,,5642,39.6,4735,0.5365077988498645,0.693249856855363,0.7397009804499081,0.8411697031296805,1.0333617675880993,3.33617675880992,0.8614001064870274,-33.53060975662432,0,,,,,,,,
ES1659,569.6388070048828,-1.5767562589600337,96.5753268019651,1.5900139788277203,0.8750678129021009,0.0023051186425215,True,False,0.0,0.001,,,15025,105.5,5112,0.884576808138503,0.9339657574670046,0.9410397121435888,0.971779289202621,1.0093700120003275,0.9370012000327662,0.9316099549612592,-13.4803366160185,0,,,,,,,,
ES1715,161.75862835983148,4.174501346977094,130.28450820411632,1.102475208044147,0.0637899784059207,2.834358175639138,True,False,0.0,0.001,,,13717,103.7,5113,0.8452608069484893,0.9224340995154656,0.9224694295393226,0.9978902470023632,1.0010141520140363,0.1014152014036395,0.905544210146958,-7.039307492193281,0,,,,,,,,
ES1719,1096.4829268166422,-10.0,100.31573881040234,9.468001609045327,0.0032486985717611,3.534088234301751,True,False,0.0,0.001,,,9635,71.9,5021,0.3726844650020298,0.6277584098768698,0.652093619111568,0.8781070862928804,1.0516436747578868,5.164367475788678,-2.095662634087804,-36.75469267322311,0,,,,,,,,
ES1720,2999.999671939562,2.0722780574062662,36.45888878189393,0.9999999913923778,0.25,3.74,False,False,0.0,0.001,,,10277,70.3,4971,-0.3713164965146049,0.3848271746837027,0.3995262222433455,1.110226576562641,0.9243762665985884,-7.562373340141174,-0.4931080671520031,-2.119208923761184,0,,,,,,,,
ES1721,236.00633568737413,1.258041851865834,112.33485432572144,1.271417858979599,0.1406317763966906,3.832588139992545,True,False,0.0,0.001,,,9151,69.4,4901,0.8393655318065106,0.9138558729419284,0.9179856671459388,0.9753683360967572,1.0093670148103948,0.9367014810394872,0.8083679337389715,-13.883967874405228,0,,,,,,,,
ES1723,100.05837039094943,1.072250569219262,510.80498955605134,0.9999999993770105,0.0541580698147854,3.3763204753662386,True,False,0.0,0.001,,,9805,70.0,5112,0.8737343151265726,0.9362318458720924,0.9365204737701792,0.9942550861255034,1.0019295582636183,0.1929558263618504,0.915271269437998,-13.990332153961996,0,,,,,,,,
ES1724,133.96088725565144,0.3809637007364009,332.508086343579,1.1043384374051122,0.1318804998880428,3.508697987380879,True,False,0.0,0.001,,,13198,101.5,5113,0.8925996036642359,0.9455787399951576,0.9469682171208178,1.0112716951345235,0.995282751441328,-0.4717248558672054,0.9334498384577098,-2.066877515912278,0,,,,,,,,
ES1725,185.67544650642768,4.078210200667387,128.74562629552054,1.1149548021892453,0.1109881793702308,2.3046024217327763,True,False,0.0,0.001,,,12949,91.6,4705,0.8705979242285218,0.9325906410932744,0.9369506516247432,1.0219404993356034,0.9906503568744236,-0.9349643125576304,0.8562654556332565,0.2390804689622746,0,,,,,,,,
ES1726,223.86887962454665,-0.2403488687154298,280.17146436481374,1.039436854574547,0.0958051223441868,0.8165024105793265,True,False,0.0,0.001,,,14364,113.1,5112,0.862284019169856,0.9296501091626684,0.93047506838491,0.98960065898599,1.0026916038370983,0.2691603837098395,0.915868475885926,-16.553684984415312,0,,,,,,,,
ES1728,358.4042262393636,-3.20496127001882,131.35773403796836,1.6026207234718497,0.0033384642894753,10.0,True,False,0.0,0.001,,,13973,125.2,5101,0.767312643111323,0.8597706842386109,0.8778844339932478,0.9345322951704786,1.021587708588745,2.1587708588745,0.2377303023245723,-26.701403276313783,0,,,,,,,,
ES1729,48.79464326303663,2.6006062740054645,39.64366355647155,1.422325509201683,0.933160547844772,10.0,True,False,0.3,0.001,,,12195,86.9,4856,0.7341771731452684,0.7853660480039321,0.8570381299356085,0.840486123623023,0.986399988958353,-1.3600011041647149,0.5752378648776023,-29.352032716693408,0,,,,,,,,
ES1734,30.585111421495657,-8.856987238372303,526.8729609923042,1.1282067840624457,0.6972827438722483,9.180282936690563,True,False,0.0,0.001,,,8681,63.4,4286,0.3286534520549006,0.6776626226123814,0.684184845662503,1.0561595785544085,0.9682466554753324,-3.1753344524667577,0.0947342885287418,-13.238546781835742,0,,,,,,,,
ES1739,151.52463719142548,0.4854436437316654,410.23112963596776,1.3299332907839596,0.6217153437721361,2.4482434407799003,True,False,0.0,0.001,,,12060,115.5,4822,0.8416537956496986,0.9119121575767618,0.918774529582844,0.9678577699881536,1.011347598343197,1.1347598343197072,0.5670736347961491,-18.93317110446528,0,,,,,,,,
ES1742,207.36940195472644,0.2276552168264106,45.56981564302725,0.931945339391917,0.0447732409266352,4.511473613787312,True,True,5.2,0.0319335473479886,,,8269,57.3,5021,0.4487876157866042,0.6976259905145205,0.7064849568131859,0.9305846069963976,1.021458430733,2.1458430733000173,0.827576510380613,-38.84182620973396,0,,,,,,,,
ES1753,217.78863361887463,3.462269568801603,88.98138167356923,1.3834738506879785,0.9717550225971032,4.263196081847609,True,False,0.0,0.001,,,11299,83.2,5112,0.8801132362049365,0.9181176716768672,0.938268811014752,0.9486047870570552,1.015890502969833,1.589050296983301,0.8222554654660471,-13.657191880947146,0,,,,,,,,
ES1763,546.4945893076587,5.0,123.46056739796798,1.147600336515059,0.0192996443948029,1.6131688217849085,True,False,0.0,0.001,,,12565,77.9,5010,0.8383970114541038,0.9178259965489488,0.9184558604602768,0.99026058543509,0.9971252906525452,-0.2874709347454945,0.8168225866415002,-2.7845273604738083,0,,,,,,,,
ES1765,393.412849280266,-1.943975846574911,146.04760627490398,1.1051985454398596,0.6991359878872236,0.8591431470641073,True,False,0.0,0.001,,,12309,92.7,5109,0.8721271285885691,0.9294422394180588,0.9347574761636848,0.9748165308859584,1.0093596765536257,0.9359676553625432,0.8343062765311527,-13.22126098638356,0,,,,,,,,
ES1805,463.6124830312483,-5.469512768689568,117.05267984010224,2.0786859716248745,0.5647060736693419,3.2797163288363635,True,False,0.0,0.001,,,14229,103.2,5058,0.9057238310507352,0.9521342530138396,0.9533534086746612,1.0094786545700958,0.9949621076023034,-0.5037892397696659,0.8997900088060772,-6.300344633505167,0,,,,,,,,
ES1806,424.3589321246472,-0.1693943613495495,135.16817852539697,1.0342360289602532,0.25,3.74,False,False,0.3,0.001,,,4495,31.3,5021,0.0090469731855464,-0.1868559052491822,0.1230835692007563,0.2010708879132564,1.0368345908007526,3.683459080075256,0.6530299834934761,-67.30235247199995,0,,,,,,,,
ES1809,24.483887719294103,3.107355538344565,35.36193797899764,0.5001706332004384,0.9999836194969508,0.841881987642913,True,False,0.0,0.001,,,8974,55.9,4833,0.8103724168711097,0.8326742819145403,0.9009170639418734,0.8657554152956234,0.9873960644056952,-1.26039355943046,0.7737685855624887,-27.094634777943277,0,,,,,,,,
ES1821,60.34989028359264,4.388087271039792,53.70686573894748,0.5006570787077734,0.991961026783105,4.649078550183399,True,False,0.7,0.001,,,9777,59.2,3606,-0.0953867307280738,-0.0976620226046689,0.089478767335683,0.4067882794368436,0.8453621801675764,-15.463781983242376,-0.002516057859389,-95.2297635084642,0,,,,,,,,
ES1822,130.90094440427634,3.168768046645324,71.65111825656656,1.0914146173943762,0.25,3.74,False,False,0.0,0.001,,,7818,57.0,4018,0.7322201981800374,0.8291337566488277,0.8573526055042014,0.9081680848567456,1.020344368302412,2.034436830241208,0.7374995720749133,-23.034942501397115,0,,,,,,,,
ES1823,131.13024482443114,2.5382206404517333,70.90327518980035,1.6185479842189057,0.25,3.74,False,True,3.0,0.8030562720113243,,,5140,37.1,3972,0.6387223753424238,0.7601946802976649,0.8017845189599752,0.8656971888871139,1.0134152659603568,1.3415265960356568,0.7629625359940884,-41.19439015316554,0,,,,,,,,
ES1824,336.83345034564127,1.6156831667280869,90.8555332336572,1.0379708992794296,0.25,3.74,False,False,0.0,0.001,,,7562,54.2,4006,0.8322353811657657,0.9160966783570584,0.916097105731866,0.9997542602135936,0.9998935664217208,-0.0106433578279148,0.8844469302562856,-14.335197273759846,0,,,,,,,,
ES1828,111.05899615940218,-5.004704833795857,962.9656468557326,1.9999997045767184,0.8954761324721614,9.99973488661402,True,False,0.0,0.001,,,13701,90.9,1826,0.870611251276851,0.9336294175355384,0.9346295382666644,0.9886521074685372,1.001726929221698,0.1726929221698246,0.7036017652724484,-9.63779967723034,0,,,,,,,,
ES1829,536.1551342264403,-2.615875350577186,85.8831337571549,1.339915712491949,0.2031915600797773,1.9869292851696931,True,False,0.0,0.001,,,10638,79.2,4018,0.8492656453810001,0.9230115569644834,0.9238765669666408,0.9892709441448254,1.004163011494723,0.416301149472322,0.8687276766385532,-10.199204726942522,0,,,,,,,,
ES1831,425.11161439464735,-0.8744271612724444,12.038190331127485,2.3707908101759925,0.8889824833947418,2.7549225133253463,True,True,93.4,0.2016130998923327,,,9763,66.7,3623,0.6541424846377901,0.8241595300030662,0.8275674352851082,1.0021042138271503,0.9656131740523076,-3.438682594769248,0.6499685714896348,-15.469969259008222,0,,,,,,,,
ES1832,243.30383284063592,0.339313404645113,111.92204517428364,1.1710293876499365,0.25,3.74,False,False,0.9,0.001,,,6922,47.0,3292,0.8768862491101236,0.92796269606364,0.9369457038170378,0.967281036061412,1.0119581892473808,1.195818924738091,0.794522183116863,-9.318906404277248,0,,,,,,,,
ES1833,372.8008890659675,0.3566232242051891,106.88936049132076,1.2109068541285268,0.25,3.74,False,False,0.0,0.001,,,7562,60.0,4012,0.8685524977964343,0.9344015160655472,0.9344627327895024,1.0027850090474402,0.9994790146986988,-0.0520985301301243,0.8959687399292044,-6.020772134240386,0,,,,,,,,
ES1834,277.1150423439517,1.3821718463648118,36.36421047055045,1.250131777684352,0.25,3.74,False,False,0.0,0.001,,,6927,46.5,4018,0.7719815342678351,0.8762378639009245,0.8822969807652451,0.9625034008619504,1.0075545117585074,0.7554511758507475,0.7403810883890342,-24.578494781387832,0,,,,,,,,
ES1836,118.29964896349333,3.642059873360933,66.53344759766175,1.1297676610267544,0.1464200746414198,9.997498355079456,True,False,0.1,0.001,,,11967,73.4,3769,0.7257413213296404,0.8351576118015546,0.8547010394700096,0.9232047196076107,1.0127949179491555,1.2794917949155489,0.6690345467823208,-16.745981142869127,0,,,,,,,,
ES1837,252.8906547391888,-6.137322577138734,86.18871869440504,1.9251838926003384,0.9855241169649508,8.149243166481114,True,False,0.0,0.001,,,11867,84.9,3390,0.5828376424849794,0.6979517822522816,0.7655142734659091,0.8171195691378763,1.0529558108618553,5.295581086185529,-0.8592841029601281,-35.36345836958986,0,,,,,,,,
ES2000,67.43407922258214,1.34675219389488,24.696468503225965,1.258728456122458,0.5817680864304015,5.243215923887841,True,False,0.0,0.001,,,9770,70.8,5113,0.6445774317943389,0.782155203359586,0.807896992911944,0.897786227798618,0.9897464706859732,-1.025352931402705,0.6895077138762731,-27.508747585931044,0,,,,,,,,
ES2001,215.16495465054484,3.389681403934261,134.45332394090383,2.672073206731401,0.4787400586910421,0.2387063621154299,True,False,0.0,0.001,,,9300,63.8,5113,0.0863441540133957,0.4353568164312245,0.4652961847986444,0.8241551486169765,1.0446356696138737,4.463566961387384,-0.4887891543278797,-51.85619298879308,0,,,,,,,,
ES2002,127.38665051461678,-1.4796045240332745,245.27723100127145,1.680908062183227,0.3600385175585955,1.4891488068021388,True,False,0.0,0.001,,,9044,62.1,5113,0.4754469297101292,0.7199673427154754,0.7248068272821957,0.9481823129350349,1.0013907345462214,0.1390734546221593,0.0073767173130032,-46.348198280625766,0,,,,,,,,
ES2004,107.84000789260308,-9.999996614119675,310.2995458316185,2.9999967523974727,0.3894636030481234,0.789476054225453,True,False,0.0,0.001,,,11071,100.6,5113,0.4098226425178342,0.6842410338867349,0.6897500226099882,0.9457660288155516,1.0225244884510112,2.2524488451011284,0.222323928765923,-50.38833777509407,0,,,,,,,,
ES2005,196.47584373214596,0.3604024131882516,43.54507056125024,1.9999999915396665,0.8705918124726743,4.8854634871855664e-08,True,False,0.0,0.001,,,21318,160.8,5113,0.7998481672175424,0.860593367495999,0.8946663716518701,0.913485678935764,1.0292285506982113,2.922855069821107,0.8109987271390996,-26.34323880006439,0,,,,,,,,
ES2006,70.08721819180487,-1.887691557739222,213.4000253203211,0.6506496553172209,0.0039904190687579,0.8544682493446539,True,False,0.0,0.001,,,10466,76.2,5113,0.6283806958285993,0.8105214942549909,0.8112637472348522,0.9837802416036242,1.0042012461359553,0.4201246135955171,0.7280696996765934,-32.522904918152776,0,,,,,,,,
ES2009,145.65101004657254,1.7331871744895184,32.488706770759364,1.2289809235404694,0.5804071558973065,3.624661818875944,True,True,1.5,0.0601570276850311,,,11022,69.4,5113,0.6601639033899973,0.8065055682067421,0.8198861230885881,0.9295646395196802,1.0061600708554257,0.6160070855425633,0.6110754682906128,-31.85948799452752,0,,,,,,,,
ES2010,320.41032076633405,-3.215865849026823,174.56736537741804,4.04367846273894,0.1770957628461572,0.6078634156367337,True,False,0.0,0.001,,,9826,70.5,5113,0.3117474984450734,0.659306170692673,0.659626918995763,1.0107686838899397,0.9898764382230508,-1.012356177694914,0.1346844717502552,-27.228140303904134,0,,,,,,,,
ES2011,522.0187607714886,5.0,999.9999999999998,10.0,0.9805074552987448,1.155854635843953,True,False,0.0,0.001,,,14341,107.5,5113,-0.3230123829168594,-0.1785795739535174,0.2825947508991692,0.2688918946306914,0.4170244782443008,-58.297552175569926,-0.2776589631429595,-78.74952290003552,0,,,,,,,,
ES2012,101.42926319579423,-10.0,373.0164599767536,1.2649290561859428,0.8092797897272609,0.0723940795524956,True,False,0.0,0.001,,,14513,110.7,5113,0.5639392278025355,0.759910155513738,0.7697132721031822,0.9371582773838693,1.0257308040809403,2.5730804080940497,0.4259548109769356,-35.78314503013887,0,,,,,,,,
ES2013,134.83526634414622,-9.9999986465497,248.62115535933248,2.9999999993501056,0.0769107443496487,7.609841804281994,True,False,0.0,0.001,,,10664,83.7,5113,0.619737768537602,0.8058137654395177,0.806926628968852,0.9837983337332968,1.012979718857884,1.297971885788394,0.4272230742211457,-41.3081301659456,0,,,,,,,,
ES2015,695.0421746796162,0.3121635759324586,22.3236090311726,4.190306389154967,0.9186275772490348,2.1246245840378464,True,False,0.0,0.001,,,12209,88.3,5113,0.6759461849862631,0.8130654633980574,0.828448255156363,0.9288751950978263,1.0213490501735891,2.134905017358941,0.5666649415440049,-35.36198775212201,0,,,,,,,,
ES2016,174.92981562097415,-9.430562796636272e-07,43.458408236611625,1.4076554832825812,0.8604853256219867,3.461040053789048,True,True,12.1,0.0703389567717361,,,13617,96.9,5113,0.7698414765215124,0.8850066316220243,0.8857488100775801,1.0068295613496194,0.9888870587153652,-1.1112941284634994,0.82126381139508,-12.25405862996884,0,,,,,,,,
ES2017,99.98415247153429,-10.0,325.1342536095204,2.999999943941249,0.1141559482264765,2.4665661893777715,True,False,0.0,0.001,,,11348,87.3,5113,0.5877525036928742,0.77254006162688,0.7824519991289717,0.9376707891139524,1.022933825499581,2.293382549958077,0.4366480856424622,-45.97163515079958,0,,,,,,,,
ES2018,170.1824431975167,-3.796047835297684,44.09558502802966,1.9295773087298227,0.6193468780717545,7.006807482331501,True,False,0.0,0.001,,,12700,93.5,5113,0.5069983074588326,0.7403107846527816,0.7440727028940853,0.95986220834462,1.0181291159393993,1.8129115939399207,0.6408700912351459,-24.983406991707103,0,,,,,,,,
ES2019,190.25490455463736,3.172055477779833,106.17374064921636,1.2839408304119857,0.3617031425086937,3.475936735579641,True,False,0.0,0.001,,,11732,94.1,5113,0.5657003448280946,0.7419696569015072,0.764462791941049,0.8987569889036189,1.0291844870343547,2.9184487034354696,0.1427366153803239,-43.60893621799995,0,,,,,,,,
ES2020,473.213825958402,5.0,304.49719252270506,10.0,0.98935781935031,0.3715466974067857,True,False,0.0,0.001,,,12784,97.7,5113,-0.275977118234558,0.0463093828646702,0.1313384499033079,0.6396988153196268,0.8414567538067363,-15.854324619326372,-0.4232094229702665,-74.83516844614572,0,,,,,,,,
ES2021,380.00123135732827,3.774700347420597,100.34187646038215,1.5557659992240769,0.3949621531927578,3.39323798234075,True,False,0.0,0.001,,,8034,54.7,1826,0.3536969987424212,0.6401297308876553,0.6513213625211274,0.9150418181483472,1.0266819357118218,2.668193571182173,0.1866490737965116,-48.15933990361494,0,,,,,,,,
ES2022,39.04960447025072,5.0,42.36858601428892,3.3427755232408547,0.6929178486275104,10.0,True,False,0.0,0.001,,,14229,102.7,5113,0.4693595177121092,0.6269611772980384,0.6929361716417317,0.7909974275808553,0.9655370738472524,-3.446292615274768,0.4057197412126948,-43.778562990365856,0,,,,,,,,
ES2023,528.0170989375155,5.0,227.45057820597856,1.6598591635422162,0.662948902519283,1.0564082612927177,True,False,0.0,0.001,,,11725,91.6,5113,0.207601663304654,0.5716565270043089,0.5872041853032597,0.934805087049948,0.9060459178518574,-9.395408214814264,-0.109332243214467,-33.96202458158039,0,,,,,,,,
ES2024,365.4833833547572,1.738984318459041,83.17665858279452,1.138670401921866,0.1675162818884648,10.0,True,False,0.0,0.001,,,12842,96.7,5113,0.1397596605343329,0.5424898373780191,0.5459523660485704,0.9438262600332517,1.0008977436427433,0.0897743642743208,-0.4440987312070177,-49.47860351277244,0,,,,,,,,
ES2025,781.0897642984687,-0.5415977101670734,31.024742259680963,3.1673271941112304,0.2136480363533369,4.319338095098937,True,True,3.6,0.0807548492664567,,,11434,87.0,5113,0.686241692571162,0.8368269513657309,0.8391126636520644,0.9727851660837796,1.000248230498343,0.0248230498343373,0.2997090639208488,-25.61336922988409,0,,,,,,,,
ES2026,181.9166446192804,-2.5283929239240206,39.39557477490414,1.8929795380846768,0.3776457635587786,9.999856421603726,True,True,25.1,0.0604435243771116,,,12558,87.6,5113,0.7932350485576594,0.8803628057254949,0.8926148331032759,0.9513005228608922,1.0202446316542413,2.024463165424129,0.6978826930057465,-20.62809073692555,0,,,,,,,,
ES2028,134.103692742354,-0.1814866848497832,19.282965195306204,1.5628153360785997,0.0480174874460858,2.919068093367385,True,False,0.7,0.001,,,8204,61.2,5113,0.7080636939744771,0.7793643064841347,0.8415983003128871,0.8498546818521908,1.0323325567772443,3.233255677724433,0.7974948997934451,-35.42245757678774,0,,,,,,,,
ES2029,167.20137721225706,-3.088157865285337,69.83425975126025,2.235578358751014,0.561089902876367,10.0,True,False,0.0,0.001,,,14229,141.1,5113,0.7442047882474567,0.8458909316295248,0.8651981104578866,0.9297280616406978,1.0252964465709733,2.529644657097312,0.0473134711006602,-27.678559431792877,0,,,,,,,,
ES2030,181.6635441348326,-0.4922079067927526,54.77988190400087,1.581120980678223,0.0528978408051699,1.655698816293368,True,False,0.0,0.001,,,12195,92.0,5113,0.8598933834173885,0.926751294300452,0.9289201118088156,0.9835683418977968,1.0065591915203045,0.6559191520304292,0.8895544074892843,-11.601423782440882,0,,,,,,,,
ES2031,197.6880040147522,-1.663222524737606,63.93383895101911,2.24261488863214,0.0535861631714796,2.025600997259644,True,False,0.0,0.001,,,12821,125.5,5113,0.8331700621619305,0.9150682367129284,0.91584243075731,0.990573334736103,1.0064842837858483,0.6484283785848445,0.821360775722648,-12.727572607152869,0,,,,,,,,
ES2032,235.2478891478605,2.2195468195587664,188.70305895903888,3.999017830705161,0.2180567225358437,2.03429239289754,True,False,0.0,0.001,,,9144,65.9,5113,0.2268023194526415,0.54144478187516,0.5633134074158939,0.8633059694494399,1.0298739006265512,2.9873900626551206,-1.4829765239116046,-53.01836278941991,0,,,,,,,,
ES2034,102.78239485894902,2.5137452239919464,46.46910134431717,1.176959859761283,0.059886671100518,6.251079894297156,True,False,0.0,0.001,,,11918,75.1,5113,0.7327368026969499,0.849998011526658,0.8602541604718362,0.9456399163233628,1.0040838931418845,0.4083893141884334,0.7746878789229614,-20.665731005684925,0,,,,,,,,
ES2035,156.17786146420912,-3.73983183008757,36.59624838616633,1.9999999911414543,0.5017000599580367,3.1261355239747366,True,False,0.0,0.001,,,11753,82.7,5113,0.5574699365316089,0.7179314573401596,0.7548702952105586,0.8650552599667539,1.0355528863166854,3.5552886316685424,0.6764718340897216,-45.79832627174388,0,,,,,,,,
ES2036,133.70705549321733,-6.552736104050219,179.75842265925348,2.140386110974234,0.2672054362990749,2.3595503630776533,True,False,0.0,0.001,,,13326,114.6,5113,0.788422906111497,0.8881000245864616,0.8917347848051523,0.9737036220618622,1.0104282397219495,1.042823972194971,0.7479891983658981,-30.1181070217168,0,,,,,,,,
ES2037,377.727087711496,-9.999963598361695,129.6789338672524,5.683724588525425,0.9747078031716072,9.849059784888391,True,False,0.0,0.001,,,11972,89.2,3287,0.0339596027608181,0.3509894885680156,0.4017086948035994,0.7570518518599374,1.0651026527179008,6.510265271790092,-2.581044349772451,-62.43449626138756,0,,,,,,,,
ES2040,601.5630855329059,2.7565431251930907,90.4928631636979,2.112124008651203,0.1974524027792057,6.82199711478516,True,False,0.0,0.001,,,9954,77.2,5113,0.5872865010020802,0.7610591976940669,0.7785542444847976,0.9137111941665536,1.0246723804838929,2.4672380483892966,0.3012642415293275,-38.173412577680985,0,,,,,,,,
ES2041,187.5430471972004,-1.3799564399358613,13.56820667945204,1.7287965286131974,0.25,3.74,False,True,49.4,0.0112291620320849,,,6804,54.2,5113,0.6352193657296934,0.7881292263936834,0.805093114924867,0.9187570272334404,1.0173236899908775,1.732368999087766,0.6954885674021134,-29.190305440414345,0,,,,,,,,
ES2042,223.22247825760203,-0.2614292647461262,84.99257947902362,2.774025496770949,0.4597880491842697,0.0201210709886393,True,False,0.0,0.001,,,15139,144.5,5113,0.7040426424685766,0.8265584367956004,0.8433032150980181,0.927133425303962,1.0147836308204194,1.4783630820419564,0.3387460024731278,-32.40266078636411,0,,,,,,,,
ES2043,651.1572126130734,0.3984366182147016,21.388476995657275,3.3100487167889816,0.6220061516338498,9.999980815108144,True,False,0.0,0.001,,,13333,96.2,5113,0.6837291524830036,0.8103667297957323,0.8315405131856255,0.9170588414068296,1.0265130662471345,2.651306624713436,0.6687744103317619,-36.94939090256263,0,,,,,,,,
ES2044,1486.6315809372006,0.245782776795916,19.17232589712321,4.232956643154455,0.9972717608028452,2.1352175879180546,True,False,0.0,0.001,,,10019,77.4,5113,0.6521169992445137,0.8278980462923978,0.8285708257498913,1.01395142049936,0.9939602523273292,-0.6039747672670609,0.4791451031539533,-9.377676778717458,0,,,,,,,,
ES2046,262.1619616186442,-2.7416174348308275,37.33653684442358,2.190222320682013,0.5819581864425919,1.4847130287605417,True,True,66.4,0.0931739623470349,,,12053,89.0,5113,0.6755306439781945,0.8377964358042522,0.8403878176054574,1.0151478508550869,0.9754136199588592,-2.4586380041140794,0.8058173138453503,-11.430731788646288,0,,,,,,,,
ES2047,231.15215550383465,-0.3105926112930273,10.000000000000002,2.235384493580105,0.7427348266794801,0.8039945703688371,True,True,40.7,0.0065047050136718,,,14129,102.5,5113,0.3625059666360675,0.620881522353943,0.6435622269134401,0.8708624586790029,1.0025356323324983,0.2535632332498402,0.5407247046010911,-37.15987954479707,0,,,,,,,,
ES2049,896.2587669253325,0.0303277788835039,30.77707680774524,1.7900510794169475,0.9310674207094968,9.997271745770933,True,False,0.0,0.001,,,10652,77.8,5113,0.6954766997192422,0.8370576135860248,0.8423601675771297,0.9607014149403372,1.0124709958014202,1.2470995801420175,0.4672051972236201,-25.107111259925816,0,,,,,,,,
ES2050,175.81523326070888,1.4580055323063532,41.82400942254683,1.5099035966854024,0.8569918379892366,5.910597270854704,True,False,0.0,0.001,,,12323,88.5,5113,0.6609948180948606,0.8052416917867488,0.8200965772673636,0.9270917820624578,1.0158097711666532,1.580977116665315,0.752693050042103,-20.34692375295775,0,,,,,,,,
ES2051,108.77783823601249,2.218659912086356,35.48906334852041,1.6950006331014649,0.8857572735276722,3.530900101897821,True,False,0.0,0.001,,,8404,53.2,5113,0.493511144736307,0.5924638524289407,0.7028587392968648,0.7218124624193278,0.9798883939076533,-2.011160609234683,0.5293089382285012,-51.4246757034761,0,,,,,,,,
ES2052,173.12903660163616,0.6183012233598673,23.705943211591038,1.4025529621511796,0.8867493601189683,2.7791398692293665,True,True,18.1,0.1029933145276423,,,11022,79.2,5113,0.5632993816904726,0.7658436665736629,0.7717208448908958,0.9510035342522648,0.9821909525642024,-1.7809047435797691,0.6710291161603903,-14.716571304030408,0,,,,,,,,
ES2053,213.7903525873257,-3.7194040805484025,128.53952624492476,2.2847155524168383,0.4553778168683432,3.3861667553799943,True,False,0.0,0.001,,,12565,88.4,5113,0.7166024223560141,0.8593582066591939,0.8624171265666621,1.0270411473322094,0.9890527024840888,-1.094729751591112,0.7634559326772434,-14.58126022997447,0,,,,,,,,
ES2054,164.84115398377298,-10.0,240.6188710112444,2.999999998542013,0.5872662260522297,7.943342158697336,True,False,0.0,0.001,,,12265,88.2,5113,0.7143388405956147,0.8567890040655,0.8568826187517646,0.9979364474014624,1.004748293574717,0.4748293574716915,0.6285821888738896,-30.764182121864952,0,,,,,,,,
ES2055,161.77213777042002,0.8948451477772075,25.14022879553748,1.277583842389165,0.8785859941200329,3.4942347141329235,True,False,0.0,0.001,,,10126,72.1,5113,0.5717461951226948,0.7633864195140982,0.7730434679182937,0.9337246724826412,0.9908184980384154,-0.9181501961584736,0.7247126850835187,-14.474993832273558,0,,,,,,,,
ES2056,240.66917910925784,-10.0,116.57760091888822,3.2555898781487955,0.0252851318754224,9.998569135132556,True,False,0.0,0.001,,,12963,113.3,5113,0.5698049407307946,0.7889622131851737,0.7922664507941499,1.0325762648394097,0.9820415210233884,-1.795847897661168,0.5893258471470726,-20.633242843572397,0,,,,,,,,
ES2057,280.2871972375774,-1.1643463849457765,54.37808284382794,1.607050338665277,0.3250474556745082,4.848429994774018,True,False,0.0,0.001,,,11427,81.1,5113,0.6441186829697805,0.7971291102112671,0.811399721337168,0.9299471374810684,1.0260601086889134,2.606010868891338,0.6206238254142764,-35.045512861893584,0,,,,,,,,
ES2060,300.9859718018109,-0.7206593374289524,104.7863408240111,2.0000008493847363,0.90818244838176,1.9584583239460944,True,False,0.0,0.001,,,16433,150.7,5113,0.8420637544202273,0.9123085680640493,0.9189913540063612,0.968285865660194,1.0110272477224176,1.102724772241765,0.6299949029464629,-14.738671611817251,0,,,,,,,,
ES2061,428.451621199747,-0.3715968430234705,129.2346476635945,1.93746590483323,0.2369687899303285,3.590454253827032,True,False,0.0,0.001,,,12437,84.4,5113,0.7769586154529787,0.8750339878373917,0.8842473341592672,0.9540606699180512,1.0103635176562082,1.0363517656208194,0.4343903424261504,-18.805695369886863,0,,,,,,,,
ES2062,611.3936528345467,0.2368901057949267,16.155064520792,4.3611891116046975,0.0756468781234737,1.923668398798773,True,False,0.0,0.001,,,12067,81.6,5113,0.7226288371380338,0.8487058946912849,0.8560542529221236,0.9563342268103716,1.0162119847985536,1.6211984798553367,0.6658654768725686,-31.616743160950865,0,,,,,,,,
ES2063,43.601304261856725,0.1638417321383573,48.21077038538377,1.1259699882832437,0.0045858900759427,0.9376342837087216,True,False,0.0,0.001,,,8988,74.3,5113,0.3885741380571814,0.6085565401688343,0.6496488921293683,0.8308835974727687,1.0433788641467463,4.337886414674644,0.2621913483337806,-48.011971223366544,0,,,,,,,,
ES2068,30.94723664748304,0.3761885818893394,62.02913129289727,1.1014758389873718,0.1163996067101565,1.687843390582547,True,False,0.2,0.001,,,7729,53.6,4679,0.5744535771493815,0.7423961908085289,0.7682728886126213,0.8922478398563505,1.0324305464399626,3.243054643996258,0.5008725127178237,-38.49115383435527,0,,,,,,,,
ES2070,140.5410907055875,2.2353419171558366,47.70879981075688,1.1731763802632895,0.039462346552672,1.6103389068343972,True,False,0.0,0.001,,,14357,101.1,1826,0.7566678873414544,0.8724840693006797,0.8755403244184711,0.9745514906181196,1.0110668471795177,1.1066847179517632,0.7422208401896854,-24.99942976824845,0,,,,,,,,
ES2073,544.762121089009,0.7968065079782217,51.93092766913359,1.9999999941229047,0.2132648688063574,5.103667714356232,True,False,0.0,0.001,,,9961,72.1,5113,0.6124773747804285,0.786107367308628,0.7955045006631587,0.93799475373103,1.009327298952351,0.9327298952350908,-0.0618876504725278,-31.85121792995571,0,,,,,,,,
ES2074,503.6507699363625,0.9541470728219688,32.182011649242625,3.059870490126296,0.8578754598985742,3.5271313333486467,True,False,0.0,0.001,,,13219,102.3,5113,0.7023372754107229,0.8310510101976908,0.8436571810568398,0.9393893550289916,1.02066479703083,2.0664797030830084,0.4093002158099675,-21.95752721041445,0,,,,,,,,
ES2075,478.057109048106,5.0,435.64508703368114,7.179749988674328,0.945044374850384,4.321165318458,True,False,0.0,0.001,,,8511,65.5,5113,-0.1008268973835131,0.1442128898029389,0.2691125146792314,0.6178091397608925,0.7717343474575922,-22.826565254240784,-0.1680364805850203,-43.83959241585526,0,,,,,,,,
ES2076,208.65957078588823,1.3970169118003783,112.54454769159608,1.360941276154392,0.1953330749297728,5.930517869185415,True,False,0.0,0.001,,,12558,93.9,3287,0.864983301643972,0.9326042824893788,0.932741932102388,1.0036035277500146,0.9976442348999658,-0.2355765100034344,0.905828732924052,-10.41672554403796,0,,,,,,,,
ES2077,337.165318718551,5.0,139.97511902405503,3.4680694061500565,0.8603204338170053,1.4167483607933686,True,False,0.0,0.001,,,8867,62.6,5113,0.2619380976752548,0.5406326765394752,0.5730211816196935,0.8306855410264086,0.9936722436580032,-0.6327756341996703,-0.2309230893844864,-36.482629287225095,0,,,,,,,,
ES2078,513.2399767496817,1.0340130823685425,19.74307097640105,1.2068495617206043,0.8269113129409905,3.3963882783881783,True,False,0.0,0.001,,,10664,75.6,5113,0.4451588214413652,0.6654626081067527,0.6919749305900661,0.8734366685978134,1.0318990020866146,3.1899002086614505,-0.3094660152450916,-43.313628417976446,0,,,,,,,,
ES2079,282.7181628733177,-1.087967254899704,59.87919568270694,3.1562738942818584,0.9370889964265192,1.370698325366999,True,False,0.0,0.001,,,13196,118.6,3287,0.7875699600119495,0.890414857152927,0.8920889549093388,0.9828189875736196,1.0083019691796125,0.8301969179612381,0.5746599849121637,-14.03257105167161,0,,,,,,,,
ES2080,68.9028516502225,4.09495998299264,58.440682685159125,1.1829812715487804,0.7095768578686986,9.606369543217696,True,False,0.0,0.001,,,10389,73.9,3287,0.7901038810606354,0.8694818286804531,0.8898278782806397,0.9305190579491583,0.9916636139616358,-0.833638603836421,0.6074102879133589,-11.98265093191572,0,,,,,,,,
ES2081,119.3697616407942,-2.0666202288719053,125.89253957855205,1.0248401139169503,0.9878557781249184,3.1043567760637933,True,True,4.7,0.634363578318725,,,13070,87.6,5094,0.7487981926447593,0.8742795670176602,0.8742833947524391,0.9990761496270336,0.9996699473006896,-0.0330052699310285,0.7653903094279674,-21.257242976986905,0,,,,,,,,
ES2085,138.82165905059642,1.4951787193327652,111.30000781290474,0.8654575724301745,0.0403348995366196,1.4013361350570153,True,False,0.8,0.001,,,12565,92.1,4383,0.742572584864977,0.8715742942579326,0.8753443881046046,1.02900510382252,0.9893771816085628,-1.0622818391437008,0.796083413383442,-17.242148762100044,0,,,,,,,,
ES2087,885.9332533648674,0.3893631643517337,53.33722356187096,3.472074455444616,0.719884211966857,3.783666597714729,True,False,0.0,0.001,,,9372,93.7,5113,0.6076835875461102,0.7836904201888089,0.7931155120824044,0.938696919530481,1.0151847061912953,1.518470619129524,-0.1010109181524321,-27.343933908626152,0,,,,,,,,
ES2089,205.72948848057877,1.54771799214453,59.81499418191138,1.0323577952314356,0.7504508937079654,9.998716493171356,True,False,0.0,0.001,,,12942,93.4,5113,0.7259066670837766,0.8409960916633732,0.8558014747066733,0.935593847980671,1.0184628207924824,1.8462820792482373,0.7887233196953667,-23.71750062082565,0,,,,,,,,
ES2092,487.71091752802977,0.8399861403092054,41.415978686670606,1.765881812835456,0.98938291291355,0.0264046399999934,True,False,0.0,0.001,,,10040,73.2,3287,0.5409499858975264,0.6815826092872915,0.7401089924023431,0.8206146434885984,1.0408312716853343,4.083127168533436,0.2665976799321337,-38.37742437149646,0,,,,,,,,
ES2097,677.0756255749717,0.4006685677883325,19.942486565718216,3.5705051528372627,0.1146098097032282,2.393969347143238,True,False,0.0,0.001,,,11306,82.2,5113,0.7074589768946206,0.8273271230053447,0.8452904990711886,0.9271497754650018,1.0239528193991816,2.3952819399181595,0.6697754655974482,-34.72250198114567,0,,,,,,,,
ES2098,74.60104655809583,3.084431085229931,44.176181723591,1.0479591142187603,0.9810119768009278,7.404440978266311,True,False,0.0,0.001,,,12102,86.3,5113,0.6651640489219235,0.7854681461635563,0.8183863042526055,0.8859639911881821,1.006014193357806,0.6014193357806047,0.7159857914367413,-32.92800495363498,0,,,,,,,,
ES2099,372.8166666969436,1.434300769025331,66.72409950407629,1.999999995660493,0.8101644883091751,8.445147383580982,True,False,0.0,0.001,,,11262,107.6,5113,0.6658039810791722,0.8012103225763367,0.8215931382185068,0.9163569296260864,1.0263090155252492,2.6309015525249,-0.1036816278814745,-24.244754578168475,0,,,,,,,,
ES2101,91.19607487960911,1.1690635814288064,25.50096150703201,1.133849098888185,0.5206386915635421,10.0,True,False,0.0,0.001,,,12949,91.0,5113,0.6343807135086736,0.7170991985994803,0.7965850120561265,0.8044637216920854,1.020512678477952,2.05126784779521,0.7900455831742658,-40.19792736782343,0,,,,,,,,
ES2102,465.2089429350741,5.0,879.1846294863805,10.0,0.9979142114884744,1.5226959134224878,True,False,0.0,0.001,,,12437,86.3,5113,-0.0392697398315715,0.0656093146938643,0.2828579178689528,0.4665083995613889,0.7276401294517388,-27.235987054826108,0.0686121651322602,-67.99018899174135,0,,,,,,,,
ES2103,501.331054310038,5.0,316.34375573701124,1.3918066369251154,0.919767959602288,3.042716996354921,True,False,0.0,0.001,,,10701,76.7,5113,-0.1387091026467644,0.262527686625483,0.3252000867965906,0.7651279337426746,0.8173922164127512,-18.26077835872488,-0.3181117728137113,-38.5237297732044,0,,,,,,,,
ES2104,327.7736091735794,-0.6327349499633246,54.30691435433884,1.5193993752092896,0.0656502782213617,4.419930808420146,True,False,0.4,0.001,,,10922,81.2,5113,0.8083405043663703,0.903903589838293,0.9039487279338088,0.9976593560296684,1.001787334953968,0.1787334953968118,0.8586028652784938,-10.59466779576824,0,,,,,,,,
ES2105,449.30115892873926,-0.4241863362579277,18.39266172252677,1.8593789453481628,0.6059929275721145,9.99761780131155,True,False,0.1,0.001,,,17173,121.5,5113,0.4929663971569772,0.7365981281659097,0.7385787470311557,0.9677770322745202,1.0010746780283912,0.1074678028391272,-0.3506535641302635,-34.35278612380316,0,,,,,,,,
ES2106,225.25741640964424,4.260485758625452,232.5661769521047,1.5280739670032364,0.8215399314526952,4.602601680270567,True,False,0.0,0.001,,,8369,58.8,3287,0.4204057035587913,0.6399934308998423,0.6745164499236319,0.8544111413000959,1.049689764010412,4.968976401041193,0.1540175809706838,-46.85393308691993,0,,,,,,,,
ES2107,38.53977737184171,5.0,60.95146359027539,2.7250068952822755,0.6831174358877197,10.0,True,False,0.0,0.001,,,12188,85.1,5113,0.4779396293330838,0.5739481286383533,0.691519225579358,0.7062646446966288,1.0089078588002025,0.8907858800202355,0.4121515156633132,-48.94352410881097,0,,,,,,,,
ES2108,218.871328463462,4.232679029389193,107.83898665665036,2.211262741556043,0.8615883608206224,1.9089597346911995,True,False,0.0,0.001,,,9328,68.5,5113,0.033011737305359,0.454746762296169,0.4657546108779191,0.8938929723112095,1.024985117637447,2.498511763744698,-0.0310222817820251,-31.50897776129404,0,,,,,,,,
ES2109,178.85034156930374,4.618845819040062,99.22225265844116,1.6025716964024006,0.9002050134964625,2.606346393452398,True,False,0.0,0.001,,,10999,84.6,5113,0.5903442804657391,0.7173088786007202,0.7718388170694729,0.8381025677684153,1.0405705084826935,4.057050848269372,0.5673602258536314,-47.7663899559494,0,,,,,,,,
ES2111,610.1797688980135,0.3241810324294031,138.1954148471848,1.6228036610020973,0.9272764463556948,3.754898297367096,True,False,0.0,0.001,,,10296,70.8,5113,0.5204597016062162,0.7171385434689734,0.7386252539248057,0.8952558267112141,1.0268794320444152,2.6879432044414977,-0.1633765538219789,-39.38314807282114,0,,,,,,,,
ES2112,73.7121195878487,1.879436997877679,695.2880124934507,1.231030004345323,0.8711031101823276,2.463705308226789,True,False,0.0,0.001,,,11178,85.0,5113,0.450610889994585,0.6911458257863237,0.7037160577641485,0.914227619232857,1.015805859670729,1.5805859670729,-0.0495579452728358,-38.30531431358032,0,,,,,,,,
ES2113,154.1514687189793,0.5607811037879991,22.455794762038423,1.4873147956838852,0.8282812230544099,10.0,True,True,2.7,0.1377265499707641,,,10005,74.6,5113,0.6746287896892549,0.7640519499142696,0.8217429404014956,0.8461512876298896,1.015049144314964,1.5049144314964151,0.7099695574262548,-31.88245490673977,0,,,,,,,,
ES2114,299.52504231319614,-3.414617262771065,17.08917914482328,3.3007920417965804,0.9596950206294677,1.129585486070609,True,True,66.5,0.0113661030334032,,,14518,110.6,5113,0.4761544893430679,0.7100115583590966,0.7199618500211846,0.9253322066458292,1.0098311483246372,0.983114832463722,0.7103768799319663,-26.89040981311506,0,,,,,,,,
ES2115,232.75534136194088,1.3066280385827411,37.41490081616345,1.3663450583354078,0.7429030764804296,1.922932142315492,True,False,0.0,0.001,,,12942,90.1,5113,0.7372980118473982,0.8564818229284276,0.86384664049827,0.9576264279150066,1.0162545450596985,1.625454505969815,0.7103532286085479,-23.15377489345816,0,,,,,,,,
ES2116,156.65314799204282,-4.052519010558284,153.48954102672073,1.999999971835365,0.4711777252005493,6.669972522865241,True,False,0.0,0.001,,,15712,112.3,4748,0.7125225403473354,0.8209667119556896,0.8468244489836061,0.9118352136847012,1.028585647670795,2.858564767079508,0.3459735629359404,-39.55472543263863,0,,,,,,,,
ES2119,155.29748255446754,1.807665109700061,72.26841208404969,1.3137533534075208,0.2525175134096777,1.154663977992367,True,False,0.0,0.001,,,12812,92.0,2557,0.8087774469161773,0.9009238689343344,0.9028196986421017,0.9820753820317816,1.0071257873685946,0.7125787368594614,0.777145491085864,-15.210475026066158,0,,,,,,,,
ES2121,659.7618650328062,0.2681740195997472,16.016883979146865,4.686886426432183,0.6784626578923374,1.4848848485910175,True,False,0.0,0.001,,,13461,81.9,5113,0.7330209391069813,0.8522482146471493,0.8611265642141921,0.952488189322638,1.0169524851912186,1.6952485191218578,0.6665887795014598,-29.98024113164341,0,,,,,,,,
ES2122,730.1308970629356,-10.0,54.93688467903864,6.501054567305896,0.5049688156578466,3.258769095378643,True,False,0.0,0.001,,,10645,81.8,3287,0.1060493352104543,0.3464812845305555,0.4250655937310726,0.6963418101065767,1.0657939485642736,6.5793948564273625,-3.0584375008981697,-67.99038451949264,0,,,,,,,,
ES2123,134.549834497895,1.180862145587988,56.24630677044326,1.1525717770768318,0.0009484411041931,2.219405703174617,True,False,0.0,0.001,,,9237,67.5,5113,0.8023412141025997,0.8985074637940157,0.8997615779895506,0.984731859194574,1.00445842289647,0.4458422896469867,0.8702064688890845,-11.533078401314942,0,,,,,,,,
ES2124,1146.0914795273368,0.1045640974602689,10.000000000000002,2.580012684520032,0.25,3.74,False,False,0.0,0.001,,,7730,57.3,5113,0.2029986571874344,0.5572758475339827,0.5669559467644548,0.910692354613607,1.022397937619833,2.239793761983328,-0.1686795242632774,-46.36112381941479,0,,,,,,,,
ES2125,109.49662814344256,-0.961692477719978,13.141597093013033,2.31890855824309,0.25,3.74,False,False,0.0,0.001,,,6676,45.8,1826,0.5176009072737444,0.6917623524792165,0.7304190503473657,0.8556336628926381,1.038664190716141,3.866419071614101,0.7725638471803541,-46.618494701213415,0,,,,,,,,
ES2126,187.95499338606083,-9.136465070556676,46.515648910229686,2.581481420463945,0.25,3.74,False,False,0.0,0.001,,,7439,52.4,5113,0.6017535271946518,0.7885953705946007,0.7930311957921331,0.9577550230370164,1.008437614603478,0.8437614603478037,-0.7614581126086046,-28.056645623055125,0,,,,,,,,
ES2129,348.0674816842241,-5.152206254451653,32.93680298126044,4.000000490574467,0.25,3.74,False,False,0.0,0.001,,,8621,65.8,5019,0.4591357378354963,0.6783286025234392,0.7013143864680348,0.8820373481042666,1.0185527620930988,1.8552762093098611,-0.0786465284236179,-21.209977639222828,0,,,,,,,,
ES2131,125.8573995128578,0.3404365186185629,17.42489757652339,1.5156126391007902,0.0006984014285911,3.781067054167613,True,False,0.0,0.001,,,9677,71.2,5113,0.6511872052504497,0.7875401324745706,0.8121965392399711,0.9033856886479608,1.0231242357160313,2.3124235716031185,0.8042795068063593,-36.26524158753192,0,,,,,,,,
ES2132,895.1970146271278,0.4148506660738043,20.677778560633403,3.6395413646890384,0.5284293025081873,0.5140997711129787,True,False,0.0,0.001,,,11334,80.5,5113,0.656242126688843,0.8029965294851414,0.8178055467645474,0.9281144634845232,1.0211664414821024,2.1166441482102467,0.5868050285268022,-35.97293129382613,0,,,,,,,,
ES2133,143.23446142026722,5.0,10.000000000000002,2.2497725323654336,0.25,3.74,False,False,0.0,0.001,,,9359,66.1,5113,-0.2204212448116451,-0.2875391240895479,0.58476073589135,0.0257202707705879,0.2678030600880317,-73.21969399119683,-1.075925584205744,-96.45203327323696,0,,,,,,,,
ES2134,933.6136381037938,-1.0554525210673495,105.20551253205436,2.000000024881789,0.870687751536195,9.99992685586068,True,False,0.0,0.001,,,11732,84.6,5113,0.1709538670581316,0.5025989594788821,0.5258860345535983,0.8505292164324797,1.0167996351118247,1.679963511182468,-1.548056041954664,-48.53109307907243,0,,,,,,,,
ES2135,243.30645785782468,-5.29603191433747,682.4251555687223,2.999999991449365,0.25,3.74,False,False,0.0,0.001,,,6377,47.0,5113,-0.11902210129876,0.3917649903342431,0.3993925047640654,0.9226379480377211,1.0568821287023074,5.688212870230719,0.0632604672799295,-52.279374221796274,0,,,,,,,,
ES2136,54.67086254047833,0.2599449318364636,12.031928175545533,1.4746028248321987,0.4185994367829138,6.890137979136783,True,False,0.0,0.001,,,9072,72.1,5113,0.5557953546642682,0.6825335951992196,0.7481400081162984,0.8093918162638386,1.0319371720456971,3.193717204569712,0.6589667701100508,-42.498963883880144,0,,,,,,,,
ES2137,382.9681472587521,0.6377494913035274,49.052989568177615,1.8877250602820632,0.9531812132566936,0.1321470403017673,True,False,0.0,0.001,,,11227,85.0,5113,0.5972367450472125,0.7564028043486952,0.7815356596786396,0.897035132568408,1.0317987706040277,3.179877060402785,0.4432581005972409,-32.8460279576259,0,,,,,,,,
ES2138,188.53301852368605,2.4449253281389733,179.98556316940628,1.256793200206877,0.0428439361990612,10.0,True,False,0.8,0.001,,,12565,92.1,4982,0.7969167272529745,0.8974449345846697,0.8977403259504422,0.9926952193341708,1.0026722060259254,0.2672206025925424,0.8591687731952427,-15.36779441660142,0,,,,,,,,
ES2139,145.57177199965358,-8.991817569972183,336.395616542278,1.4993471291157023,0.1974933195874595,1.140088069002203,True,False,0.0,0.001,,,11183,79.2,4383,0.7221328703718004,0.8388822098020345,0.8538655884791579,0.9355492668249252,1.0212079956838946,2.1207995683894696,0.4645571774402353,-35.095603849917175,0,,,,,,,,
ES2140,1153.474932666322,1.2710711069577558,101.93344466109848,3.494812774864904,0.1646445837619976,10.0,True,False,0.0,0.001,,,9493,75.7,4383,0.291339518173885,0.6406840912498923,0.6412419828459046,0.9870199798005694,0.9847643023067562,-1.5235697693243977,-0.7471055497044805,-28.886079147240924,0,,,,,,,,
ES2141,126.24378086050802,0.7879182928503227,41.83411141320188,1.33198113757751,0.3052618611688882,2.5253653653942085,True,False,0.0,0.001,,,9614,66.2,4383,0.8045138808126727,0.8801621065970521,0.8979803271965356,0.939722910855258,1.017882381848267,1.7882381848266955,0.8343343380659469,-21.209811748068507,0,,,,,,,,
ES2143,299.90030007723203,-1.1924402122395057,47.61081057749495,2.532239585766116,0.524773895378326,3.2242339572833334,True,False,0.0,0.001,,,11795,75.4,1826,0.7167323591348964,0.8260186402465092,0.8494224962397825,0.9172077394299668,1.0272281195222692,2.722811952226925,-0.4448464873790849,-32.165617733857395,0,,,,,,,,
ES2145,304.32895428038745,-0.4136722989172746,82.40203855310759,2.539255210418685,0.9999077794551628,1.8826603136636968,True,False,0.0,0.001,,,21060,178.6,4383,0.8035671385733647,0.8929880565258993,0.8989265533678562,0.9658252031003094,1.0082339351994176,0.8233935199417673,0.5886910229602682,-21.243142362215437,0,,,,,,,,
ES2147,35.120665836499896,-1.059414019268366,123.34788355998788,1.1274895134532483,0.1267564482076552,1.4786497828972152,True,False,0.0,0.001,,,8618,60.6,4383,0.640791925877186,0.8095551920609163,0.8139512112121061,0.961101811194684,1.0119165418296638,1.191654182966385,0.7468768500497283,-37.29416189133739,0,,,,,,,,
ES2149,96.20722749554804,1.5713231154429776,25.50519999981973,1.629419849921598,0.25,3.74,False,False,0.0,0.001,,,6676,45.0,1826,0.5958203153922915,0.7189778768862962,0.774178224897517,0.8332243382993676,1.012799930984716,1.2799930984715997,0.3597322329897621,-35.102531607774495,0,,,,,,,,
ES2150,64.21513163797384,1.7280659577238853,27.471139381058094,1.2740225311798836,0.9375181079338972,5.43430834796605,True,False,0.0,0.001,,,9852,72.3,5113,0.7112885978019661,0.8234972053793321,0.8460799601989604,0.9136239033186668,0.9989862058152617,-0.1013794184738401,0.7683211369424308,-26.34139382997292,0,,,,,,,,
ES2151,111.25254444847612,1.4297125962555115,35.55982579166468,1.127141643166118,0.7254318158111923,2.79151702972279,True,False,0.0,0.001,,,10268,67.7,4018,0.7283400244826943,0.8420483568372692,0.8570865781114699,0.9351604691168964,1.017897224834503,1.7897224834503005,0.7720377593231086,-25.806963832776653,0,,,,,,,,
ES2153,13.650365460979812,2.813901451627771,33.67044843573272,2.0000000003410303,0.7376828539763658,9.998976744004445,True,False,0.0,0.001,,,11083,68.0,3287,0.5512037052885088,0.575732494781213,0.747850694502155,0.6632612281014301,0.9449487218879457,-5.5051278112054405,0.2746346192688609,-42.43603044511156,0,,,,,,,,
ES2154,328.7849593487909,1.058718918353067,45.395496351184704,1.2792633374445757,0.4080280269499366,0.0,True,False,0.0,0.001,,,19477,140.4,3287,0.7769085945774717,0.8828915619353643,0.8859271541191022,0.9749483987754172,1.0086133254121747,0.8613325412174744,0.5333382087763847,-22.539248021258256,0,,,,,,,,
ES2155,226.36325043322185,-0.3767564330686433,12.300855109513316,1.330724844021108,0.25,3.74,False,True,97.4,0.0659841543425546,,,8857,66.2,2819,0.7977269250897856,0.8922867845382727,0.9011112418069251,1.0198990132494157,0.9622219698788352,-3.777803012116497,0.8660460453372762,-6.480720358406183,0,,,,,,,,
ES2156,213.77797117143592,5.0,10.000000000000002,5.424270655282555,0.25,3.74,False,False,0.0,0.001,,,9103,66.2,4383,-0.0397520144386822,-0.1809729673712534,0.6976514684736738,0.026692771905656,0.4033798906466169,-59.6620109353383,0.0811419687483686,-95.76970749173736,0,,,,,,,,
ES2157,84.7634515191065,1.5897869578880286,27.43035228283782,1.2341411867542342,0.7223194354910522,2.518250260919535,True,False,0.0,0.001,,,9144,54.2,2717,0.6782102937406886,0.8278865694502393,0.8330129801219274,0.9583130282225468,1.0007513666703338,0.0751366670333853,0.5554102813740587,-21.50756033448763,0,,,,,,,,
ES2158,286.5392316457173,-10.0,120.53292439820946,4.359353513627526,0.5833667955981642,8.632512982820012,True,False,0.0,0.001,,,12130,82.8,2922,0.3809168974149938,0.6187285607731823,0.6511230349837172,0.8562924103987829,1.0547804923501465,5.478049235014628,-0.7289519249067824,-47.84783845683969,0,,,,,,,,
ES2159,153.13669955385453,-3.3266415113767263,48.89165210811713,1.6178027683591727,0.25,3.74,False,True,30.1,0.0315053667680713,,,6420,46.2,2922,0.6332501160105275,0.8168849109524662,0.8169616851820637,1.0018075624152198,0.9950156380938616,-0.498436190613829,0.7268159250565647,-19.19310401100704,0,,,,,,,,
ES2160,373.419622866352,-0.0486823174966339,102.08834010488916,1.28410680410888,0.5755184374805078,9.998243357290058,True,True,65.3,0.2171667720532684,,,10254,70.1,2557,0.8202080935712842,0.896409415028808,0.9152781315756804,1.0456333673836518,0.9616488580796516,-3.83511419203484,0.787505151007855,2.52821498143416,0,,,,,,,,
ES2161,988.1902882225032,0.0367825908137016,30.871435019563947,2.742478154105674,0.9978851246548104,10.0,True,False,0.0,0.001,,,11939,91.9,5113,0.4544408518116304,0.7223894430633975,0.7228917161311612,0.9838847215642592,0.9956505017696065,-0.4349498230393571,-0.002041312903062,-24.85064933873484,0,,,,,,,,
ES2162,122.18024115376627,-0.8158537473537357,202.29497961021912,1.977079238946412,0.3761673383350416,1.214104928186902,True,False,0.0,0.001,,,9642,69.7,5113,0.4698525173404512,0.7128345947169223,0.7195616416394078,0.9384202500052214,0.9948783262510282,-0.512167374897187,-0.3695398820783913,-43.87282986700394,0,,,,,,,,
ES2163,105.60508167050236,-4.052726062960627,183.7948040993847,2.134099010813686,0.4905178971314511,0.700261553361502,True,False,0.0,0.001,,,9749,89.5,5113,0.5708760190738764,0.7657670967724468,0.7738294046156666,0.9406397476692088,1.01372134035469,1.372134035468986,0.2334349592815598,-39.74915670314768,0,,,,,,,,
ES2164,14.923696140996215,5.0,38.52799340454389,1.3714097262099425,0.8292436851049748,0.4746451656603236,True,False,0.0,0.001,,,10885,76.2,1826,0.286250669783809,0.2209289073682144,0.5931343267643824,0.3485192893081083,0.8696735832096977,-13.03264167903022,0.2483029096979069,-77.81073746965828,0,,,,,,,,
ES2500,359.0760857054661,-4.15297918417627,274.3034102828571,7.999953570276088,0.4718748557880582,10.0,True,False,0.0,0.001,,,13603,98.5,2922,-0.0064023589570669,0.4560839364172744,0.4636623457535374,0.9306770838626736,1.058145835267427,5.814583526742671,-0.1373843428350083,-51.58429983885527,0,,,,,,,,
ES2501,90.28090988789812,0.5300783181111337,31.05025290605768,1.0792335561735982,0.9896117864977336,0.1312463001532604,True,True,30.9,0.0749208946122747,,,8462,59.4,3287,0.5982052889031286,0.7051302514441886,0.774423422769775,0.8123640699427677,1.029259770505272,2.925977050527209,0.6629285192399215,-31.08823388998739,0,,,,,,,,
ES2502,162.82508037025397,1.244241305571243,38.68687629583316,1.1566815814910605,0.1539673641895181,0.0129158537126026,True,True,28.9,0.2533036418203079,,,9754,66.6,2922,0.6140642793711903,0.7932958828115505,0.7989404828350195,0.9544914555719,0.9848133280776584,-1.518667192234157,0.7412640950377923,-23.12562617197529,0,,,,,,,,
ES2503,517.9299883084628,3.286660851531324,116.37086518074298,1.4851480863236295,0.1499224647863808,9.928625033042964,True,False,0.0,0.001,,,7189,54.5,3287,0.3850859815030913,0.5956610977149628,0.643948294779769,0.8137417460479075,1.0449999327283106,4.499993272831057,0.0976140081181634,-42.66453983708052,0,,,,,,,,
ES2505,576.1938117543943,0.3124110766388841,34.71036562634488,1.999999991866335,0.2696019018379499,8.751632019304685e-08,True,False,0.0,0.001,,,16068,108.4,3287,0.6407535784156175,0.7632395792720589,0.8035867381785196,0.8724468597573075,1.0347494434221078,3.47494434221078,0.2538445217597564,-25.86008395864973,0,,,,,,,,
ES2508,57.62420590630248,2.6122757379582024,38.7849731769203,1.312081104975951,0.9070398798029988,9.093658810617075,True,False,0.0,0.001,,,9621,64.4,3287,0.6472103802750349,0.7185085741476698,0.8045250068117951,0.7974491404642734,0.9996850908264971,-0.0314909173502675,0.7148626551110759,-38.7046341573767,0,,,,,,,,
ES2510,170.9035517656119,1.7865255759268568,45.95547676466288,1.1435310136703078,0.6095923948381404,2.8441549138747426,True,False,0.0,0.001,,,12430,90.3,3287,0.7677723670691521,0.8519778035564334,0.8774653433959188,0.9207215987643456,1.024713633250016,2.471363325001602,0.6863258267247871,-27.33730225328244,0,,,,,,,,
ES2511,44.05468810351984,1.577105106921869,22.61406528197007,1.3843732688897843,0.9896837256791504,4.301986122087116,True,True,40.3,0.2225661578548953,,,10531,68.2,3287,0.6413416139673116,0.7307844877460414,0.8013813314266204,0.8209301943972718,0.9689899813979344,-3.101001860206546,0.5314042789799365,-30.761348302003363,0,,,,,,,,
ES2512,55.465795015782696,2.347238244075612,35.45581090669216,1.176409233656253,0.903563557012781,3.0958566353641856,True,False,0.0,0.001,,,10473,72.3,3287,0.6127141521856649,0.7002217007743922,0.7829192856425685,0.7938391955982027,1.0155149885294568,1.5514988529456668,0.6661216735401152,-46.79825180886508,0,,,,,,,,
ES2514,2952.675263570105,-2.5589999738261158,48.13380235130563,1.0385827638656877,0.524973457043485,10.0,True,False,0.6,0.001,,,12565,76.1,2922,0.591696371190727,0.7908923929862524,0.7919458148614816,0.98008729616185,1.006552219716797,0.6552219716797019,0.4094580074874022,-22.4650483948706,0,,,,,,,,
ES2516,517.1583569089282,0.1220541137071327,25.44920691971405,3.288668732433464,0.8475732418195917,1.474685433987306,True,False,0.0,0.001,,,13082,107.4,3287,0.7630009465084467,0.8714107935283837,0.8776813502483665,0.9628034366731532,1.013774890947266,1.3774890947265896,0.544209730971183,-24.30555869938229,0,,,,,,,,
ES2517,199.20107368777843,-7.166473341501666,105.28639564758876,2.4454162636897383,0.4892856264797053,0.9319126109929412,True,False,0.0,0.001,,,11662,79.3,3287,0.7867759921243949,0.8936830264355484,0.8937350392050404,1.0032159870840631,0.9991547768193328,-0.0845223180667249,0.8926177752832034,-14.021313554911936,0,,,,,,,,
ES2518,538.9474880275837,-0.98784454374446,25.949395377154072,3.571629674427606,0.9504718085991392,6.562001684225061,True,False,0.0,0.001,,,13617,126.7,3287,0.7859399464278176,0.8933442981400513,0.8948147380548895,1.0161997225319312,0.9929951160848164,-0.7004883915183707,0.7752093752992667,-12.481371452596232,0,,,,,,,,
ES2519,195.7623379168273,1.733620991094698,57.56240612159274,1.0984955809393724,0.5766570777087624,2.5030897873619167,True,False,0.0,0.001,,,13340,92.8,3287,0.8167651160999586,0.8989220891245597,0.9057041846870132,0.9648391669271356,1.0094212047544198,0.9421204754419537,0.811368429165541,-14.978334436849892,0,,,,,,,,
ES2520,203.17329404756356,0.6128398458672814,45.37338715029315,1.3361221860870576,0.577700332579908,2.0824204300362883,True,False,0.0,0.001,,,14627,102.1,3287,0.8044949412201425,0.8984954778172684,0.9004733462852099,0.9801948271625538,1.0023169705996848,0.2316970599684734,0.8521934178631136,-13.077657365920969,0,,,,,,,,
ES2522,138.99010625636234,-10.0,214.9466743117808,3.000000004193442,0.0940776086023088,8.340025753814327,True,False,0.0,0.001,,,10592,80.4,3287,0.6232111776268487,0.8122398528311127,0.8123212767538222,1.003745725050537,1.0040668476013483,0.4066847601348261,0.3918112321484588,-43.02097849167093,0,,,,,,,,
ES2524,156.6006707389298,-10.0,307.3016315537905,3.910353720276913,0.3165026500556078,0.0,True,False,0.0,0.001,,,15125,74.0,2555,0.5205508908654459,0.7621729060202369,0.7624621153195824,1.0089444762209328,0.99241868629162,-0.7581313708379949,0.1214589256192946,-34.934036669476484,0,,,,,,,,
ES2525,77.86942311795099,2.74380455519855,38.153289930945576,1.441282665995221,0.8505865662449202,3.4328169925023624,True,False,0.0,0.001,,,10168,67.6,3287,0.5495068152930078,0.6522459658091939,0.7417287495924554,0.767167248959029,0.9957881652932506,-0.4211834706749369,0.6014626405925436,-42.98613813862225,0,,,,,,,,
ES2526,149.4652762993535,2.1735663145287765,40.34669841270126,1.5269932737094398,0.4152809846561474,5.078414181523239,True,False,0.0,0.001,,,9635,68.6,3287,0.5852293105470251,0.7360978475504357,0.7712531407104758,0.8689149616769934,1.0116590377196226,1.1659037719622467,0.6886214319375531,-46.7074870053769,0,,,,,,,,
ES2527,342.96477721129617,-1.109378812096623,43.05759057532737,3.1458494474816834,0.7859490955053423,1.9033001725853311,True,False,0.0,0.001,,,15633,136.6,3287,0.714633416564829,0.8582912927247882,0.8585996218568345,1.0087855698581756,0.9968212359558184,-0.317876404418135,0.7960050920273295,-21.8764942926061,0,,,,,,,,
ES2528,1055.262001357356,-0.2034471105040175,34.392019112632035,2.529369557339513,0.9729685330889104,4.938715081732949,True,False,0.0,0.001,,,10545,74.7,3287,0.7230216522815737,0.8606230993937828,0.8607382001334464,0.9943368407237774,0.9999878535832488,-0.0012146416751117,0.6408378699928743,-20.57484961055616,0,,,,,,,,
ES2529,77.78979432247233,1.7880251619964715,33.099786419921564,1.2372256907330572,0.9834185707863806,8.390497747995822,True,False,0.0,0.001,,,10424,71.6,3287,0.683465226238271,0.7711598156354393,0.827124521618441,0.8507812042460111,1.0146850246197476,1.468502461974767,0.7356543878906439,-36.35714429859303,0,,,,,,,,
ES2530,371.3550309105127,1.1523480522962828,64.0939865093189,3.0635777940708,0.9998218271794436,1.5594878712978124,True,False,0.0,0.001,,,16547,116.8,3287,0.8075036325937961,0.8898263836023235,0.900372204144951,0.955554660511941,1.015399345473047,1.5399345473047006,0.5139032918640912,-21.20621518932059,0,,,,,,,,
ES2532,161.1831768818413,2.3836346123516226,90.57639732143498,1.2189161178327932,0.0086757019610029,6.462401365248573,True,False,0.0,0.001,,,11406,83.6,3287,0.7842942928817896,0.8909393459568743,0.8912893533061983,0.9917698043301868,1.0029129769937937,0.2912976993793797,0.8432948935006848,-13.317456074070304,0,,,,,,,,
ES2535,64.75646917849267,1.7301859676251756,27.468656227734755,1.5337377661655671,0.957646802146038,10.0,True,False,0.0,0.001,,,12067,82.0,3287,0.593703780498915,0.6947786823423114,0.7710144814669504,0.7982774191154832,0.9941960861364388,-0.5803913863561195,0.5519216536399587,-41.03892526014498,0,,,,,,,,
ES2536,75.66563114543571,0.6545246122134127,17.89739023173157,1.3715138767064845,0.9342183175891,6.07062369385145,True,False,0.0,0.001,,,8767,61.8,3287,0.5564893774397384,0.6837849157729141,0.748396335949208,0.8084602001367349,1.0002842486579433,0.0284248657943331,0.5294103920968645,-38.49243947904544,0,,,,,,,,
ES2538,175.87000709684563,-1.4786493763672093,21.699354225589573,2.143807140885217,0.184972180995831,2.343510051749288,True,True,50.4,0.02378146795147,,,10224,74.3,2922,0.7230005627452735,0.8598385797828657,0.8607149041874338,0.9940552685933014,0.985524297244328,-1.4475702755672075,0.7858532486133984,-13.558202328848736,0,,,,,,,,
ES2539,40.303793698357296,2.1523185176989785,28.632208835047788,1.3775282888176588,0.6489813644052514,10.0,True,False,0.0,0.001,,,10417,63.4,3287,0.5933118841220919,0.6632074667656468,0.7704648647147907,0.7536653240522345,0.9921222123839916,-0.7877787616008475,0.5985489868013771,-43.28872935369712,0,,,,,,,,
ES2541,361.8510193118312,1.692120748615986,116.73914861683517,1.998803783762921,0.7696738317094391,0.0,True,False,0.0,0.001,,,14862,98.4,2557,0.6478094227000322,0.8155128084521546,0.8185359062220107,0.9674475917366792,1.0068298778029048,0.6829877802904685,-0.2324810606466327,-10.460141007296428,0,,,,,,,,
ES2542,66.51915647699775,2.8972675955123552,38.60416537804326,1.1574630991396118,0.8845237685986269,7.442903545163706,True,False,0.0,0.001,,,9756,66.7,3287,0.6272809477249965,0.7354089810977994,0.7931209161970687,0.8350547755882239,0.9984110027334084,-0.158899726659164,0.6851205296415099,-39.91945486735033,0,,,,,,,,
ES2545,675.5920119065183,-0.4033316677954549,87.00384213825582,2.296176882072262,0.8904542592844805,10.0,True,False,0.0,0.001,,,16163,152.2,2557,0.598056138848708,0.7785523193680317,0.7876761719512841,0.9372323509758248,0.9957703976551542,-0.4229602344845729,-0.3369184109246714,-33.57279898861445,0,,,,,,,,
ES2546,694.2582455141335,0.2655035322733159,45.13909354156586,3.1412144310107557,0.9752320360049382,10.0,True,False,0.0,0.001,,,14755,120.1,2922,0.5969501136485369,0.7833671419260352,0.7893272505456987,0.9506446193978182,1.0105277842053102,1.0527784205310018,-0.1383541377249197,-24.73755253846484,0,,,,,,,,
ES2547,97.66605439299911,3.315098094582896,60.40474525502936,1.312061345376983,0.8502362807667362,10.0,True,True,8.9,0.1204874857749579,,,12067,72.9,3287,0.7082107056988989,0.8044749700216044,0.8425741845673483,0.884045320123207,1.0012892626139156,0.1289262613915585,0.6543642306134534,-23.86573369828614,0,,,,,,,,
ES2548,1197.2343733247726,-0.0611274133809643,10.000000000000002,3.4441216097404705,0.25,3.74,False,False,0.0,0.001,,,8985,80.4,3287,0.4661901910655495,0.6572922883925778,0.6978738966398794,0.8409118039419193,1.0293144868386168,2.931448683861689,-0.3115537449907071,-45.79266383720342,0,,,,,,,,
ES2549,959.021578786718,-10.0,38.42766919496845,1.160968121103153,0.1980394756724656,10.0,True,False,0.0,0.001,,,14755,101.2,3287,0.483551278902675,0.6926388123610716,0.7165300718936616,0.8874803365775894,1.038144788235187,3.8144788235187104,0.4509312470491218,-47.24547336846799,0,,,,,,,,
ES2550,72.91818722263487,2.2945990770435616,35.72954745542538,1.4524566056320838,0.64519195410356,5.188822936662182,True,False,0.0,0.001,,,9891,69.1,3287,0.6578533079399368,0.7812176082366945,0.814140637373861,0.8846132482546598,1.0028159885541452,0.2815988554145266,0.6147371276825961,-30.996620485738838,0,,,,,,,,
ES2552,254.8637633532105,-7.901688292973605,198.8716342322013,5.148001231439649,0.9392519586015844,0.9054147646974152,True,False,0.0,0.001,,,13133,93.2,3287,0.3879683586189799,0.6905070884147327,0.6906982574798147,0.9891860363168812,1.0011630068629402,0.1163006862940316,0.122793393738576,-31.10602619636587,0,,,,,,,,
ES2710,559.4192341767452,1.41767875002221,34.61848796808667,1.9999999311852432,0.7828842240408876,2.244615244759897,True,False,0.0,0.001,,,14143,141.8,5113,0.5712239565981947,0.737764579499282,0.7657336700122516,0.8861059936009438,1.0302466147796987,3.0246614779698664,0.1805600747399561,-37.25350331379488,0,,,,,,,,
ES2711,281.91885829962007,5.0,10.000000000000002,2.353723397623388,0.25,3.74,False,False,0.0,0.001,,,7311,74.0,5113,-0.5219961304476752,-0.4204814566479078,0.7317522374282922,0.0019655909283312,0.0254549651941169,-97.4545034805883,-9.223418610475862,-99.616695523946,0,,,,,,,,
ES2712,271.4813768102948,-3.6181511442193455,20.660432785865517,2.3436842117115075,0.9775659958873192,2.7055126536338574,True,True,16.3,0.0046336684936972,,,16389,133.4,5113,0.5703311057061566,0.7688392002071509,0.7748028966781655,0.9479687662906296,0.996214404273359,-0.378559572664098,0.5779579040511784,-21.601770555537996,0,,,,,,,,
ES2713,240.9242463973687,-0.1678305437956711,31.80894857811048,1.5596638738593729,0.6611456879922591,4.244093100997652,True,False,0.0,0.001,,,10808,75.4,5113,0.7250407598301176,0.8594454228826969,0.8604046403312375,0.9839073379273356,1.003122648713475,0.3122648713475067,0.7016862151211685,-16.721009148652286,0,,,,,,,,
ES2714,640.2766549257681,-0.0730460673814714,36.20071763205471,2.1708015289483478,0.4647988984667494,7.1659135076065725,True,False,0.0,0.001,,,17443,121.0,1826,0.7554310553263585,0.8771679773351351,0.8772530498745043,0.9961610949778684,1.0024808940045906,0.2480894004590501,0.812009714090299,-14.827986680860825,0,,,,,,,,
ES2716,231.8372975916854,-1.5196942636220816,12.13909417539842,2.088038149623227,0.9788804663765528,0.8558683432435543,True,True,35.2,0.00404086106998,,,12158,87.7,5113,0.4296795226788378,0.6497494082876811,0.6798994218198391,0.8602857993098827,1.0262876200725333,2.628762007253329,0.2084620428509493,-32.16832536101877,0,,,,,,,,
ES2717,178.0011729079654,-0.5392351577106294,12.831369560986452,1.9934488936670856,0.25,3.74,False,False,0.0,0.001,,,7833,56.9,5113,0.5931122751004014,0.749982017826813,0.7781648764331652,0.8893059972281804,1.0323265697591255,3.232656975912532,0.099907877993935,-29.91448664967893,0,,,,,,,,
ES2718,378.6219130672319,-0.0133787910982826,10.885883899366949,2.0795828670585315,0.914418021491695,4.816144382612539,True,False,0.0,0.001,,,12835,90.5,5113,0.2263390100590512,0.6002387245278694,0.6014312200107669,0.9693681879467506,1.0037009560026242,0.3700956002624029,0.023036549580031,-29.972066185488448,0,,,,,,,,
ES2719,454.07040937179056,-0.2153513392930255,10.000053671835907,1.999999990144888,0.25,3.74,False,True,44.7,0.0160223572025476,,,12054,86.9,4383,0.471752113023258,0.7189967424791173,0.7234830411386834,0.9507812585169012,0.9911277011853522,-0.8872298814647781,-0.0492809837901522,-27.12029786196727,0,,,,,,,,
ES2818,452.69243580352304,0.0835256330915363,80.5106354770507,1.6558544657736898,0.805306621764745,0.7546343166857237,True,False,0.0,0.001,,,12835,92.2,5113,0.8235314091840851,0.9114479535161544,0.911502162002923,0.9969693626901176,0.9993574707662676,-0.0642529233732416,0.8366537171337514,-13.93509607131045,0,,,,,,,,
ES3001,97.83247347107503,1.824709808782226,207.6517814100214,1.1374315170497349,0.0100998460661374,10.0,True,False,0.0,0.001,,,12195,89.1,5113,0.6082968086146301,0.7809407787244291,0.7924306687565682,0.9320110473699958,1.016715785153234,1.6715785153233889,0.5473107225878289,-41.59708968728407,0,,,,,,,,
ES3002,26.96659947748964,5.0,55.71428591169749,1.136675928910618,0.8708070125675454,4.495805670626676,True,False,0.0,0.001,,,12067,77.9,5113,0.4136165105957218,0.5209538524353055,0.6446263036061293,0.6805565365193765,0.9660791944754296,-3.3920805524570534,0.4644174939179288,-57.12501946336845,0,,,,,,,,
ES3003,2743.0938344794668,0.2323512239258244,66.36427927116306,2.111733632120746,0.9741258588151516,4.417254301030254,True,False,0.0,0.001,,,9279,62.6,5112,-0.1950397609057894,0.357282250338627,0.3624842631304779,0.929295420813187,1.040751116003187,4.07511160031869,0.0635926319453373,-76.33135922530039,0,,,,,,,,
ES3004,190.2432042339401,2.8034389323127744,56.806974130127024,2.05459864494053,0.8603531349708404,6.345307545610646,True,False,0.0,0.001,,,12316,90.0,3501,0.5629386025047214,0.7352497327484355,0.7612147073163014,0.8883919550711425,1.0248582444048908,2.485824440489075,0.7223706751222039,-38.42510342946829,0,,,,,,,,
ES3005,88.2386087401207,-7.211868637962501,466.1028322486963,2.274710993368744,0.5377139015379621,9.998192202603136,True,False,0.0,0.001,,,10012,92.3,5113,0.6551110850335398,0.8048432807173982,0.817904702353956,0.9335024762157904,1.0224839273018609,2.2483927301860787,0.5783256335562614,-38.10963313363492,0,,,,,,,,
ES3012,2999.9999999999977,0.4524620599660549,15.898895282930544,2.2514403783650296,0.9655445040304116,9.999110056910942,True,False,0.0,0.001,,,13610,97.4,5113,0.5060445478106018,0.7400384639998727,0.7434022653524044,0.9589721084732968,1.0073698636446455,0.736986364464536,0.260803363205267,-40.76411051439906,0,,,,,,,,
ES3014,2999.9999999999977,0.4709011530869815,19.32722763938949,1.7614681429244792,0.9550961027603,10.0,True,False,0.0,0.001,,,15779,112.0,4635,0.4942708138291529,0.7321522085883203,0.7361404521784932,0.9542372478160762,1.0051331179703362,0.513311797033611,0.2016102147790194,-42.17128819999218,0,,,,,,,,
ES3018,269.12602193583086,-0.1020018336046924,60.96246311342292,2.4936470962541843,0.8775933103588595,10.0,True,False,0.0,0.001,,,10915,77.5,3379,0.2422428123004402,0.4317157167623316,0.5234437043258364,0.6991729148307323,1.0731039565060043,7.310395650600438,-1.0180375303736282,-61.16120700105707,0,,,,,,,,
ES3024,1551.6372339161896,0.3619408922828536,15.150042391025668,5.36640641622644,0.966105563828315,9.999795701852388,True,False,0.0,0.001,,,13589,96.1,3287,0.521990112603093,0.7448678256278016,0.7500072844657748,0.9507121721887938,1.012914279281582,1.2914279281581869,0.2051673751594024,-30.00972849643853,0,,,,,,,,
ES3026,2493.062356638473,0.2732965214595251,10.000000000000002,2.636832701869916,0.970276974540456,10.0,True,False,0.0,0.001,,,13268,91.5,2710,0.4182403197229003,0.6817146664255325,0.6901553135201187,0.9299550969803936,1.0198880715447236,1.9888071544723736,0.1315091214499405,-47.65419580369663,0,,,,,,,,
ES3030,1761.5103015469315,0.2590707780119909,26.266447797460533,1.7137132921564864,0.0452640554787757,10.0,True,False,0.0,0.001,,,11164,85.2,5113,0.403964226174573,0.6724231506271174,0.6813302943682459,0.9259739523782418,1.0166239354888222,1.6623935488822297,0.2926388096261485,-46.47149900057632,0,,,,,,,,
ES3031,34.77231504793604,2.758100874951842,693.326626495406,1.920912830796229,0.6539936403119208,10.0,True,False,0.0,0.001,,,10794,76.3,4383,0.3937350908928687,0.6747556975512976,0.6801229101023181,0.942154705503716,1.0107900666620484,1.0790066662048323,0.0124872123711406,-37.536744102288665,0,,,,,,,,
ES3034,230.32943689162823,0.103856255101057,26.68040648597059,1.432225506630507,0.0465638666495965,7.272545447738248,True,False,0.0,0.001,,,13627,84.4,4383,0.474557377282937,0.7144798246840172,0.722167353911069,0.9385540913390442,1.0235625038678382,2.356250386783824,0.2278193959611606,-37.8229935872936,0,,,,,,,,
ES3040,135.68051761816045,1.3623473443016365,31.410854287720948,1.6395977855372394,0.6904142876845694,10.0,True,False,0.0,0.001,,,12174,85.8,4383,0.6170668871678469,0.7005472813085314,0.7857049730542053,0.7931727241720378,1.031177718511735,3.117771851173506,0.5940647110245312,-43.7139839609542,0,,,,,,,,
ES3041,169.51665300059483,0.7105091557641893,254.46619667656148,1.8985248600312143,0.2214152376651847,10.0,True,False,0.0,0.001,,,11157,80.1,5113,0.6328671573183673,0.7999611326863781,0.8076609268446626,0.946745070348454,1.013606683713216,1.360668371321589,0.4783600976350067,-37.42580518610086,0,,,,,,,,
ES3045,95.50073311856798,-1.682192077656472,536.686225961984,1.400948507310628,0.7133070162342792,8.780030166853905,True,False,0.0,0.001,,,10538,78.8,5113,0.5853401437713732,0.7413647549180845,0.772721853004712,0.8792797534577673,1.0257576390950975,2.575763909509765,0.3985371805034455,-43.91187633688341,0,,,,,,,,
ES3046,210.60948706814688,-0.6679280294003093,15.565477482595448,1.3979313487926597,0.3430506546393655,2.362361623060283,True,True,82.7,0.0031493844238717,,,14988,92.2,4748,0.5202210164694931,0.7511005401351225,0.7542687557619933,0.9745219420230412,0.9697020580238268,-3.029794197617313,0.7540766928037469,-39.63982549979539,0,,,,,,,,
ES3047,204.81941537764797,0.0532940989444675,26.013450981219773,1.2230838657555227,0.5757484639714737,8.920419131939573,True,True,43.5,0.0069307668453069,,,10773,66.3,4748,0.702385306810915,0.8492577149709762,0.8522865165676186,1.0063101115150623,0.9706036430707734,-2.939635692922661,0.7684348317635232,-12.724232098767416,0,,,,,,,,
ES3048,208.11542049833568,-1.0076443287836022e-06,38.93238090929908,1.269039293915067,0.3476501560983124,4.429777674489365,True,True,81.7,0.038361131435574,,,10275,73.7,4625,0.6875502650564049,0.839066534038725,0.8487146720742524,1.0272546521172268,0.9523605839805228,-4.763941601947717,0.7969490259255011,-2.5454569771236835,0,,,,,,,,
ES3049,73.8018270970772,1.4766945146934691,24.30265846385693,1.330702680570587,0.9044284471563854,8.700348177199208,True,False,0.0,0.001,,,9998,70.6,4383,0.6399776025386279,0.7617575454507796,0.8025585487740496,0.8667247644819661,0.996251388918464,-0.3748611081536039,0.6949846753349886,-33.13823486156335,0,,,,,,,,
ES3052,157.75020561261212,-9.999902029719514,200.9663288541645,1.8809786083590536,0.8671067741885058,4.870929493687921,True,False,0.0,0.001,,,12663,97.5,5113,0.5208381122189483,0.7265957646094939,0.7414375020215143,0.911358536052679,1.0061645306284095,0.6164530628409478,-0.7102585129083243,-44.815710929342245,0,,,,,,,,
ES3054,261.4350702930555,-3.4859569218843505,33.79842446950957,2.363383197560433,0.811530927174007,10.0,True,False,3.9,0.001,,,14250,105.3,5113,0.2908573785705971,0.4645218532673476,0.5598359266075906,0.7074229738125697,1.0859716108384465,8.59716108384462,-0.5407395971852254,-59.25121321436665,0,,,,,,,,
ES3060,1192.8639449125592,0.7782200828899962,24.982146861216545,2.088814898069632,0.8568053844428334,9.706696387345252,True,False,0.0,0.001,,,10929,81.6,5113,0.3123401968915394,0.6025032601250183,0.6202653568308379,0.8866823817348233,1.0310544099788697,3.105440997886969,0.333477098098658,-55.2331262313476,0,,,,,,,,
ES3061,144.76169106294518,-9.999986321824574,166.54124237298666,1.999999990724256,0.6824627738424083,8.86739377851465,True,False,0.0,0.001,,,10585,94.2,5113,0.4963725562454143,0.7410705605477614,0.7424658620465825,0.9765545756603848,0.986925808584238,-1.3074191415761869,-0.8816930446003122,-29.86759452352471,0,,,,,,,,
ES3062,176.3112872951238,-9.999990528684364,302.33767329290623,1.9999999653462903,0.6125929455226211,5.11464230161482,True,False,0.0,0.001,,,10722,109.0,5113,0.3036877423512447,0.647158632253275,0.6474094053317991,0.9871747706856686,1.0035237533879269,0.3523753387926975,-0.4736200904780274,-42.30524504072424,0,,,,,,,,
ES3063,1117.8699381947874,0.4584671799527768,12.54501577088297,2.278397162791112,0.9666133053498224,9.027478239940905,True,False,0.0,0.001,,,10780,98.2,3653,0.413915413301355,0.6486135334917422,0.674101267259615,0.8730294229863844,1.0337777651155238,3.3777765115523657,0.0839259098520407,-45.982812546915625,0,,,,,,,,
ES3067,207.966214600373,-0.2104626126705813,44.68895738933049,2.112384119858344,0.9113838192206268,1.1335895699115284,True,False,0.0,0.001,,,10317,78.9,5113,0.5198336464995041,0.6284944086273452,0.7228192877630613,0.7633926930023498,1.0721404148885287,7.214041488852889,-0.534649749606092,-44.68004947310469,0,,,,,,,,
ES3070,717.4067342588356,0.8273043856827575,34.34188647160187,1.5536608020364324,0.7718965456007089,3.095246744972867,True,False,0.0,0.001,,,9470,66.0,5112,-0.0156052019846484,0.4402214127667234,0.4475981637532518,0.9119528270057118,1.0212596651859254,2.1259665185925303,-0.4662764130279582,-47.79322227108752,0,,,,,,,,
ES3071,60.84376150264782,2.352973432146823,34.80861643077005,1.082271331765948,0.7727125642059417,5.700561573772198,True,True,3.8,0.1627242398515379,,,12437,85.4,3653,0.6279282648598616,0.7962761940499664,0.804646588761655,0.944005014196454,0.9856823398151218,-1.4317660184878198,0.6495210147371944,-32.31103768555081,0,,,,,,,,
ES3075,294.79839000362114,-2.436250571319125,31.849574683531788,1.3086669476964314,0.9452423898192548,7.446478224140081,True,False,24.6,0.001,,,11497,74.1,4018,0.3778940941681848,0.62620044652495,0.6517450502640919,0.8679074583860221,1.0315619488078045,3.156194880780436,0.5283886033798024,-49.467856736101886,0,,,,,,,,
ES3080,405.1313586501534,-2.426300286795417,360.78886079181626,10.0,0.999905849601782,0.0991904134646682,True,False,0.0,0.001,,,13715,103.4,5113,-0.6058963352544755,-0.0417514708225008,-0.0131599840237558,0.7637261744979535,1.054107791642749,5.410779164274905,-0.9599380681952364,-86.27308773945838,0,,,,,,,,
ES3082,2999.9999999999977,0.0437897710632313,71.81249032480643,2.83748271640366,0.9979255076468034,5.148945428764747,True,False,0.0,0.001,,,11676,100.8,5113,0.0509439419689481,0.5174841496529016,0.5179452993181768,0.9834123226194456,1.013025373156265,1.302537315626497,0.2440543142834326,-73.09421657662827,0,,,,,,,,
ES3100,223.4509366793021,0.3657347247080317,26.553320152370212,1.2088405843070698,0.9529902358653558,9.684116762023365,True,False,0.0,0.001,,,13054,95.6,5113,0.5901405482746414,0.7530756127443907,0.7773187221164989,0.8954960980347979,1.0215322078704543,2.153220787045434,0.8255154111226812,-33.61935427119934,0,,,,,,,,
ES3101,297.86510944669686,-2.045396814232451,59.24087467119861,3.275052086093964,0.9619300997233434,7.359568516217197,True,False,0.0,0.001,,,14569,145.6,3379,0.550810347366874,0.7411916494898518,0.7585554743880514,0.9142743364940504,1.0365706707932671,3.657067079326709,0.2035488419615879,-26.3389958700789,0,,,,,,,,
ES3102,73.7463159969575,-10.0,511.2030471605515,2.081929672373474,0.4874341556368776,5.550359389434007,True,False,0.0,0.001,,,10303,70.3,4383,0.297208637431874,0.5970809068679719,0.6155801134438386,0.8954475713188758,1.0602821373821665,6.0282137382166185,0.2727928788797724,-55.16303242048826,0,,,,,,,,
ES3103,80.28711111616863,-9.999996504379842,590.7740195282636,1.530605219163198,0.5823039883000669,0.4493160625336795,True,False,0.0,0.001,,,10031,74.6,3653,0.1800221914300879,0.5538836962851277,0.5669608434224697,0.9332762195374316,1.083933202200466,8.393320220046599,0.0758114035239903,-51.285971043470525,0,,,,,,,,
ES3144,862.6196839353189,-0.4272824332308241,58.84944120784338,1.3749061283870354,0.7030153207520069,9.74558538964649,True,False,0.0,0.001,,,11562,86.2,5113,0.8204333304417979,0.899026879005606,0.9074339445432104,0.96177115722612,1.012870591310777,1.2870591310776995,0.6466453700610368,-17.43064757532842,0,,,,,,,,
ES3146,389.78743691481856,2.015677293193761,46.4596984609459,1.18930412151218,0.9966822032002804,1.480754987173338,True,False,0.0,0.001,,,14350,107.8,4383,0.7940975434105126,0.8900552539552435,0.9021941040883372,1.0419554736624803,0.9724030411545052,-2.759695884549473,0.7408995897830246,-3.0722756882570783,0,,,,,,,,
ES3147,706.0134913384038,2.777616783241259,46.45375080336458,1.5796088575229494,0.1988441119663841,10.0,True,False,0.0,0.001,,,11427,83.0,5113,0.7084885907205882,0.8330966081141163,0.8468324117083622,0.9381522033470509,1.023901509766365,2.3901509766365154,0.4665537737674589,-25.161141990418404,0,,,,,,,,
ES3149,574.5258245952331,-8.688178105312037,536.1473077616059,10.0,0.9999884371835654,0.1049447525973545,True,False,0.0,0.001,,,17385,130.1,4383,-0.577158113736995,0.234074115818086,0.2421646868863145,1.0105035782629423,0.889465964059014,-11.0534035940986,-0.6632125741192094,-84.810274761296,0,,,,,,,,
ES3153,225.6813488295987,-4.310002638363718,75.75971152437333,2.152009631632112,0.545097658584546,7.084336000221975,True,False,0.0,0.001,,,9414,63.3,5113,0.462961400036577,0.5943451090877925,0.6845316790170094,0.7539175665617638,1.0669258166202242,6.692581662022432,-0.3863907955518906,-54.4435366808676,0,,,,,,,,
ES3158,781.9531347615062,0.3078869243822707,55.13560673481293,1.379300054545544,0.7363742379818687,10.0,True,False,0.0,0.001,,,12102,87.7,5113,-0.42814914779818,0.2709800364408762,0.2717353362880837,0.9797219241043432,1.0262580748396666,2.6258074839666783,-0.1052192640801894,-55.41116644998261,0,,,,,,,,
ES3159,125.56577178596758,0.4410944488860966,18.83836693888885,1.8059607988909647,0.7216749007689821,4.616170510371022,True,True,7.7,0.1414908516344106,,,9621,79.2,5112,0.5673972995140466,0.7491651206481023,0.7666522936964656,0.9091366369174568,1.0145201209254764,1.4520120925476423,0.7644121576876062,-32.42856119811563,0,,,,,,,,
ES3161,243.7219874247025,-4.591190520800048e-06,30.13252433840408,1.3503999779966296,0.2686139095942563,7.165125349888502,True,False,19.8,0.001,,,10780,76.1,5113,0.7172936228944644,0.8584861139996254,0.8590847111278302,1.0029603861676026,0.9873391387836908,-1.2660861216309327,0.7988894107577862,-14.11225155033063,0,,,,,,,,
ES3162,383.4114959111499,1.2476650729244592,53.39609789274957,1.072020293079936,0.4309963794522252,0.0847472419005912,True,False,0.0,0.001,,,12870,95.2,5113,0.702808885029913,0.8428913579682121,0.8468938402527861,0.9668186810989658,1.011858723562043,1.1858723562043232,0.2026652487686908,-24.54187336612009,0,,,,,,,,
ES3163,197.97046132124152,-1.2353772674923236,28.15586913788345,1.560683199560663,0.9841669063122344,0.0089890087861632,True,True,72.9,0.1157952586757617,,,14932,111.7,5113,0.826121221670972,0.9118790088596964,0.9137939327117552,1.007939866262224,0.9835445581650908,-1.645544183490929,0.907568751156106,-7.85107281895747,0,,,,,,,,
ES3164,2990.2028124070625,-0.5191439320977755,14.484017509486671,2.2344175413588525,0.25,3.74,False,False,0.0,0.001,,,6927,49.2,5113,0.5265796470302531,0.7618670559725271,0.7621439559896992,0.9948626886153252,1.010266907552826,1.026690755282604,0.4911468612381517,-15.477915136988004,0,,,,,,,,
ES3165,81.5543356045114,0.6396493849153015,14.862270755585394,1.5899039163140314,0.5715778542682424,4.909209556133337,True,False,0.0,0.001,,,8639,61.5,4110,0.6704816305243757,0.8066303201569476,0.8243326335135022,0.919377359329832,0.9942729374307564,-0.5727062569243496,0.7946853211932815,-27.908166725192768,0,,,,,,,,
ES3168,307.2207395357572,-2.011174048775565,13.64855234050061,2.221202858450988,0.2158020074890003,3.1350621490012394e-09,True,True,52.4,0.013285709958516,,,15893,115.9,4383,0.6684235527717466,0.8177290186278979,0.8262356806325752,0.9455476561981414,1.0079758522810405,0.7975852281040652,0.7606932672030726,-26.77620783023223,0,,,,,,,,
ES3169,179.44481655693954,-2.528925564133706,10.000000000000002,2.000000107473332,0.25,3.74,False,False,116.4,0.001,,,9542,82.7,5113,0.3316063503988274,0.6185311881346389,0.6331815089489482,0.8964358141277348,0.9846016736748884,-1.5398326325111578,0.7875801083220988,-46.99384141126109,0,,,,,,,,
ES3170,143.53450298575495,0.9881002889837902,29.30911805384128,2.219856987359615,0.9717163206138548,3.895771806759104,True,True,32.5,0.0717396043107437,,,12579,95.4,3653,0.7254461042399825,0.8517723341201929,0.8579485058733801,0.960572178988768,0.984564298562202,-1.5435701437797973,0.6662589413835502,-18.45505549149494,0,,,,,,,,
ES3171,187.0586787393748,0.0408703059052255,18.924954564019934,2.2081654592257007,0.96837630895368,3.821717811515416,True,True,14.3,0.0099960605657323,,,13210,90.8,3653,0.661007602241608,0.8238844440081607,0.8263940953611267,0.9742514240858372,0.9853477040971153,-1.4652295902884778,0.7588361989067234,-24.40302033117416,0,,,,,,,,
ES3172,1137.9594400821936,-1.961621904316287,51.33076180047147,1.8982875295462407,0.25,3.74,False,False,0.0,0.001,,,7060,49.4,5113,0.4597904909154159,0.7078855136626809,0.7144769388324705,0.93942188019348,1.0117365271842198,1.173652718421984,0.3041694922964114,-43.37565637431543,0,,,,,,,,
ES3173,688.927151671806,-9.999988934810895,36.61197498582323,2.351518798959612,0.9970638461399712,0.2505612997834515,True,True,1.6,0.0013590433015158,,,14492,106.1,4995,0.2973974550882614,0.6466056617605156,0.6469088184668088,0.9948333112277106,1.0136923756283718,1.369237562837174,0.503606728988744,-37.91849909947507,0,,,,,,,,
ES3174,984.4355180265547,0.5863404607240269,10.000000000000002,1.3523964753878897,0.9498802956753476,7.212582144325605,True,False,0.0,0.001,,,12235,88.7,4740,0.3685761975027812,0.6663787251119998,0.6702955086349942,0.9535389376298794,1.0209636140748004,2.096361407480029,0.264488862839662,-43.8333962576851,0,,,,,,,,
ES3177,1020.4348869623288,1.4147857124682903,10.000000000000002,0.5005036705030727,0.9776793499091732,6.321508192297817,True,False,0.0,0.001,,,14748,103.4,5113,0.254180614602314,0.6026753393704932,0.6082455397410377,0.9404056383652408,1.02904893927336,2.9048939273360084,0.2964175825738461,-42.43463507156751,0,,,,,,,,
ES3180,197.1431884019616,0.1600649211123405,31.0731501803376,1.5088705352628895,0.6462528150859669,0.6756530685796043,True,False,4.7,0.001,,,13247,95.8,4383,0.5902035058882773,0.7881082381182852,0.7899042037434002,0.9735561556055332,0.992345051124674,-0.7654948875325894,0.6721558923205442,-23.90913316521826,0,,,,,,,,
ES3182,209.74639384248508,-2.7188761262684413,46.583101352884896,1.1671843321397304,0.9859221829458568,0.2347852892665982,True,False,0.0,0.001,,,12670,91.5,5113,0.6749102363227519,0.8201795377580592,0.8297443692500504,0.9459228237559452,1.0205931505193229,2.059315051932304,0.7711686613991321,-28.485941038068333,0,,,,,,,,
ES3184,267.0893243991743,0.1172401108313952,49.69088209487245,1.8627334881846989,0.9889275403193408,3.111535462660522,True,False,0.0,0.001,,,16654,162.7,5113,0.8566234675294918,0.9279111437544996,0.9280267667095586,0.9959252310194536,1.000230526049034,0.0230526049034017,0.8255675312695976,-6.916283407068634,0,,,,,,,,
ES3185,112.3158318556916,-0.4679603983272957,10.000000000000002,1.6230703784370486,0.25,3.74,False,True,23.9,0.0015454474372334,,,7956,53.3,5113,0.6645813477754795,0.8163094137043709,0.824636675935936,0.948782061866997,0.9808516611624428,-1.9148338837557417,0.7444549536648253,-29.37603906096936,0,,,,,,,,
ES3186,917.735399775057,-4.893739333020459,19.07230644869623,1.9751229224217712,0.4278393601371838,10.0,True,False,0.0,0.001,,,13866,103.6,5113,0.3721960780639103,0.6242806707893593,0.6487583595367864,0.869204837749609,1.0262097287108862,2.62097287108861,-0.7464254558844292,-42.9481753515716,0,,,,,,,,
ES3188,356.3397292884318,0.108784019095995,65.69906244035508,3.209227390041008,0.999642702834734,1.3320667628297802,True,False,0.0,0.001,,,12046,107.1,4748,0.173873947642788,0.508835650839152,0.5314298716935502,0.8598219056523577,1.045106037406759,4.510603740675861,-0.0600106654679459,-45.83782006682874,0,,,,,,,,
ES3193,238.36158454124447,-4.68810054964252,36.66133675610721,2.031438087807105,0.25,3.74,False,False,0.5,0.001,,,6937,51.0,5113,0.3614236102700875,0.6199669519113525,0.6444014205208591,0.875552146094917,1.049874839051214,4.987483905121412,0.599938927039572,-43.11292689093138,0,,,,,,,,
ES3194,712.6255974320943,0.5874477875791567,10.000000000000002,1.1593320844675736,0.4398497984755627,9.99973939095186,True,False,0.0,0.001,,,13219,97.8,4383,0.1639869112156672,0.5179570223131007,0.5343126959980936,0.8817729312144107,1.0390272652777022,3.902726527770222,0.3405712658985043,-58.25699619937861,0,,,,,,,,
ES3198,261.30236164601706,-1.543432756938351,13.885276963283856,1.369176498842795,0.995422890831794,0.2494965723200784,True,True,101.7,0.0088649290308321,,,14690,105.2,5113,0.4132660430063914,0.6632243755224271,0.679088211020385,0.89793352841898,1.0039850113127908,0.3985011312790937,0.7712519978138086,-33.795331285771134,0,,,,,,,,
ES3200,503.4403302550312,1.3823666244358226,93.57055234491396,1.1028444476575407,0.7366780272707472,1.8709952975264648,True,False,0.0,0.001,,,12798,93.0,5113,0.8274602252453356,0.8921455424333463,0.9103408482538684,0.943620164628174,1.0203748543211235,2.0374854321123474,0.5674299291937029,-21.62381114176632,0,,,,,,,,
ES3211,198.042834597239,-2.273647984040844,11.4279503061481,1.9999999911160469,0.4439815212504997,5.248978119222013,True,True,70.6,0.0018056146139246,,,11830,85.0,5113,0.588797241802109,0.7041907452377234,0.7691133657892893,0.8205556122902331,1.0446563440658752,4.4656344065875135,0.715873439203856,-27.423641216914437,0,,,,,,,,
ES3212,168.91027791128874,-2.8762842847886563,17.545537295674606,1.9999999926181764,0.5555938428184176,0.7328602674729091,True,True,18.4,0.0049247563127498,,,13054,95.4,5113,0.704090895946599,0.8201050640418555,0.8425144412447533,0.9178938795239204,1.028619429541837,2.861942954183695,0.6641297429417383,-19.60616229208601,0,,,,,,,,
ES3213,209.81547717635712,-0.8506014661901944,15.800388748029691,1.9999999920466087,0.9594027549957193,5.842454753894887,True,True,3.7,0.006731491503104,,,12677,91.2,4984,0.5823112064473152,0.6617698350605512,0.7632629968581764,0.7663158688101851,1.0612124386743118,6.121243867431177,0.2615879472689681,-37.30034706073772,0,,,,,,,,
ES3217,482.463249236709,-4.10921910638677,10.000000000000002,1.287117816110689,0.9992770845729708,0.1189666066785531,True,True,16.0,0.001,,,12444,89.0,5113,0.4205937877852526,0.6779168717372683,0.688340389899573,0.9190242028762774,1.0069820644321548,0.6982064432154879,0.6994424040402473,-31.43426469857257,0,,,,,,,,
ES3218,101.0981469622842,1.8962074015572612,40.13581454463937,1.1230103733081047,0.9990543726750982,0.0759069156777056,True,True,14.4,0.15917579576553,,,10524,83.3,5113,0.6454689856494452,0.8059835603102786,0.8141227848597709,0.9456137812069548,0.9884164354802476,-1.1583564519752485,0.6654077116471864,-25.57728213934048,0,,,,,,,,
ES3220,248.81311611868648,-2.871957836000477,10.000000000000002,1.754874011726312,0.25,3.74,False,False,0.0,0.001,,,9487,75.2,5113,0.5715840344349714,0.7548052195597289,0.7705195669689776,0.9191044005109038,0.9697491620885148,-3.0250837911485284,0.6870821061225507,-23.442897915318344,0,,,,,,,,
ES3221,280.1155897263476,0.090098603679345,34.86868148475798,1.8540425133988043,0.9942167022918732,0.4128726233305105,True,False,0.0,0.001,,,12891,93.8,5113,0.6636639117020604,0.7987014399360196,0.8202068975273746,0.9146489447309918,1.030178600888157,3.017860088815685,0.7389183829076736,-34.02624550816101,0,,,,,,,,
ES3222,274.62846251771003,-3.2232659404914834,11.46508514633337,2.049261337977129,0.8024732081031761,4.024293096398252,True,True,119.5,0.0069607674778105,,,12472,90.9,5112,0.5514261263990405,0.7335679170245926,0.7556943213224006,0.8957727556246168,1.0209158249755088,2.091582497550881,0.7903935267808446,-33.23377190629707,0,,,,,,,,
ES3224,528.8353618143532,-1.7932008051216557,25.501599353860254,1.1944277814197963,0.9884549125347328,0.0916373465965578,True,True,29.4,0.0050848174738125,,,12572,102.2,5113,0.6515583787450417,0.8239321658804629,0.8266681616307101,1.004650276634928,0.9694331724530364,-3.056682754696384,0.8269950137254939,-17.628645373185446,0,,,,,,,,
ES3225,13.313884276378635,3.079618875187526,41.95621456782592,0.5023916817724963,0.6453538591167985,10.0,True,True,3.7,0.3937974622018969,,,13717,107.0,5113,0.686857618986728,0.7941459757537963,0.830793198669418,0.8866819229861448,0.9699342203874308,-3.006577961256917,0.5358949143116798,-25.582279588584527,0,,,,,,,,
ES3226,10.689611562059858,2.896301541600681,39.20379332995191,1.0238179496460955,0.5668581628729344,10.0,True,True,32.7,0.2971506465393784,,,11036,77.9,5113,0.6597965640094965,0.7293623875456017,0.8129776730822759,0.8168880494134209,0.9311713717870592,-6.882862821294087,0.5595542792565737,-36.71657059371152,0,,,,,,,,
ES3228,332.8629347650926,0.5170617479846576,24.917945575841937,1.1810492639475054,0.5565735767087061,0.0,True,False,0.0,0.001,,,12479,87.2,5113,0.2390425907385786,0.3508409154300931,0.4984360732218634,0.5925006194707669,1.0615255987604086,6.152559876040863,-0.3556080716892484,-64.17231554661687,0,,,,,,,,
ES3229,18.800474062902847,3.98380599058404,52.17861191303015,0.5014803537497904,0.7612239521305721,10.0,True,False,0.0,0.001,,,12693,87.7,5113,0.724305862433726,0.8057085890002433,0.8515246347827934,0.8768845210930063,0.9766163055657352,-2.338369443426497,0.5517209187776284,-22.660742931930614,0,,,,,,,,
ES3230,492.4979807147226,-9.123060973663575,160.1337384666046,10.0,0.9989188215736504,0.0586333305630079,True,False,0.0,0.001,,,13517,96.9,4890,-0.4773436972726461,0.1921464285445853,0.1969488805934125,0.915247774683211,1.0235234529129509,2.352345291295093,-0.0954899462414493,-94.08518397471512,0,,,,,,,,
ES3231,230.5604449798685,0.8030115568233922,42.39172521272151,1.143143826689858,0.5287116974029948,0.5061604331338706,True,False,0.5,0.001,,,12444,88.5,5113,0.6406388337561604,0.8206020690134845,0.8206378393502411,1.0017574889661225,0.9968784295896764,-0.3121570410323646,0.7668722026804766,-23.91958184333553,0,,,,,,,,
ES3232,263.7646545215905,-1.8512299219034596,999.9999999999998,1.246327838913102,0.25,3.74,False,False,0.0,0.001,,,8975,64.4,5113,0.1802689071959463,0.5230180098600236,0.540783147397951,0.8736351262356488,1.025760820691122,2.576082069112186,-0.1660135824488096,-39.677868199533215,0,,,,,,,,
ES3233,615.8087406307804,-5.605193428102698,39.918063555807386,1.7680527658119525,0.8735953132422265,2.067759687929299,True,False,0.0,0.001,,,12195,89.0,5113,0.6198644492459008,0.8118934309690062,0.813988582090614,1.0204786620128017,0.9809092136852036,-1.9090786314796329,0.311327064381273,-3.6877195923048114,0,,,,,,,,
ES3234,467.0307649039737,1.5254417499892077,44.645976641750686,1.0963469279860905,0.998861806253352,0.5301314084296742,True,False,0.0,0.001,,,19349,140.3,5113,0.7308140780290222,0.8633245895025357,0.8715779420995247,1.0408549669104576,0.9772224988639504,-2.277750113604952,0.7487037427399035,-14.172175106738964,0,,,,,,,,
ES3235,32.29027202452035,1.289413963708459,28.84235368504104,1.1804972583314612,0.9994949951213692,0.677194440473071,True,True,2.1,0.1051057462146756,,,9805,75.2,5113,0.671408785443654,0.8050188313741526,0.8246688601771227,0.9173594798510428,0.9788530863570702,-2.1146913642929848,0.6793895567794604,-23.333426194858045,0,,,,,,,,
ES3236,18.26122592650489,1.579897089948643,25.38688448746745,1.2141332568001708,0.991190270198638,1.0976738477141448,True,False,0.1,0.001,,,9379,66.3,5113,0.6436880581522115,0.7435439577452237,0.803013974065505,0.8363393229741906,0.9865318898515152,-1.346811014848484,0.6635122278877446,-35.05571672300708,0,,,,,,,,
ES3237,2735.36198239019,0.300689446779219,59.99198180958314,1.7398719273663783,0.25,3.74,False,False,0.0,0.001,,,5898,43.3,5113,0.3493608389209693,0.6749803645278751,0.6750873731459465,1.0008657025002106,1.008294510980922,0.8294510980922114,0.4538150953359563,-33.67557350497232,0,,,,,,,,
ES3238,374.474474436944,-0.729209354868261,43.89881735523886,2.1286811241690087,0.8790183650058288,0.0868485479933969,True,False,0.0,0.001,,,9342,74.2,5113,0.5396009109795092,0.6927373283116358,0.7416875803808537,0.8424734470207683,1.0535763790308272,5.357637903082726,-0.2126967832266693,-42.88846814725543,0,,,,,,,,
ES3240,102.23057714394216,1.2910466255029138,786.0482723774461,0.9999999849295448,0.9788065867836055,5.102473472659938,True,False,0.0,0.001,,,13266,104.5,5113,0.7372222800493733,0.8579004993626493,0.8639671845303084,0.959694218229282,1.0079237082622043,0.7923708262204425,0.4186773222073066,-23.95595126630611,0,,,,,,,,
ES3242,132.81459327925674,1.231905664939959,53.155046280077975,1.142333347318051,0.9987762664959942,0.0841008508504751,True,False,0.8,0.001,,,11029,80.1,4383,0.7560468325758821,0.8715739752666833,0.8748378345481816,0.9712444881799268,1.0008925851106345,0.0892585110634435,0.7185623369692056,-13.917649017931332,0,,,,,,,,
ES3244,299.50309997112265,-1.7297450698726151,40.76418244405816,1.270087284339109,0.25,3.74,False,False,0.0,0.001,,,7823,55.3,5113,0.657031064603486,0.7764955377572509,0.8139296230732558,0.8856334015751627,1.04745883097477,4.745883097476992,0.4039450696084721,-34.71567243517113,0,,,,,,,,
ES3245,194.31125268318536,-0.1499329379358499,10.696979588276164,1.3819111529403958,0.25,3.74,False,True,89.3,0.0084825381596895,,,7439,51.8,5113,0.6225998880727024,0.7908042186471969,0.8008864362613044,0.9379636183091776,0.9836246826657667,-1.6375317334233173,0.8297282387120684,-27.13936387518615,0,,,,,,,,
ES3246,168.77833057435237,-2.583843445249603,10.000000000000002,1.50640742464935,0.25,3.74,False,False,0.0,0.001,,,8852,63.9,5113,0.5250526041467111,0.7352256950414735,0.7471358193281448,0.9290864891678976,0.9662892794368404,-3.371072056315968,0.6799443832639871,-22.135850460879904,0,,,,,,,,
ES3248,598.2319413507258,-9.123162144250603,609.3992399727263,9.999999362720754,0.99937413883657,0.0726242688066802,True,False,0.0,0.001,,,12016,88.5,3905,-0.6373925274950825,0.2059816076220609,0.2180000563858049,0.9933833086082504,0.8625317672446868,-13.746823275531316,-0.895429851915343,-71.0614747328426,0,,,,,,,,
ES3249,494.8305360104921,-0.7650802655358019,40.48597788756341,1.5615870205652145,0.25,3.74,False,False,0.0,0.001,,,7720,53.9,4813,0.3515497381846217,0.6317614098772263,0.6464779467062124,0.9034371896513668,1.0360200048324042,3.6020004832404267,0.4982673572473772,-40.91992531248848,0,,,,,,,,
ES3250,262.9474258543182,-1.6911155417767918,10.000004255932826,1.999999998503326,0.25,3.74,False,True,83.9,0.0023199193590148,,,9818,71.7,5113,0.5331867686914304,0.684298038060313,0.735876718653934,0.8271274425395564,0.9953416847852324,-0.4658315214767635,0.7756695699059311,-43.0888157761011,0,,,,,,,,
ES3251,356.9801236599351,-5.721206084441967,10.000000000000002,2.045253093654062,0.5170884593641939,1.295137468649005,True,False,0.0,0.001,,,13871,102.4,5113,0.4422973124299717,0.6278294042045336,0.679107897397882,0.8163509358364317,1.0425703194043667,4.257031940436667,0.6295225147061595,-39.86649567402453,0,,,,,,,,
ES3254,116.56299956204133,-2.0200875285796385,474.5555608705986,2.000000005590892,0.378117526831875,2.3864934682997894,True,False,0.0,0.001,,,9812,70.1,5113,0.5611060759188002,0.7675036771042001,0.7719523345253615,0.9576216744985784,1.0159021998267852,1.5902199826785244,0.4427398670331488,-34.00524316293689,0,,,,,,,,
ES3255,1837.7934788612256,-0.4937848128056644,21.769963107980864,1.1566853184799035,0.25,3.74,False,True,1.6,0.0195252863682077,,,6691,51.3,5113,0.2313493418497797,0.620946475116678,0.6212318489658959,1.0143834863362908,1.0030623209320786,0.306232093207861,0.5178312367900604,-48.17450873325208,0,,,,,,,,
ES3256,222.64870856994872,-2.3229874045071344,10.000000000000002,2.146678998439855,0.8624293100609138,0.2112077608015091,True,True,132.2,0.017518673811399,,,13587,101.8,5113,0.5800070734399997,0.7870792666914485,0.7877650732391217,0.989141268867316,0.9868218933968484,-1.3178106603151372,0.8051883324332725,-28.09426325149104,0,,,,,,,,
ES3258,1367.4587334464688,-6.813097028207228,692.7096063950366,9.999974551909713,0.999908917830714,0.0096654743900906,True,False,0.0,0.001,,,12991,95.6,4721,-0.9519430291145964,0.0883126549349088,0.1122869998485777,0.8653508369418813,0.8418575091831932,-15.814249081680671,-2.15508703264783,-66.94025575141828,0,,,,,,,,
ES3259,730.7070362498434,-7.52209396767384,548.2239242164464,10.0,0.997949196780946,0.05965505204357,True,False,0.0,0.001,,,14783,109.9,5113,-0.5761931923486068,0.1837674398673733,0.1934501860500422,0.9369525304314108,0.8916579194451738,-10.834208055482613,-1.0609838577787936,-72.59956283312097,0,,,,,,,,
ES3260,14.345417444428076,3.2030808664842665,41.507786079351305,0.5015614401285002,0.4813874170291163,10.0,True,True,5.5,0.2923160758427712,,,12309,85.7,5113,0.6775035672409019,0.758940676613141,0.8235036091540437,0.8405948068641902,0.9606476708260248,-3.9352329173975233,0.5311128788974712,-32.19989586085966,0,,,,,,,,
ES3261,335.9046172840171,-3.834388341067672,28.08087662282512,1.815405052436203,0.25,3.74,False,False,0.0,0.001,,,8335,62.4,5113,0.7339468393668696,0.83144770141229,0.8589061760381064,0.9190231417089736,1.044103952434286,4.410395243428589,0.1670282258342602,-20.742199326786,0,,,,,,,,
ES3265,14.446633513250346,1.4867024950963927,22.23016125155736,1.5361696316340971,0.25,3.74,False,False,0.0,0.001,,,5258,33.2,5113,0.2840159295021238,0.3310654634544383,0.5337703315839735,0.5320010104124685,0.894737204021758,-10.526279597824184,0.3035438965347573,-74.82170251099608,0,,,,,,,,
ES3266,272.9882343049793,-1.9479314046158844,11.703684212066024,1.6575677186403763,0.25,3.74,False,True,3.1,0.001,,,8503,67.0,5013,0.4333668827650773,0.64485298629925,0.6796006128024898,0.8483068739360192,1.0215134731960662,2.1513473196066286,-0.4821321471312985,-18.58279038198462,0,,,,,,,,
ES3268,118.04322786963304,-8.56540498156301,392.25099402176687,1.7572293166470936,0.16013423852545,10.0,True,False,0.0,0.001,,,13845,99.9,5018,0.5683818053954953,0.7629818866067197,0.7721910475118052,0.9381218264726584,1.0212546202897506,2.1254620289750386,0.5641694936310931,-43.03741743285281,0,,,,,,,,
ES3269,361.8291816646815,-4.006164821076822,48.84792860628654,2.0717561849861155,0.25,3.74,False,False,0.8,0.001,,,7715,61.3,5015,0.6278926746297024,0.7895095596117784,0.8029471163198335,0.931892734608344,1.028944549211014,2.894454921101376,0.6426505417739252,-31.978241447874247,0,,,,,,,,
ES3271,2999.9999999999977,-0.1064442342624962,49.09004915969794,2.086942995178209,0.25,3.74,False,False,0.0,0.001,,,9128,62.8,4110,0.5093130629020926,0.7590789962680451,0.7608854253053087,1.0228078562257428,0.9813733550477995,-1.86266449522003,0.5635804730054738,-27.77024049366534,0,,,,,,,,
ES3273,2999.9999999999977,-0.8242254603884195,15.239177462326934,0.502254833059282,0.25,3.74,False,False,0.0,0.001,,,8724,63.7,5113,0.1073827146809368,0.5219018026791351,0.5264764549993883,0.9379764579434744,1.0225037517378066,2.25037517378066,0.2045788037440482,-61.54950885112093,0,,,,,,,,
ES3276,167.19755430941814,-3.488699378388094,10.000000000000002,1.4912011114992316,0.25,3.74,False,False,0.0,0.001,,,9359,66.9,5113,0.4600477934979256,0.6653587672424277,0.6971183737310053,0.8581170019353132,0.9891976858806648,-1.0802314119335357,0.6897298782292012,-41.70061797164631,0,,,,,,,,
ES3278,198.50031980413905,-1.6768154968672146,10.000000000000002,1.245155136043352,0.25,3.74,False,True,140.6,0.0088180251691036,,,9487,68.7,5113,0.5020124945280122,0.6404185280736572,0.7122007843741681,0.7844324427135092,1.0010366693815589,0.1036669381558911,0.8126871024636637,-40.68419195262556,0,,,,,,,,
ES3279,281.7547764220296,-3.986097266852368,10.00000031336459,2.1953528607791246,0.25,3.74,False,False,0.0,0.001,,,11407,82.3,5113,0.4913970312902491,0.7085846657720585,0.7243986137474437,0.9069884666453162,0.98223408933202,-1.7765910667980032,0.7317849073368607,-38.30320271363647,0,,,,,,,,
ES3280,401.832623996634,-0.7519498809815558,18.86138884558189,1.210264941664598,0.25,3.74,False,True,105.4,0.0161066048684458,,,8207,60.0,5113,0.6746069691630439,0.8363441940420958,0.8393890007728548,1.012128702518553,0.9710133767712484,-2.898662322875168,0.8783431454939133,-19.67412056462562,0,,,,,,,,
ES3281,432.8530830272494,1.5325841008629737,32.984770408383746,0.9999999973584788,0.25,3.74,False,False,0.0,0.001,,,7529,52.8,5113,0.0463378744653019,0.534230320561863,0.5360868456716374,1.0266631242670516,0.9681400356350874,-3.1859964364912545,-0.7813029768853326,-28.33773780396824,0,,,,,,,,
ES3283,169.025392315295,3.5008406303332795,75.99677802788266,1.056135297325747,0.9990205538112088,0.0183923656735647,True,False,0.0,0.001,,,11532,79.1,5113,0.6331660618192958,0.806828113135714,0.810384440093085,0.9638103923703912,0.9928146248872745,-0.7185375112725668,0.7665945127163153,-26.581007922022227,0,,,,,,,,
ES3284,171.95801356750226,-2.590089222233578,14.768433385157888,1.2256884970123048,0.25,3.74,False,False,0.0,0.001,,,8079,49.1,5113,0.4132906851669489,0.6620058445426862,0.6794269314729784,0.8990889737435052,1.0359154790909617,3.5915479090961706,0.54973826177264,-41.50385163863779,0,,,,,,,,
ES3500,953.1307020241328,5.0,46.34966371542199,0.502933697042317,0.25,3.74,False,False,0.0,0.001,,,9113,53.7,2191,0.1230010582424163,0.5447801365458522,0.5478610577851197,0.954747473832482,0.9726557155610136,-2.734428443898643,0.2652484330491104,-12.61754737475204,0,,,,,,,,
ES3501,218.63981008225676,-0.3647802803847507,166.06592458294278,1.556184522238293,0.677106786232821,7.167332929454109,True,False,0.0,0.001,,,9777,69.1,2191,0.5815870216725378,0.7587128658556835,0.7751824412714753,0.9136791910139138,1.015008808310834,1.5008808310833848,0.6330892830359224,-46.037952228761874,0,,,,,,,,
ES3502,263.862574607049,-0.0386689935850266,64.41566149158187,1.174241199034469,0.6759456457872953,0.0957611258418884,True,False,0.0,0.001,,,19733,173.1,2191,0.8578235900797488,0.9288279707353596,0.9288395562268404,0.9989766496983,1.0007757227686636,0.0775722768663553,0.8275997842111878,-8.458934342876299,0,,,,,,,,
ES3503,70.54330810340461,2.46535619906812,38.49633323235394,1.0637981594086328,0.7470988719579603,10.0,True,False,0.0,0.001,,,14762,99.8,1979,0.5800221894644003,0.7578603147576053,0.7741686795948963,0.9130370706128836,0.9916758900905356,-0.8324109909464524,0.6660225676929541,-27.12521108632679,0,,,,,,,,
ES3940,475.3147241454062,-3.530127918413782,103.081944417787,1.6446689916119033,0.596277072697024,0.7978125858465027,True,False,0.0,0.001,,,10259,89.3,5113,0.5629458240034578,0.7599475489717495,0.7693665601200178,0.9390960521672256,1.026909195309037,2.6909195309036944,-0.1185949038359452,-17.431953306417142,0,,,,,,,,
ES4004,272.0692922885154,1.1297274011084375,441.0313462297698,4.999999265541892,0.25,3.74,False,False,0.0,0.001,,,8538,63.2,4995,0.7017768324920123,0.8343873816013395,0.8442523987066424,0.947608479137104,1.0206240783042142,2.062407830421431,0.3108620278945129,-26.807163457877664,0,,,,,,,,
ES4014,2319.027299451348,-10.0,10.000000000000002,10.0,0.2007156115840536,0.0,True,False,0.0,0.001,,,20003,127.8,2511,0.0441811049811246,-0.2371261841508236,0.2157228192271331,0.1843542386376343,1.500112478550724,50.01124785507242,-8.302507371556088,-90.7775001088813,0,,,,,,,,
ES4030,350.5040795945618,-1.768399232149972,30.92662353609579,3.000017983483715,0.4325921746965892,0.036578889245761,True,False,0.4,0.001,,,10822,69.4,4646,0.5971694377763459,0.694949155437194,0.773598852400407,0.8051533232506003,1.0619137359055602,6.191373590556019,-0.4362870107952445,-33.864803686970696,0,,,,,,,,
ES4102,293.0140111315874,-8.877809211085722,10.000000000000002,9.75871303478156,0.25,3.74,False,False,0.0,0.001,,,9876,66.1,3494,0.5447141904017889,0.7488625777302557,0.7596029422274369,0.9389561029552648,0.96059312100434,-3.940687899566007,-0.2256898131313838,-13.301030385580056,0,,,,,,,,
ES4108,137.26573010303414,-3.4076798274244955,10.000000000000002,1.5055334306732713,0.25,3.74,False,True,38.5,0.0018370168221105,,,9881,68.1,3890,0.6481854281470802,0.7782104038092669,0.8089316151739321,0.887565783814715,1.0064841598689953,0.6484159868995412,0.6865817581001328,-26.58973887640956,0,,,,,,,,
ES4122,899.1644265712849,0.1125566417750024,16.624024150498805,9.509389481917491,0.25,3.74,False,False,5.7,0.001,,,7188,53.1,2865,0.4435918773007747,0.7283737981129041,0.7333830715515446,1.0397062936089598,0.9665393176375676,-3.3460682362432466,0.0670404210849959,19.012858754473346,0,,,,,,,,
ES4123,311.39490691186614,-7.200588738811581,111.78689379515664,2.3246009962380576,0.25,3.74,False,False,40.4,0.001,,,7439,52.8,3870,0.3463329882155308,0.6737415711640025,0.6749964424421838,1.0053840810969383,0.9719240025637812,-2.807599743621874,-0.0501713542242796,-36.0250936449402,0,,,,,,,,
ES4124,1943.589093509803,-1.1572763624065974,33.94607974917958,1.9999999654067924,0.25,3.74,False,False,0.0,0.001,,,6199,46.2,3900,0.2637640722425345,0.4759469374035066,0.5491249851273025,0.7387214704818922,1.055469481637782,5.546948163778191,0.0570635698369285,-60.97468241857237,0,,,,,,,,
ES4129,716.0295652457312,-10.0,25.082802483640627,6.333334369435781,0.25,3.74,False,True,28.6,0.0073905221650723,,,9502,84.6,3729,0.2505153026075735,0.5709115421072526,0.5875700712767485,0.8946495671570527,1.0540346637808855,5.403466378088577,-0.1599939479844243,-24.077095190999227,0,,,,,,,,
ES4130,327.0368968742998,-0.6239058561561761,42.74938852529608,1.2343728150441078,0.25,3.74,False,False,0.0,0.001,,,7449,53.5,3966,0.4227651842769956,0.709613293520305,0.7265070194580913,1.0474602097139665,0.914714846612473,-8.528515338752687,0.1195477161841768,4.062626432058005,0,,,,,,,,
ES4131,416.1921187111332,-2.8184753954176185,10.000006659013126,2.999999994504295,0.25,3.74,False,False,0.0,0.001,,,9233,68.4,2938,-0.6426729048248061,0.0402758544471032,0.0529990101650873,0.8562386836764749,0.9400646620276416,-5.993533797235825,-0.742811755767335,-94.6975822893224,0,,,,,,,,
ES4133,452.4354627571597,-0.3346616442637973,10.000000000000002,1.0964458115330205,0.25,3.74,False,False,0.0,0.001,,,12190,83.5,3362,0.0782202651041333,0.5598337589944307,0.577406805266578,1.0808749853754749,0.9071530925313624,-9.284690746863756,0.2162751743660175,-20.4390025762184,0,,,,,,,,
ES4136,203.4628214823297,-0.828683468009097,12.817777866859169,2.077290026566652,0.25,3.74,False,False,0.0,0.001,,,8207,59.7,3527,0.5264005787342957,0.7212590164102346,0.7416487041257733,0.8954063457798335,1.0033632349858306,0.3363234985830479,0.3563648152464372,-32.43013377205777,0,,,,,,,,
ES4137,498.5903214921293,-10.0,10.000000000000002,10.0,0.25,3.74,False,False,1.8,0.001,,,14228,101.9,3957,0.2944871854189024,0.4456242022285592,0.5572859871655415,0.6826938376008901,1.1032164100241917,10.321641002419144,-0.6342068839721564,-57.92698290550097,0,,,,,,,,
ES4138,364.4994686750943,-0.0314588522467602,25.53135752488246,1.3298127394469577,0.25,3.74,False,False,0.1,0.001,,,7055,53.0,3928,0.3327911567986121,0.6300468964017938,0.639690129541901,0.9161165334595288,0.9976208922751206,-0.2379107724879272,-0.2506242285497928,-13.81704679632729,0,,,,,,,,
ES4140,459.4205480379194,-9.999969744477175,199.14718530111168,6.000086160837273,0.9926321758629428,0.1828465749705027,True,False,0.0,0.001,,,12463,87.2,3202,0.4401757351605722,0.7087345266735543,0.7113409007535725,0.9676497556872596,1.0215629790897636,2.156297908976346,0.1704222646257306,-18.18199859387449,0,,,,,,,,
ES4163,464.7841237376298,-1.829493959096784,28.587001231720265,10.0,0.25,3.74,False,False,0.0,0.001,,,8724,78.9,4007,-1.3916845719727946,-0.0911539344359309,-0.0723996378714012,1.1073320503779176,0.8295425088475956,-17.04574911524045,-0.7449201549143718,-98.0025007167682,0,,,,,,,,
ES4165,1009.3008729490152,0.5966085440268628,10.000000000000002,1.4533094489405474,0.25,3.74,False,False,0.0,0.001,,,9625,70.4,4227,0.4661304935161831,0.7354912893631309,0.7357069568823305,1.0097916604148642,0.9957375184809067,-0.4262481519093177,0.1207347267979219,-27.910244191424983,0,,,,,,,,
ES4174,247.8057234469844,-1.526892000132818,13.07554550245196,1.2975027707274716,0.25,3.74,False,False,0.0,0.001,,,8729,66.5,4294,0.619243077838505,0.782673537535624,0.7973108329907546,0.9254994552172164,1.0244450749936778,2.4445074993677736,0.1108135187040793,-22.863512559868774,0,,,,,,,,
ES4201,769.8953937190201,-2.2488774607098057,38.98980238064766,4.512413112098988,0.25,3.74,False,False,9.9,0.001,,,7055,53.9,3807,0.342463644588864,0.6646041338958009,0.6652433083913768,0.9815431199456088,1.0093641871880477,0.9364187188047688,0.3618013340859459,-41.46196654960742,0,,,,,,,,
ES4202,530.3397835971278,-10.0,26.978470461398068,10.0,0.25,3.74,False,False,0.0,0.001,,,11176,98.7,3359,0.5054443156960571,0.7192444295478198,0.733535438667907,0.9140144078496534,1.020659279672309,2.065927967230906,0.1351147363749252,-30.120914518095045,0,,,,,,,,
ES4212,102.1107462552638,-0.7298414589546717,11.349439185453171,1.3124501700292566,0.6879865861407144,0.9636010348515364,True,True,57.1,0.0123473593232732,,,8213,55.8,4249,0.5769982019532178,0.6904491028853214,0.7609756649041958,0.806037025153921,1.032672458208258,3.267245820825793,0.7192593649675203,-29.861999219231915,0,,,,,,,,
ES4214,266.98020479431415,-4.025660788573194,28.094724330437927,1.9999999992670887,0.494467440473932,4.823985147592473,True,False,29.8,0.001,,,14455,125.5,4173,0.7752410951292434,0.8381312535959108,0.8807760772401785,0.9004814789523634,1.045642209331742,4.564220933174208,0.3889488556550635,-13.62449885524635,0,,,,,,,,
ES4217,164.39554503226358,-9.999991268560178,44.88292920749917,3.2872098155437794,0.9963681889144436,0.0021392647841445,True,False,11.9,0.001,,,13731,93.1,2176,0.436702748008688,0.5797153147841387,0.6687323239399101,0.7666703905813939,1.1116164718726746,11.161647187267455,-0.685235222073153,-48.28839455889762,0,,,,,,,,
ES4224,502.9605515292696,-9.954195978323368,33.55223364570066,4.39530713636802,0.25,3.74,False,True,29.8,0.0088025724968619,,,6671,54.6,4137,0.3594048872840768,0.6480107605992255,0.6563871934827349,0.9236683943967842,0.9996129117679192,-0.0387088232080944,-0.389152664091281,-19.064636909422426,0,,,,,,,,
ES4225,357.230899990345,-7.096576510249516,100.55576409079023,1.9895094345102704,0.9288666202181384,0.0309989332295946,True,False,0.0,0.001,,,12349,85.2,3933,0.4846175031992897,0.7183446018288002,0.7266804365420061,0.9350038050766069,1.0200418111853444,2.0041811185344374,-0.8630650645576692,-33.866122967854565,0,,,,,,,,
ES4226,111.52650394912204,-1.6137257113793526,10.00000424808606,1.9999999921477456,0.25,3.74,False,False,38.4,0.001,,,10237,76.1,3842,0.5174221498936324,0.6718500524159134,0.7260860906092996,0.8246239580927229,0.9564477065279112,-4.355229347208896,0.1310383342674725,-36.49430279382425,0,,,,,,,,
ES4227,257.15463937191754,-0.7682142953824302,10.000000011507655,1.5884900184614477,0.25,3.74,False,True,55.2,0.0040129128008569,,,11663,82.5,3716,0.6037336319628936,0.7787474410160491,0.7897591672587009,0.9311287217608374,1.002869518931041,0.2869518931040979,0.1623875673667526,-21.45718398389624,0,,,,,,,,
ES4228,87.10245646053446,-1.991358137164196,10.000001740498982,1.9999617163760972,0.25,3.74,False,True,14.8,0.001,,,10857,77.5,3867,0.195621747538941,0.4046287463235046,0.4909128792137152,0.7035188504879989,0.9139990631568766,-8.600093684312338,0.0971285198138229,-60.37457845848816,0,,,,,,,,
ES4230,1207.597808944196,0.0282914281101091,10.000000000000002,1.1084768833153382,0.25,3.74,False,True,7.8,0.010866391547084,,,8734,65.2,3055,-0.4215371100111533,0.2839342363425453,0.284125682447099,0.992787061845243,0.9850965482629792,-1.4903451737020792,0.0753941653348948,-88.05093284146821,0,,,,,,,,
ES4232,219.0447469482338,-2.4502529816116616,10.000000000000002,1.2980110780663583,0.25,3.74,False,False,0.0,0.001,,,8980,69.2,3968,0.371841218008262,0.6660642144792053,0.6717896601966452,0.9535376664775096,0.9595978557351034,-4.040214426489669,-0.3188370462595138,-29.615317735694667,0,,,,,,,,
ES4233,157.47147040777054,-1.4909572097537012,10.000000000000002,1.2573882028057592,0.25,3.74,False,True,4.6,0.0010610139812967,,,9876,68.6,3530,0.7248758957156259,0.8406898715778065,0.8550768075257444,0.9343065510156628,0.9921669889883944,-0.7833011011605505,0.6065087205721128,-15.945443533655892,0,,,,,,,,
ES4234,321.16470546772854,-5.630458740904422,32.502198316844726,2.205436216292872,0.9925432345347682,0.0213144332652827,True,False,0.0,0.001,,,16687,99.0,3958,0.4579029153534303,0.6540605026510931,0.6947486971813079,0.8514108952224572,1.066460935104119,6.646093510411912,-0.7445992438795459,-49.22136778327778,0,,,,,,,,
ES4235,310.60255672843573,-2.466222393072085,10.000000000000002,3.198354652030702,0.25,3.74,False,False,3.4,0.001,,,10762,77.3,3813,0.6097443442902266,0.7397842086296417,0.7841911748244844,0.856268563060783,1.0219107984850733,2.191079848507331,-0.1484213754458685,-30.1546237436428,0,,,,,,,,
ES4236,219.91626847109217,-0.2040335824438214,11.866226160988528,1.3317117613394782,0.25,3.74,False,False,4.0,0.001,,,7444,54.8,3792,0.3408118770460281,0.5765436346075195,0.6174742521183589,0.8186147115729488,1.0094192749846571,0.9419274984657212,-0.3582091088117867,-25.123204927920806,0,,,,,,,,
ES4237,14.20161171599255,-5.755320130604393,468.983841665028,1.2129036840495837,0.25,3.74,False,False,0.0,0.001,,,5574,39.9,2167,0.2507216385186209,0.6279357599528361,0.628313014638356,1.0077066916370556,1.0148724758751864,1.487247587518635,0.2337306013100387,-28.54487546965157,0,,,,,,,,
ES4238,178.59034688310402,-10.0,130.57120411851704,1.1725759920518048,0.25,3.74,False,True,8.6,0.0234443354400608,,,8207,58.7,3951,0.1886275002508251,0.6019937626289324,0.6946476049279598,1.2350008717086811,0.9002830500556536,-9.971694994434642,-0.3382784635004991,-15.221654097114616,0,,,,,,,,
ES4239,260.9329397442519,0.6954190407311711,10.000000000000002,1.971107621622462,0.25,3.74,False,False,0.3,0.001,,,9364,70.0,3925,0.6861215137678509,0.8103739481015556,0.8328162571334571,0.917791222314923,1.0353461815653513,3.534618156535126,-0.1297228106299992,-24.918645372206097,0,,,,,,,,
ES4241,87.75107895392156,-0.0383165004657772,10.000020142916352,1.9999980952979557,0.25,3.74,False,True,55.8,0.0204678958923922,,,9338,64.5,2180,0.5379247917387735,0.6351379338726829,0.7336335150757807,0.7507188516718003,0.9943314820292756,-0.5668517970724327,-0.1462403623240491,-36.64994636675421,0,,,,,,,,
ES4243,341.84905239442776,-0.6130049418644437,43.27321769789227,1.999999968185972,0.25,3.74,False,False,0.0,0.001,,,7712,55.7,3970,0.579754834050094,0.6614050983891919,0.7616723421247418,0.7697100223863693,1.069375507920592,6.937550792059198,-0.2928668254676627,-34.93591229756823,0,,,,,,,,
ES4244,123.72246866539017,0.0655307313621229,13.423048141452746,1.208817834974705,0.25,3.74,False,True,30.3,0.0520292304527965,,,7055,51.5,3820,0.6776889739541488,0.805323384423663,0.8274201868359776,0.9106240564977556,1.0112753476049134,1.1275347604913548,0.7127284697343903,-25.174815005475704,0,,,,,,,,
ES4245,214.0391504863988,-0.3501603845209569,30.948373747712264,1.7209337446478774,0.25,3.74,False,False,0.0,0.001,,,6947,54.4,3884,0.6809260856521802,0.7848146239862289,0.8270091918665234,0.880271049208239,1.045209564185234,4.520956418523427,-0.2506626566356591,-28.463301102717523,0,,,,,,,,
ES4247,124.2473379606178,-10.0,89.27798207772503,0.5009084635793137,0.25,3.74,False,False,0.0,0.001,,,8970,69.9,3633,-0.0197566230798473,0.5143861834800252,0.6029573469583379,1.2174005236151324,0.8241736004105177,-17.582639958948242,0.1647679214292517,-6.1860509543769,0,,,,,,,,
ES4248,10.000000000000002,2.027987099462943,15.411502731861347,0.5016019575691814,0.25,3.74,False,True,19.0,0.9127222205910352,,,10255,75.9,3553,-0.1824500260199819,-0.2023758977953225,-0.0142732018333946,0.4029900043494916,0.7539578557744189,-24.604214422558115,-0.4714106487793728,-97.40933713723092,0,,,,,,,,
ES4251,179.6324996023745,1.4966457411027256,25.64970140232757,1.6032934165051496,0.9025120019724452,0.0307036802205286,True,False,2.1,0.001,,,7643,47.1,4088,-0.0758675100985231,0.3861102913482004,0.3976854291911437,0.8814380770633969,1.004560987777842,0.4560987777842215,-0.2089244547446869,-60.28547728087012,0,,,,,,,,
ES4255,140.6869651666339,-10.0,256.492104515286,1.8976449799077195,0.25,3.74,False,False,0.0,0.001,,,7316,62.9,3147,-0.2476867039151791,0.3736749216866938,0.3753700565442001,0.9984130672973358,1.0460219415841034,4.602194158410338,0.1357309061774152,-74.30068273304556,0,,,,,,,,
ES4257,238.61932054276284,-10.0,40.139634457071246,8.454274779376856,0.25,3.74,False,True,5.5,0.0012553251814642,,,9753,69.8,3108,0.3216635931695125,0.6478539930436757,0.7299239582170347,1.1860338356338669,0.871714560960797,-12.828543903920282,0.6822667149960076,-15.506373276024435,0,,,,,,,,
ES4261,240.2138845390524,-10.0,25.432249136152187,2.2432937873624303,0.0135690448743734,1.1350360223387983,True,False,37.4,0.001,,,14122,100.4,3837,0.7617698042259308,0.8750784896336641,0.878253738101493,0.97595971344277,1.0143281571806344,1.4328157180634484,0.573229587253284,-13.359160446584765,0,,,,,,,,
ES4262,138.8268050897803,-0.923100366795884,10.000924681476825,1.4426344530454362,0.934226353025077,0.5159423507840034,True,True,38.0,0.0074718374654687,,,12379,79.9,3535,0.6001097043203667,0.7880478371397364,0.7922925484183773,0.9584638859866568,1.0074890006864805,0.7489000686480327,0.6924418993032733,-28.06848043606899,0,,,,,,,,
ES4263,49.40145933732324,0.3675456349001846,13.659485041261227,1.155722288949927,0.5578512062777607,7.384365180314075,True,True,7.2,0.0348189230389762,,,9570,66.7,3767,0.517697721540892,0.6448372206891484,0.7218052526315571,0.7792742065407358,1.0053297698069628,0.532976980696269,0.6011600235883101,-43.62893348972984,0,,,,,,,,
ES4264,43.762677167010224,1.0466901365399093,20.351994158769653,1.224895159182457,0.8604635793462075,0.4126435395463627,True,True,108.4,0.2087624455491127,,,8304,58.3,3880,0.6385865439054386,0.7936586523428582,0.8171728469720738,0.9824213723062016,0.9059682196431889,-9.40317803568114,0.5946274521062993,-19.21262704575278,0,,,,,,,,
ES4266,368.26648438289385,-4.877473415359877,10.00001423121128,6.000000677482412,0.9997868053889456,0.061974324753125,True,False,0.0,0.001,,,12945,91.3,3840,0.3213145682641518,0.4196857972594595,0.568843689128083,0.6157689733188281,1.056879940517203,5.687994051720308,-0.942210567878418,-63.6292249750118,0,,,,,,,,
ES4267,255.3016985667992,-4.144566826708818,10.000000000000002,2.1817220311783294,0.25,3.74,False,False,0.1,0.001,,,9615,69.9,3755,0.0807198050429528,0.2977117368718378,0.3906080512416516,0.6585046838167544,1.0723270788915078,7.232707889150803,-1.498273019748083,-65.66192559321563,0,,,,,,,,
ES4268,36.8449342622758,-3.585142298647763,10.00000136708741,1.999999990238737,0.25,3.74,False,False,0.0,0.001,,,10380,66.3,1999,0.4185571795025592,0.522578025405338,0.6502934391229418,0.7119054830430618,0.8495386680746352,-15.046133192536477,0.3171450376574762,-46.821010881508165,0,,,,,,,,
ES4269,149.10118814015624,-1.7092615987600746,10.000000000000002,2.1211679957158607,0.2503769056697895,0.3975477382941794,True,False,0.0,0.001,,,11290,98.4,3740,0.6033687149061937,0.7703823856027561,0.7975207244347003,0.9760097156664348,0.8944023766099467,-10.559762339005328,0.3272928283159461,-9.40084633311863,0,,,,,,,,
ES4270,95.13335641399468,-2.841876825142009,10.000000000000002,1.4555175416643298,0.25,3.74,False,True,6.6,0.0011930292240276,,,9871,66.6,1944,0.7136798836070348,0.8082132887062866,0.8457581467560523,0.8860860277828385,1.0038987524207676,0.3898752420767669,0.700248635591681,-19.366316266222537,0,,,,,,,,
ES4271,134.73446261566755,-1.1306038334355877,10.000000000000002,1.5378679734912148,0.25,3.74,False,True,113.5,0.008339459741068,,,8340,59.5,2456,0.4379717176328271,0.5409962806347821,0.6624974439462279,0.6918442245014547,0.9573800859319934,-4.261991406800661,0.6002124830749513,-46.64068670406794,0,,,,,,,,
ES4272,159.0964478336205,-1.234542905571222,10.000000000000002,1.2978411557664262,0.25,3.74,False,True,128.3,0.0137135496442168,,,9236,65.4,2713,0.6796218106763279,0.8192376591775586,0.831045501046417,0.9359859877900985,0.9943779555548976,-0.5622044445102287,0.8011299074630848,-20.1495225757465,0,,,,,,,,
ES4273,245.61150106914167,-9.999720641074475,75.647282306736,4.202565681216361,0.1647522311781446,0.0008122621390323,True,False,12.0,0.001,,,12598,95.9,3922,-0.3120236064812489,0.3214659046678082,0.3225416527372649,0.9675355583792196,1.0201188042032865,2.0118804203286333,-0.679461049689251,-54.92820903632735,0,,,,,,,,
ES4274,141.01214237336586,-3.096226986123729,10.000000000000002,1.3249770158419878,0.25,3.74,False,True,41.8,0.0011539782266751,,,8975,67.9,2142,0.5796482761658255,0.7471512178610817,0.7710830436095816,0.893215324708449,0.9887498076034488,-1.1250192396551335,0.7093282193768551,-33.243879053668515,0,,,,,,,,
ES4276,446.4097146123365,-0.2100888686018887,21.78396728696452,2.000000159790914,0.25,3.74,False,False,9.4,0.001,,,6274,45.8,3823,0.3180953679030036,0.4726843667257286,0.5752981776054169,0.6885808442200344,1.0266129397748416,2.6612939774841484,-0.8257336939903952,-60.2135605432394,0,,,,,,,,
ES4277,403.8038287958265,-4.554072450657726,10.380471390408191,1.370025323426084,0.7093837407739519,0.8655351595837117,True,False,12.8,0.001,,,10673,71.0,2176,0.6698868695498165,0.703545954374632,0.8193131259949552,0.7850123636004624,1.0949608915568567,9.496089155685686,-1.6046725945219054,-30.202440857451226,0,,,,,,,,
ES4278,326.12511429690875,-2.28912041885577,10.58251974433944,1.322031353888091,0.25,3.74,False,False,3.1,0.001,,,8202,57.8,3346,0.4698233097445419,0.7147633743689501,0.7206125335389101,0.9429997934590452,1.0073179669396313,0.731796693963121,-0.2467610566886218,-27.36158060880045,0,,,,,,,,
ES4279,471.91920320186495,0.7404296972916276,29.041502472459296,1.9999999982367864,0.6471783005471216,0.4760136715900983,True,False,0.0,0.001,,,10992,78.7,4017,0.6532152779510545,0.8255948280163041,0.8258308643225982,0.9954412226766424,0.9921582054754428,-0.7841794524557246,-0.4767848639338092,-6.9928006556343245,0,,,,,,,,
ES4280,259.5465975471954,-2.891237475857751,10.000000000000002,1.4278422269135602,0.25,3.74,False,False,0.0,0.001,,,9620,79.0,4009,0.4784166716890982,0.7136009747198744,0.7224813492789982,0.9311727593005814,1.0164502620375775,1.6450262037577728,0.0313421543846935,-28.70136526542256,0,,,,,,,,
ES4281,226.85037380371813,-1.9544024727507887,10.000000000000002,1.0696582292623298,0.25,3.74,False,False,0.0,0.001,,,9620,65.5,2840,0.2399607689107786,0.4962477219787375,0.545807159560828,0.7864203895409205,1.043115789469242,4.311578946924203,-0.2675809614314381,-45.07190061366953,0,,,,,,,,
ES4282,219.46333985416945,-5.755431729319366,10.000000000000002,1.4528097302105845,0.25,3.74,False,False,0.0,0.001,,,9364,67.1,3614,0.4783119262004249,0.6988307403311786,0.7282062872224402,0.9549263965476588,0.8783469238536225,-12.165307614637747,0.0958238934709618,-19.440380419688143,0,,,,,,,,
ES4283,298.3776057231133,0.714957388005327,10.000000000000002,1.3639633125738926,0.25,3.74,False,False,0.0,0.001,,,10275,70.9,3987,0.3849349745373976,0.6913341458626666,0.6914429935832532,0.9966371002327368,0.9925250948754782,-0.7474905124521837,-0.8166598292116796,-22.078965622565224,0,,,,,,,,
ES4284,125.07723825983588,-0.1050361004584203,13.47245915688714,0.9999999916150112,0.25,3.74,False,True,15.0,0.0037877293600086,,,7067,53.3,3922,0.3369345813990317,0.2972866253592807,0.6146980041174864,0.4124165714852001,0.9902957018444142,-0.9704298155585755,-0.9150275539546312,-61.45063420147039,0,,,,,,,,
ES4285,161.17069215633884,-0.3872565763496984,10.000000000000002,1.417843441123238,0.25,3.74,False,True,63.9,0.0308613421610549,,,8601,58.9,3016,0.4250702041653936,0.6885935923855029,0.6951664843095519,0.9363842113952496,1.0018734607984623,0.1873460798462229,0.7448345426580643,-33.14713831075191,0,,,,,,,,
ES4286,1341.827704383166,0.022057489936254,10.000000000000002,2.095412845031288,0.9279735427989644,0.0780279855892556,True,False,0.0,0.001,,,12926,72.4,2823,0.3358809469053802,0.6405925661917722,0.6467884417950133,0.9338857363290198,1.0066485160949692,0.6648516094969253,-0.4474224114348755,-38.827490382848985,0,,,,,,,,
ES4287,89.8170383603551,-9.999999984800995,10.000002877600298,0.9999924225972744,0.25,3.74,False,False,0.0,0.001,,,12704,75.2,2589,-0.1210812223540098,-0.2690575634801309,-0.0091366035715838,0.3377997054169602,0.6080291023401485,-39.197089765985154,-2.5270680514215083,-99.99632760575788,0,,,,,,,,
ES4904,617.3002086936852,-10.0,11.59144063959454,9.825603059097098,0.25,3.74,False,False,9.2,0.001,,,9364,68.2,3762,0.2016359284433484,0.5740069419233569,0.5788752357532471,0.9440480653237616,0.9684817596685202,-3.1518240331479745,-0.2803637411742372,-1.8048718326840745,0,,,,,,,,
ES5001,628.7308812032992,5.0,147.280791850461,10.0,0.9984498518358396,1.1858590528620656,True,False,13.6,0.001,0.0,0.0,14113,95.3,4712,-0.3569762004630399,0.1430948409099789,0.1825716859812517,0.7899430956808434,0.8517653884431382,-14.823461155686187,-0.2044812967140399,-20.49786185103383,1088,-5.703804114550845,-0.7186344056490566,-0.0814827021471592,2.2685079927718643,1.4183143046933264,41.83143046933263,-0.4540168337774315,-77.71062823710767
ES5004,826.679666812181,0.6568840448759822,26.454728255748712,1.0000000022229052,0.9898219170367848,0.5462507769952282,True,False,0.0,0.001,0.0,0.0,12577,89.3,4371,0.137694962003248,0.4875471279788058,0.5090524794097626,0.856719711664143,1.0323919286777208,3.2391928677720903,-0.1783565737862795,-50.9064493871969,1088,0.665911810738492,0.6561469794315271,0.8454990755302103,1.031835079764378,1.3055337817466977,30.55337817466976,0.1135131290708268,-5.977325398039454
ES5012,10.000000000000002,5.0,32.9211613394028,1.3038828501033752,0.6115464849945047,10.0,True,False,0.0,0.001,,,16945,105.7,4284,0.2636211133683855,0.265884615121969,0.5282241385678275,0.4542812153605106,0.863823853130771,-13.617614686922895,0.2888192714379936,-74.8041164846804,0,,,,,,,,
ES5014,10.000000000000002,-4.098881269943673,10.000000000000002,0.5008842849821087,0.9811503304329257,10.0,True,False,0.0,0.001,,,19100,136.2,4268,-0.5183677232543196,-0.0644149407844696,-0.0197581109369132,0.7004520561461589,1.0578237898837544,5.7823789883754415,-5.013743928869717,-99.99714383701787,0,,,,,,,,
ES5016,838.1928572785666,0.4424140941977463,10.000067568015304,1.1361780382726947,0.9225549935284096,0.0048679010567373,True,False,3.4,0.001,0.0,0.0,15002,139.9,4402,-0.0750609357422587,0.3234079536323756,0.3543362960285195,0.8017359264554693,0.9601686590322775,-3.9831340967722384,-0.305121321997492,-42.98829365784773,1088,-0.5048374910105291,-1.1671338195986465,0.8135109050370327,1.7522301561035247,3.0238183223196144,202.38183223196145,-0.9517719530495776,33.30145589497181
ES5019,329.88348202738484,1.6417794970175044,138.6929247956964,10.0,0.2635491966701904,3.952287023676409,True,False,0.0,0.001,,,14213,136.2,2724,-0.4774676575690064,0.1696477375748986,0.1781692405547014,0.8904221306100975,1.0455167341097522,4.551673410975219,-0.2452883112542685,-83.43873766490714,0,,,,,,,,
ES5020,380.633924582579,5.0,151.48250569588131,10.0,0.98576201863307,10.0,True,False,0.0,0.001,0.0,0.0,19093,141.8,4742,0.2119187753314084,0.390628131658846,0.4917050987197922,0.664213007663933,1.0147466279545705,1.4746627954570353,-0.1876410918661541,-72.97616044546363,1088,0.1925389225846481,0.1136329075587423,0.4760278103082371,0.2945939213967536,0.883801758782764,-11.619824121723587,0.1939986540785074,-88.19772619195099
ES5021,404.1782225560019,2.7911847235431875,58.707485781178576,1.1715652883833785,0.9918954051684604,4.289837534914989,True,False,0.0,0.001,,,11811,80.3,4657,0.2983516199388185,0.6360468068628533,0.6376875333137908,0.9666793576802912,1.0090187623253846,0.9018762325384528,0.1436766136160453,-27.747821288850123,0,,,,,,,,
ES5023,677.4239452061108,0.186834897112862,38.4017633180017,1.618108337855963,0.9045349987062776,3.190343354592716,True,False,0.0,0.001,,,11248,81.9,2375,-0.8671659245315169,0.0741842265126313,0.0742234173679559,1.0083928009297467,0.998541788526215,-0.1458211473784927,-0.3648549755065617,-54.90561141537303,0,,,,,,,,
ES5024,205.03954320086785,-10.0,688.5404484488371,0.9745006168054317,0.2136795695696839,7.613732788932595,True,False,0.0,0.001,,,9002,61.1,3249,0.5921974341105809,0.8006394955740307,0.8047838821105477,1.0403077473914506,1.003250160207655,0.3250160207654919,0.4080743330012641,-6.641412904816078,0,,,,,,,,
ES5025,206.0730915332863,-8.350595785925506,128.95497279274363,10.0,0.9994202645099268,0.1380754649732985,True,False,3.4,0.001,0.0,0.0,15523,109.4,3401,-0.8923660985604529,-0.0014236923586912,0.0001137510502633,0.9447625821678226,1.0050723219311646,0.5072321931164548,-0.6050429646260131,-83.72403592990344,1088,-8.329719376449674,-1.6627637334167358,0.5449852852462976,3.444276772809323,1.9533012993077696,95.330129930777,-0.7388525515198283,146.19506610231815
ES5027,198.51115758079325,-1.5213978414269538,10.000000000000002,1.1701778666208469,0.25,3.74,False,False,23.2,0.001,0.0138888888888888,0.0,8729,62.3,3261,-1.3859906596181015,-0.0541965194717795,-0.0356604956918397,1.1413757989830615,0.8630674516718267,-13.693254832817322,-1.0454055329354244,-99.9674586703365,1080,-5.017334432518701,-0.6825666282575005,0.2244989700346664,2.4670494609775178,0.721801347785265,-27.819865221473503,-1.1414394824433365,54.621561776792205
ES5029,1113.6046069942429,0.2153168318125665,11.696478060194552,1.1062471553160818,0.768439007485947,2.7626499457059097,True,False,0.0,0.001,0.0367647058823529,0.0,11348,82.6,3080,0.3705645844853763,0.6888569672886977,0.6894384486052263,1.0129205244091242,0.9860511775030624,-1.394882249693743,0.3595081298900996,-21.582845113785,1088,0.214127589641689,0.0850160156902996,0.4968215959311453,0.3739559774133568,0.5617351633937431,-43.8264836606257,0.402082839194834,-71.72901758896256
ES5039,249.95040486826892,5.0,83.14301425391609,1.325370053487628,0.9957469621131616,8.09076365053377,True,False,0.1,0.001,,,13459,90.4,4374,0.2874058906344038,0.5457168247498438,0.5843603121596692,0.8167995949368025,0.9926199734392837,-0.7380026560716296,0.4147660277787054,-54.48391195126534,0,,,,,,,,
ES5041,603.8695882036654,-1.5720782877033403,12.156235232951255,2.392254724641682,0.9985329456652184,0.0123716538016927,True,False,0.0,0.001,,,13361,97.4,4632,-0.2384855949788009,0.3191323238254568,0.3251513295229257,0.911814064924628,0.9804218164905356,-1.9578183509464349,-0.3004302883024812,-81.1451551701598,0,,,,,,,,
ES5042,332.78352458311247,-1.3791097299652084,13.069733423145577,1.1395004586844817,0.3246358646954277,0.1177631561891321,True,True,50.2,0.0066425829362987,,,12835,95.0,4747,0.4993786106753085,0.721271175911129,0.7321264778534415,0.9235009952012038,1.0090241772786128,0.90241772786127,0.4622612731239733,-32.79696392389435,0,,,,,,,,
ES5045,275.1725266576904,-10.0,280.91148198400646,1.2057924564873483,0.0740951255645208,9.999257603311523,True,False,0.0,0.001,0.0,0.0,10089,99.6,4394,0.4412440176595601,0.726088039875568,0.7283201222606359,1.0265893388431828,0.9773988276716664,-2.2601172328333687,-0.3757899825920248,-19.666848479590254,1088,0.4366439288724361,0.4011584958041501,0.875857396200856,1.4309444732988674,1.3968458416094072,39.6845841609407,-0.0550556150364487,51.72250060632359
ES5049,302.5853155519897,-0.0148856756797599,16.874854895741958,0.9999999906704208,0.9204478306751408,0.1435021982116266,True,False,0.0,0.001,,,9377,62.7,2950,0.5510844350611876,0.7041393488558236,0.7485403177097806,0.8445281309279115,1.011403990757156,1.140399075715597,0.2402185200014162,-35.23817243671053,0,,,,,,,,
ES5050,29.44940370405765,5.0,75.4353962086789,2.1606345062998007,0.9883227161451869,10.0,True,False,0.1,0.001,,,15409,111.6,4382,0.0176737897222071,0.2703880104097936,0.3503150789371059,0.6727888082186234,0.943644036071667,-5.635596392833294,0.2782393956355176,-82.29065081033436,0,,,,,,,,
ES5051,287.1246005065468,5.0,66.7250675337754,10.0,0.9885299975372108,10.0,True,False,0.0,0.001,,,18844,119.3,4653,0.4671048757033789,0.689456036960576,0.70828197509012,0.8938710898636429,0.9913512222725516,-0.8648777727448531,0.4962529976724044,-41.21471378591817,0,,,,,,,,
ES5052,106.33637661593237,3.788417626350066,70.9711310438796,1.7387240960325163,0.9821328595529766,0.7562131709467843,True,False,0.6,0.001,,,9621,58.8,4624,0.1206416100193076,0.3040527979956179,0.4106966715948745,0.6298290718592148,1.0061301768130066,0.6130176813006625,0.2244419589462094,-73.23967555266782,0,,,,,,,,
ES5057,40.71123823392087,-0.1090123288473028,10.000000000000002,2.1886848598335003,0.25,3.74,False,False,0.0,0.001,,,9103,60.8,2676,0.3027853693512402,0.6150929382674584,0.6241601531335654,0.9187350580092136,1.017142487632422,1.714248763242194,-0.4762979826752029,-44.868134289570015,0,,,,,,,,
ES5076,176.140679393606,-0.6684427304774961,10.000000000000002,2.389053996431254,0.25,3.74,False,False,67.8,0.001,,,9482,71.1,4013,0.5726588805119674,0.7801065636319102,0.7848138418396656,0.9925301948965488,0.9553654538985866,-4.463454610141337,0.4897436518272201,-15.822075861529186,0,,,,,,,,
ES5077,273.71368206639994,-3.921033594726632,10.000000000000002,2.091925097552919,0.25,3.74,False,False,35.6,0.001,,,9620,71.5,4017,0.262835654941,0.4651392314253404,0.543313413712369,0.7231424166417575,1.0293816643888585,2.938166438885829,-0.0421401039541882,-62.81964279559839,0,,,,,,,,
ES5080,267.5041307605366,-10.0,531.7208450116756,1.1195093221202592,0.0077865901441135,10.0,True,False,0.0,0.001,0.0110294117647058,0.0,11036,96.8,2863,0.3278311304099383,0.6617520421994887,0.6641897750078827,0.9985256275563076,1.0405092578660395,4.050925786603954,-0.0565124477268454,-35.82566131917513,1088,0.6541910212805023,0.7237030619189404,0.8346697057447013,1.0179339701099737,1.2206451098722104,22.064510987221023,0.3472757231157367,-18.19846913549709
ES5081,574.0363583494039,-2.8363809901493067,999.9999999999998,1.3763824445228316,0.8483276164504265,0.0,True,False,0.0,0.001,,,12067,76.0,2135,0.1504607147359005,0.5486697999247032,0.5521137989930827,0.9449220175806324,1.0079571540270684,0.795715402706828,0.1878049783141445,-46.76259653479384,0,,,,,,,,
ES5082,760.4656003995344,1.7437965942348037,60.88114780346831,0.8963051471116726,0.8863103221999874,0.0961493764004556,True,False,0.0,0.001,0.0,0.0,11427,80.4,4368,0.4235818034047452,0.6912837548640637,0.6966718718370083,0.9449378517632732,1.0163072532182444,1.6307253218244622,0.4088701249834161,-32.29504210884621,1088,0.5919984300182137,0.6193887176591706,0.7733448394156514,0.733753703520771,0.8496494228920015,-15.03505771079986,0.5381332615553897,-49.68696844105243
ES5084,2368.4260874086726,0.2026105123915968,14.10454277151732,1.0230005211316464,0.9953665925094196,0.8527973133983591,True,False,0.0,0.001,,,11602,80.2,2917,-0.0062787248421924,0.4628502144450415,0.467054073524258,0.9402849415211508,1.0305392102962525,3.053921029625253,0.4348632475901438,-35.30879651280036,0,,,,,,,,
ES5086,274.71601596470333,4.99999418520757,81.89549420975717,9.999963550152918,0.992523016162248,9.548068236674064,True,False,0.6,0.001,0.0,0.0,15791,103.5,4744,0.3169705548583568,0.5680021106432138,0.6047678943065962,0.8256109864506117,1.0014936502761544,0.1493650276154476,0.3941952800614409,-53.16865340263507,1088,0.5271187746552151,0.7403444478480454,0.7537480494322202,0.9500784816110563,0.9345108817692398,-6.548911823076031,0.6201584848132182,-19.72255708801489
ES5088,314.9039481970957,5.0,76.97009075084807,10.0,0.986498624123199,0.0076962322742694,True,False,0.0,0.001,,,16317,123.9,2191,-0.0322619483178272,0.4551115518605557,0.4607814121984406,0.9508624160681188,0.938907992908719,-6.109200709128104,0.2084253974398093,46.16388172420309,0,,,,,,,,
ES5090,183.12915239586425,-0.9230502384737734,15.706211249805664,1.3338824964216485,0.25,3.74,False,False,30.8,0.001,0.0167130919220055,0.0,7986,56.6,4706,0.5217226602296143,0.7534168018766645,0.7550344504227765,0.9749011143902818,0.9871470214264844,-1.2852978573515812,0.4571205087811248,-22.886265986629255,1077,0.5824120020956609,0.6263570445303408,0.7657082873090151,0.7781446248357442,0.811594469170478,-18.840553082952216,0.6100922361702013,-46.86945868040242
ES5095,329.7831943922646,0.1858671751354726,110.18073134681045,0.902998269735722,0.9996062763983512,0.0039273214920429,True,False,0.0,0.001,,,15658,106.5,2527,0.4791146217048458,0.70808938313701,0.7205087520503547,0.919888982986643,1.026051401305244,2.605140130524404,0.3310656084715472,-36.0690428506593,0,,,,,,,,
ES5097,502.535087736129,-0.0666119460310109,24.19825872841016,1.4308194833775496,0.297320807280542,0.0007718456449257,True,True,25.0,0.0420484721586339,,,12721,93.3,2556,0.2695983780583383,0.6352644079835549,0.6357376982174381,1.0024812815324062,0.9815915555895284,-1.840844441047164,0.2050772778331762,-37.69455100286307,0,,,,,,,,
ES5123,332.18580811877445,-3.424627006902655,10.00000613466774,1.999999990430504,0.25,3.74,False,False,0.0,0.001,0.2653884964682139,0.2119071644803229,10626,73.7,2127,-0.0208203883017576,0.3157940932664684,0.3697207114502237,0.7661741405803117,0.8726767550645755,-12.732324493542444,0.2257899141758127,-70.48198970979665,991,0.4672617897541101,0.121953369881005,0.7749784836399856,0.4844354869774316,0.325815726414384,-67.4184273585616,0.1934321664711187,-55.64398029190842
ES5125,2999.9999999999977,-0.0602159283951076,10.000000000000002,1.999999997800268,0.25,3.74,False,False,8.2,0.001,0.1078431372549019,0.0,12694,83.7,2436,0.2238594669517856,0.388827365844233,0.5045817063965216,0.6623566542852587,1.1186999334392072,11.869993343920724,-0.0221026710421119,-60.797871475717294,918,0.2304267022940915,-0.0135910124521168,0.6983278507007934,0.2912677502963535,0.3411682664815605,-65.88317335184395,0.5526376644312094,-86.51370853492506
ES5127,219.40044273296135,-0.0342597684871952,13.341808808680003,1.108008111356177,0.25,3.74,False,False,0.0,0.001,0.0,0.0,6282,44.2,4603,0.2140395636636315,0.227809297346299,0.4629719800451167,0.4467818436804868,1.0427674942753549,4.276749427535503,-1.5788809585722938,-78.12779744992751,1088,0.4634399274592524,0.583160540608332,0.6825268864607827,0.7310570498982439,0.9747879656469846,-2.521203435301554,-0.1740082535841249,-50.88345533141332
ES5128,141.4032367893484,-0.33631478416771,10.000000000000002,1.5059951385698358,0.25,3.74,False,True,25.3,0.0037698195419174,,,8079,57.9,3829,0.5063834160182112,0.737677009536128,0.7422137421633533,0.9531344341849814,0.9872244241881344,-1.2775575811865685,0.7287576555924951,-36.236728684913054,0,,,,,,,,
ES5132,551.9928534827675,0.0647734983248572,10.000000000000002,1.884265731905519,0.25,3.74,False,True,1.6,0.0765720119753208,,,9507,66.4,2930,0.3141692366432516,0.6117317410746879,0.6260145147134538,0.904529921927455,1.0421018037226668,4.210180372266684,0.1497609447422534,-36.4780539779478,0,,,,,,,,
ES5133,1419.6510938518245,-2.5119999927948493,17.25340677102828,1.239872548553537,0.837888384330918,9.997082706523546,True,False,0.0,0.001,,,11285,84.0,4334,0.0098189141113304,0.5083184340168386,0.5132224312677315,1.0156543653385104,0.9325218424036048,-6.747815759639514,0.0722591274004652,-53.1251046931198,0,,,,,,,,
ES5134,19.408313697760995,1.4278187586463629,22.462176653888047,1.660306992496417,0.8818242114284233,5.051251115966944,True,False,0.0,0.001,,,8695,59.7,4523,0.0599670498046963,0.0055307702629723,0.2595144109157896,0.3433947639318355,0.9024310232694984,-9.756897673050153,0.3501550275144144,-75.10609057300432,0,,,,,,,,
ES5135,245.6919328438977,0.3651952257902678,89.3806235403297,1.106822049025563,0.969883609561094,1.4403084373049155,True,False,0.0,0.001,,,11278,85.2,4671,0.5002766457577502,0.7469806533287434,0.7473144205230021,0.9885425312444244,1.0061248774712903,0.6124877471290644,0.4016977538480604,-32.07685531235674,0,,,,,,,,
ES5136,223.63418449979437,-9.999986429847834,87.6259282499511,0.7037141617471642,0.7654789887331789,9.235897300174292,True,False,0.0,0.001,,,11725,79.0,2502,-0.0289602046820491,0.5057822543514341,0.5094402308216,1.0463507584702043,1.0381300428379283,3.81300428379286,0.423188356896657,-52.21740714329344,0,,,,,,,,
ES5137,352.6740199210341,2.7825868619290315,355.8645338362934,1.522421487154879,0.3837916212302216,9.42412600028094,True,False,0.0,0.001,,,12265,85.2,3984,0.6883051602331581,0.8299905409431516,0.8379227846746321,0.9536700125235608,1.0220844900690396,2.208449006903966,0.5892466700713338,-20.053326694896622,0,,,,,,,,
ES5138,128.4800996599947,-1.7547331077489778,126.7929341689439,0.9999999909944794,0.25,3.74,False,False,0.0,0.001,0.0,0.0,7795,56.4,5084,0.563086179304155,0.7208737743455049,0.7582600278625561,0.8660547422887965,1.039139540822437,3.9139540822437056,-0.4496514117976715,-36.73921058980366,1088,0.2024598623238094,0.4744595584606317,0.8133722867612141,1.4908355748309574,1.0210544728031652,2.1054472803164965,-0.54380059633936,-9.074961686868576
ES5140,2230.011731374522,-0.3244216695216242,15.151861770079517,2.277145009010781,0.9917100147927808,2.057965950162372,True,False,12.5,0.001,,,10494,69.6,4016,0.3563496405771503,0.6755881753168824,0.6757596045529292,0.9924224049745786,0.9926666509569156,-0.7333349043084547,0.2021400592687373,4.677459716199968,0,,,,,,,,
ES5142,338.2073710287586,-3.6142430534443424,10.000000000000002,1.1540007678580966,0.25,3.74,False,False,0.0,0.001,,,11033,77.2,4272,0.3043977649813735,0.5764060677905767,0.6055487202685157,0.8549365797160551,1.052882997441138,5.288299744113783,0.1831353488824616,-40.43682191804023,0,,,,,,,,
ES5144,560.6741738104661,-1.344902039005197,14.455039166859107,1.2047523944230525,0.25,3.74,False,True,6.2,0.0028378991898495,,,9103,65.7,4382,0.1090438217165391,0.4898838594962721,0.5037635863088975,0.8841498884827682,1.0233805515516,2.33805515515998,0.2831967828806466,-31.580714892612622,0,,,,,,,,
ES5145,283.189911687334,0.1590779810836158,23.496155464841657,1.068336038352132,0.25,3.74,False,False,0.0,0.001,,,8596,59.8,4740,0.5812961623553481,0.7716786046951845,0.7797034346247007,0.9428113885717712,1.0181533897852542,1.8153389785254208,0.6260513072148248,-24.61267140869517,0,,,,,,,,
ES5146,510.9339247099849,-7.034852592133972,999.9999999999998,7.346699616673068,0.25,3.74,False,False,0.0,0.001,0.0,0.0,6287,49.3,4661,-0.0772101256550228,0.2272256154965026,0.2963916424260818,0.697442968645756,1.1028337069009937,10.28337069009935,-0.0286662465815428,-74.649506987773,1048,0.2072760096245152,0.1072316308889201,0.5339425447405156,0.2594956039848737,0.8225766397438492,-17.742336025615085,0.3656565610355957,-87.98326469967003
ES5147,339.5544692324268,-0.0686957012019486,33.30464475506623,1.191755128363602,0.25,3.74,False,False,0.0,0.001,,,5928,39.7,4202,0.2700007587116207,0.5688959777879334,0.5904850536975239,0.8706015079118579,1.0374728830972093,3.7472883097209455,-0.2687266830362427,-41.816119006168265,0,,,,,,,,
ES5150,242.71186721985725,-1.8194616260534533,10.000000000000002,3.211849883662076,0.25,3.74,False,True,68.5,0.0020748382136367,,,11289,79.6,3844,0.3056597576323179,0.5896949485140235,0.6118333846566647,0.8737452618609051,1.041673194084898,4.1673194084897895,0.5653856652599863,-41.06450100042127,0,,,,,,,,
ES5151,579.394365591946,0.5339459242914634,10.526715476702652,1.203282606866832,0.25,3.74,False,True,64.1,0.1353545269136986,,,10255,68.8,3150,0.3598757113885744,0.6809385520866661,0.7262879893972788,1.1248680901799877,0.8937460454798439,-10.6253954520156,0.089958154997946,7.712472439676988,0,,,,,,,,
ES5152,259.7965185114124,5.0,179.9716049374944,2.2483906025707245,0.9903674186928562,0.2821389366141162,True,False,0.0,0.001,,,12649,77.2,3293,0.4605319138393954,0.6744176308720191,0.7011053528544515,0.8752571312634796,1.033242829213382,3.324282921338205,0.3842656076079719,-29.21590832447307,0,,,,,,,,
ES5153,574.3108161962455,0.6957315283286756,23.00771982067137,2.5033350307075346,0.8286345398396278,8.617998027608584,True,False,0.0,0.001,,,10224,69.4,2681,0.0785735799860439,0.5104309036802863,0.5142909233282712,0.9451417312046636,1.0274802338923157,2.74802338923154,0.4810215008357601,-56.95482972605346,0,,,,,,,,
ES5155,236.35249673427688,-10.0,109.38893507113468,0.9691181259540446,0.25,3.74,False,True,2.5,0.0258426602488078,,,8217,65.2,3649,-0.755966829634277,0.2460092566308561,0.2805086450953662,1.1893988767602863,0.8776795324330783,-12.232046756692174,-0.0813958955489257,-44.13137483444006,0,,,,,,,,
ES5156,214.83061297270277,-1.2385303434633703,10.000000000000002,1.19927721988389,0.25,3.74,False,False,0.0,0.001,,,9497,65.8,3279,0.2127075181955399,0.5530359830585716,0.567663863443465,0.8984399505905875,1.0504762699864427,5.047626998644269,-3.9604427596727865,-49.97969929793828,0,,,,,,,,
ES5159,511.81997808348495,4.778231506312558,610.4587422682597,2.12126344906855,0.9676620966708938,0.2119171157786931,True,False,5.0,0.001,,,9684,69.2,1958,-0.5446216825927996,0.1621521022855983,0.1684658980733717,0.9210924725231364,1.0656790616940164,6.56790616940164,-0.0375903985621957,-53.89363148096126,0,,,,,,,,
ES5161,308.01213937706893,0.1352006712213126,10.000000000000002,1.107027898593363,0.25,3.74,False,True,80.7,0.0279846141869031,,,12308,84.9,2394,-0.3003875952040942,0.4183892440359389,0.4442793227789133,1.148461829089132,0.9139495167617708,-8.605048323822926,0.0075440645069804,-30.93277100796805,0,,,,,,,,
ES5163,15.399317763193626,-6.527204455258835,165.20369747884848,1.024625022393904,0.9900778470753748,0.0031819147570888,True,True,3.8,0.00356207780539,0.0274869109947644,0.0,10950,65.0,2593,0.1778678879013921,0.5975472636439364,0.5981829774415159,1.0223904875968233,0.9968454084425268,-0.3154591557473141,0.4115704033184306,-17.493137104857666,764,-0.0374356824702173,0.3066505886723036,0.8226939317043174,1.6667050179504568,1.0692847990086636,6.928479900866356,0.4671533172646642,60.419555157338095
ES7001,271.4483958799012,4.866340754881004,999.9999999999998,7.636317172725163,0.5215653492037122,3.292421373974291,True,False,0.0,0.001,0.0,0.0,10773,82.2,4322,0.3169266311452768,0.6758898151252282,0.6930816276336507,1.0873051130497502,0.9431991031856009,-5.680089681439919,0.1454462188801281,12.731474994293524,1088,0.2495759747233787,0.5161980892407341,0.5587520662580268,0.806767134012017,1.045006769766627,4.500676976662712,-0.0026987916423231,-59.95851561043076
ES7003,251.5653338884557,5.0,61.9943302729984,10.0,0.1560789737375291,6.561463074499269,True,False,0.0,0.001,0.0,0.0,12081,91.4,4675,-0.8038050404169204,0.0224271336162154,0.0317339584433303,0.9143511299394828,0.8962028279992986,-10.37971720007013,-0.1430378036529851,-50.6087934002725,1088,-0.341463969826308,0.2212854687175144,0.2936839043651847,0.8204665726133232,0.7256249961667708,-27.437500383322924,0.0359465194882219,-46.95800225460251
ES7004,234.39959746695703,4.999993675847664,72.27048420419082,9.999995222327165,0.9365219275484056,0.2551075122475839,True,False,0.0,0.001,0.0,0.0,12067,91.4,4323,-1.1185027588833476,-0.1191976958453251,-0.1154766842120745,0.942247359213066,0.9294317220923152,-7.056827790768462,-0.2514874238074889,-66.71428427193047,1088,-0.3100293469580293,0.2713835971269656,0.3432022591022208,0.8494449044423243,0.722814586803647,-27.718541319635303,0.0308018936381032,-44.11250427537912
ES7006,597.0472123926294,5.0,249.95723235647952,10.0,0.9986356712007164,0.7828951953305044,True,False,0.1,0.001,0.0,0.0,18237,140.4,4940,-0.9533512419317328,0.047738453945348,0.0545126776816083,1.0043764940947348,0.8867011839027762,-11.329881609722383,-0.6906158577302932,-52.18800953062693,1088,-0.5572060766232496,0.2800523623210655,0.4697330738771501,0.7036757115945209,0.6135630657394552,-38.64369342605449,-0.8904810133127348,-70.4185923554211
ES7013,464.6911873256466,4.672543465652828,369.5827498845781,10.0,0.9967861765601344,0.1943243291783715,True,False,0.0,0.001,0.0,0.0,11448,87.5,4985,-0.7260769914291816,-0.0812837608944072,-0.0567778506629758,0.7917899524704215,1.0950984859491746,9.50984859491747,-0.6033599999936545,-55.31303511270233,1088,-1.9989504886036984,-0.2670227847031012,-0.2498296754004522,1.181449931314283,1.1017272916735874,10.172729167358758,-1.358657033117105,-80.17707951678825
ES7016,559.1552890077056,5.0,264.0287569595275,10.0,0.9976574924503274,0.6991522222032833,True,False,0.0,0.001,0.0,0.0,16582,129.2,4948,-1.0027597909745274,0.0352088719706772,0.0405393246829501,1.0203752911713255,0.900793242397873,-9.920675760212696,-0.7961294044316456,-58.14920221290433,1088,-0.7222576574655386,0.2352432771440449,0.4521675415956918,0.6524134292251126,0.5951345674313178,-40.48654325686823,-1.26947958273993,-73.0501960830239
ES7018,394.9227042390484,-6.899324471916568,999.9999999999998,0.5001982368479276,0.9995986564448128,0.59218634649148,True,False,0.0,0.001,0.0,0.0,12051,90.9,4945,-1.056632644389664,-0.0337278886956284,-0.0336216111345699,0.9946788640013527,0.9861653198670448,-1.3834680132955184,-0.8755689280964742,-79.8975853811352,1087,-1.1026879899893245,0.0397195864899438,0.1115256198968783,0.9014999245395884,0.6492159017205722,-35.07840982794278,-1.0527103332778318,-78.5954327307257
ES7030,1294.7703659329725,-10.0,10.000000000000002,1.304917629876109,0.4779840988772144,0.0,True,False,0.0,0.001,0.9457720588235294,0.0,18130,60.0,4671,-0.5023416115465718,0.2259372753356215,0.2285390371507914,0.973068441368618,0.9425911534317416,-5.740884656825853,-0.5156685378846206,-84.85460158538437,1088,-0.9318275228219202,-0.8022537560005893,0.0583229922836523,1.0127920691613024,2.5366194639933437,153.66194639933434,-7.694897501236049,-73.92636485198749
ES7055,2999.9999999999977,-6.088569325055992,167.27443693576467,0.904247743074487,0.1799728479050385,7.497765522972187,True,False,0.0,0.001,0.0,0.0,11071,80.0,3154,0.160197153248499,0.4341653426513974,0.4878331065912041,0.7631199571445927,1.041734614525763,4.173461452576312,0.01396872745942,-50.03033436487966,1062,-0.0587490467315832,-0.3116157013574525,0.1389764571797873,0.1514768300082785,0.4910966331965056,-50.89033668034944,-2.753559496034742,-93.70788830826918
ES7057,268.96946577212776,1.0418333779674795,649.7025046935806,3.2293132772443887,0.7473229467088716,1.2886420372932612,True,False,0.0,0.001,0.0,0.0,11183,83.3,4041,0.0224437310864574,0.4826726501337411,0.4854165074186679,0.9470820781107836,1.0055776003237438,0.5577600323744055,-0.5620436761548997,-46.40534790414852,1086,-0.0452368940149146,0.4863246975500429,0.4999667980132085,1.0363491608752764,1.1118385075077222,11.183850750772203,-0.520065828947551,-60.00513122418747
ES7062,312.7972931675686,-6.374573524223488,501.0557202478631,9.999999111281143,0.999285932032274,0.017509579701557,True,False,0.0,0.001,0.0,0.0,16973,131.2,4855,-1.4221539843741589,-0.14054035083917,-0.132635210261625,1.0503161871990618,0.8757500355183546,-12.424996448164528,-1.4589565318966264,-75.84060135349706,1088,-1.6076574745485406,0.118934566345176,0.2362069008603996,1.0256395450820714,0.5615493028673897,-43.84506971326103,-4.038856659081852,-74.07134394939315
ES7063,257.48323915290143,-10.0,857.4094777919456,0.5003426983547382,0.6122922493097412,0.0,True,False,0.0,0.001,0.0,0.0,15004,115.7,4955,-0.5547447152457232,0.0221207877430129,0.0487687421793477,0.7916308045534701,1.089381912590027,8.93819125900271,-1.4865753896284173,-81.67681498027378,1088,-2.828581432647581,-0.1401861667616037,0.2035461301979111,1.7783262953031924,0.7552676846196955,-24.473231538030447,-2.439564368528813,-72.45507543585208
ES7064,465.3032745510151,-10.0,383.16787230680177,1.357177269939681,0.6355453799701903,0.0,True,False,0.0,0.001,0.0,0.0,11292,63.6,4271,-0.0491594218521136,0.137044443948948,0.2541777100793261,0.5855677348467353,1.1291793372672148,12.917933726721456,-1.0453168602832594,-76.73681983177173,1088,-0.7594025170258971,-0.0014065252321464,0.1978004773267645,0.6847267094222858,0.4902022883057879,-50.97977116942121,-6.39018009267469,-88.92332972563051
ES7070,10.000000000000002,-2.6569193840941394,10.000000000000002,8.626183821963563,0.25,3.74,False,False,0.0,0.001,,,9241,69.0,2473,-1.386635069397001,-0.0768917659455066,-0.0609221904174983,1.117362532761293,0.8572904441012313,-14.27095558987686,-0.7563180566314889,-100.0,0,,,,,,,,
ES7102,430.042181120892,-4.28507249391608,999.9999999999998,0.90161648275454,0.1149145965110009,0.0,True,False,0.0,0.001,,,13994,98.4,2055,-3.2365283545693986,-0.0429366550579368,0.0496801623745744,1.1205086060234637,0.5875842527820936,-41.24157472179065,-6.5819343683409794,-46.14176590079694,0,,,,,,,,
ES7112,531.4617904983054,5.0,213.17814393759863,10.0,0.9876569875595465,0.9306312444732038,True,False,0.0,0.001,0.0,0.0,15512,120.3,4945,-1.0114986557956382,0.0155401095988143,0.0231580884295402,1.0011614198596257,0.8777714979556974,-12.222850204430252,-0.5750069241160034,-50.21738551562096,1088,-0.4370451648181943,0.3593655162744572,0.4470200743391278,0.915499869096702,0.6877733652749745,-31.22266347250256,-0.4425324676200317,-64.08780655330956
ES7117,589.3262904609646,4.999996976446416,242.69241524857944,9.999974402113851,0.996921771631484,0.6455669123637481,True,False,0.0,0.001,0.0,0.0,17555,135.9,4945,-0.8603166017406811,0.0554597849738585,0.0562669317409399,0.9828220414456325,0.9649424556496856,-3.505754435031436,-0.619858265422921,-61.15875891836216,1088,-0.7049080046219764,0.3127129345471373,0.5112425977290947,0.6950879186097917,0.6251555860273559,-37.48444139726442,-1.1900275839400043,-67.6605014502297
ES7121,416.459749278764,-10.0,149.92917713052358,1.1320448715377904,0.3144832954342439,0.0,True,False,0.0,0.001,0.0,0.0,13994,107.5,4886,-0.4108589999448939,0.1858699605306203,0.1970459040980856,0.867518778863902,0.9771709157642864,-2.2829084235713437,-1.859032446958368,-76.26808374970524,1086,-0.651587995799833,0.0195738331515152,0.1589332098929793,0.8386923686004156,0.5226930010228832,-47.73069989771169,-9.82211198940614,-89.37867266427988
ES7124,351.8651013980543,5.0,123.23033615808464,10.0,0.7911138769491082,3.990775783526368,True,False,0.0,0.001,0.0,0.0,13226,100.5,4908,-0.6829384252828801,0.1212034879643271,0.1236553178652297,0.95543717488238,0.951859972188318,-4.814002781168222,-0.1965141317369871,-38.26429026415851,1088,-0.0137641007685624,0.2013692954990313,0.4966355516192753,0.4897194440702673,0.6477941106140825,-35.22058893859173,0.13645631171589,-74.89287656908759
ES7129,377.0058228504286,-9.999927833529862,26.534424435578607,1.2941257507141777,0.9578776842829756,0.0002188214090588,True,False,4.2,0.001,0.0,0.0,16422,58.6,4904,-0.3662578997653813,0.3659412197856999,0.3738733671701194,1.0850947161497635,0.947513185357148,-5.248681464285196,-0.3585985787375938,-58.663178538545736,1088,0.054016854142717,0.0166419326680837,0.417248317049194,0.5548480249397987,0.3448410240981455,-65.51589759018545,-1.093332307911396,-90.08986064786528
ES7137,542.6568056755727,5.0,176.43327611316212,10.0,0.973568779927338,0.3626503110903284,True,False,0.0,0.001,0.0,0.0,19596,151.0,4922,-0.9118364096191844,0.0394579863322365,0.0496717240077644,0.9676515534784564,0.8640930249097193,-13.590697509028065,-0.5991343874938895,-52.76400643562868,1088,-0.7428666863941407,0.2826868913263483,0.3615050143864226,0.9756111277916558,0.6740131411639715,-32.59868588360285,-0.640541634569971,-57.90498887897576
ES7158,1819.6720225836527,-0.2431628861498245,10.000000000000002,1.1373710731069602,0.9924959769540028,0.0060437616875128,True,False,0.0,0.001,0.0,0.0,14001,56.0,4512,-0.1387077349671024,0.1801236341887474,0.2453810821371919,0.6900368679174126,1.0816725215049956,8.167252150499554,-0.8055168835190663,-80.02266441466308,1064,-0.1991024185788938,-0.0459620611720006,0.3171375933366427,0.4607235146160223,0.4195549644548486,-58.04450355451513,-5.626113673220963,-89.83453595361556
ES7164,479.888364899096,-10.0,642.6925506882064,1.3125811198559711,0.9052321373628616,0.0,True,False,0.0,0.001,0.0,0.0,12181,95.6,4923,-0.233864914660512,0.2230156663866421,0.2571131871490488,0.7980314286019268,1.10503587073077,10.503587073076998,-1.0394450492498946,-72.62047643747795,1087,-0.4143738675378292,0.063795322895009,0.1936412125908196,0.6565218453242673,0.6709293986667753,-32.90706013332247,-1.7240977762357956,-85.91263016097903
ES7165,413.879401321333,-10.0,86.00437454082069,1.2663671090775988,0.9591326116567416,0.0,True,False,0.2,0.001,0.0,0.0,12963,57.4,4647,-0.3372947965874793,0.2259114355514752,0.2394364635309069,0.8672170540750135,0.9440991782253012,-5.5900821774699,-3.206315329934184,-74.4534261963635,1088,-0.3594760053844963,-0.0164552617836657,0.2442957171329443,0.6668352284088661,0.4074685062929424,-59.25314937070576,-6.853762733652136,-84.24594928834186
ES7167,596.701582164854,5.0,241.38607228297855,10.0,0.9734599046646112,0.7151993651071493,True,False,0.0,0.001,0.0,0.0,16696,130.5,4934,-1.0300771316651471,0.0031722887701416,0.0060646405157282,1.0085142647699563,0.9245977829367296,-7.540221706327048,-0.8044835062175693,-62.462310827910144,1088,-0.6980542303610502,0.2994709776274685,0.5192735246117696,0.6781464971096596,0.6049641918455476,-39.50358081544524,-1.3042046620083323,-67.94198173738674
ES7169,390.6787879815278,-10.0,44.20248177880784,1.2875073922355078,0.8572241456822084,0.0042557746984376,True,False,0.0,0.001,0.0055658627087198,0.0,10808,77.6,2101,0.3626711373171288,0.643793770083938,0.6573954616137941,0.9207354743058483,1.0567639275831964,5.676392758319642,-0.1433409251816002,-21.752538467059317,1078,0.0564647250388825,-0.2955257425400754,0.4217386694376011,0.1366748871209573,0.2262619741588202,-77.37380258411798,-0.8219335836229658,-93.14851680976264
ES7170,10.000000000000002,-8.585307401273813,350.6248865220889,1.0896943657866816,0.9289198864684294,10.0,True,False,0.0,0.001,0.0,0.0,11946,86.1,2132,0.2546545816654988,0.58363104483631,0.5943461566758024,0.9080087281559952,1.0185922598124222,1.8592259812422265,0.1153272935644011,-55.79991871944148,1088,0.5887771067496037,0.4368432418350374,0.8345295625674797,0.5426793230867663,0.7160583386144573,-28.394166138554265,0.4490163072478941,-58.05864397685513
ES7171,2999.9999999999977,-10.0,999.9999999999998,1.0259358970843464,0.4320666159142889,0.0,True,False,0.0,0.001,0.0,0.0,26133,188.4,1950,-0.5490957964848466,0.3683156875691145,0.4053013178304058,1.1567871172852486,1.1441400286194303,14.414002861943048,-0.373091984452828,-30.588318667843733,1062,-0.0244607790917485,-0.3215008994427144,0.0991847320723397,0.0939248071159405,0.6624733712187506,-33.752662878124944,-0.3467644152762581,-94.42091724314096
ES7172,2999.9999999999977,-0.7761794353137297,41.68776327291594,0.5001997966849674,0.9984285813245612,0.0069885364828033,True,False,0.0,0.001,0.0,0.0,16638,116.4,1942,-1.0502805415553182,0.0540075495904032,0.0645434287302544,1.0807965143355265,0.8846976029241634,-11.530239707583656,-0.5289503098549326,-57.90952210052223,1062,0.0715432755971595,0.0479274798849593,0.2975874914030318,0.3829672765918558,0.8201963026847132,-17.980369731528683,-1.7964307774640966,-82.10722597197805
ES7173,2092.8456585420627,-7.350696768948302,146.5984297232107,0.6097566839983452,0.884070796761928,5.814588222149793,True,False,30.6,0.001,,,10145,59.8,1980,0.1019854313129094,0.4768073729911852,0.4936412988937626,0.869799053484299,1.019470600833165,1.9470600833165328,0.0633883638107007,-56.994144593001145,0,,,,,,,,
ES7174,510.94961164240993,-10.0,265.8486574899879,1.5244920925875134,0.5570478017079091,0.0,True,False,1.4,0.001,,,13731,65.9,2102,0.1118794714754497,0.4021735299879061,0.4573613582291793,0.7651054185891752,1.088115426164057,8.811542616405717,-0.2185397010944982,-54.224885148915575,0,,,,,,,,
ES7175,725.491909917985,-2.820492014325482,10.000000000000002,1.3120055573409874,0.6642017094735416,8.459985127295898,True,False,0.0,0.001,0.0,0.0,15998,61.7,2126,-0.2909088553731254,0.3393216274762264,0.3397841815069504,0.9772449328962672,0.9903464072325658,-0.9653592767434036,-0.7130383359017498,-57.49540835472908,1085,-0.1334857691866209,-0.0192223027078322,0.2730382925981586,0.6156910459987373,0.3977978693304789,-60.22021306695212,-4.353224553582759,-89.39408670004428
ES7176,1724.1052103030008,-0.4811273788678207,10.000000000000002,1.296417903740992,0.1353823754509571,9.601553647586462,True,False,0.0,0.001,0.0,0.0,11313,49.7,2123,-0.0423357835930402,0.3681778789257364,0.3926543748898381,0.8352024543845559,1.0563227600305036,5.6322760030503565,0.0218024865433851,-73.50243946691272,1088,-0.0134770669944772,-0.0537382428245913,0.3670354378722864,0.3830371792556427,0.426347644212372,-57.36523557876279,-1.0664150295168682,-91.11190414141232
ES7628,422.094452390631,-10.0,234.0067352704923,1.2410470549019292,0.995828468481625,0.0,True,False,8.3,0.001,,,13340,63.7,4558,-0.3172098995100585,0.2741491336186508,0.2806354354036307,0.9095063497133044,1.0344238679904003,3.4423867990400434,-0.6086172331679196,-70.59570268489874,0,,,,,,,,
ES7821,1389.197332894268,-0.2309321769582039,10.000000000000002,0.9999999966603024,0.9879947030982812,0.0002919162467103,True,False,0.1,0.001,0.0,0.0,13657,104.8,4551,-0.4300827645514993,0.1232033501440216,0.1437005039323113,0.8148606782689258,1.03531245930047,3.5312459300469823,-1.529017874213872,-78.20013227652683,1088,-0.4163866823782769,0.1574445882841316,0.2837225806439126,0.8608867640529105,0.5786998837923141,-42.1300116207686,-5.582191534195456,-81.2104254131963
ES7850,289.45793063819553,0.8782837369030123,12.57437661538274,1.2500824673658684,0.8788405456520437,1.0520796541625652,True,True,4.1,0.646386599180827,,,15535,114.3,4687,0.2662407439778321,0.6407413851259858,0.6414477839298198,1.0225180077896714,1.0000061271895089,0.0006127189508972,0.3673008938338032,-48.15997307990681,0,,,,,,,,
ES7863,554.3427729797236,-1.372837657811965,10.78244923947166,1.1481452175833382,0.7855163903295965,0.0001926028700688,True,False,10.2,0.001,,,17350,129.1,3726,-0.9729331955910654,0.0612545935311474,0.0640731398002139,1.052404406465792,0.9496251183037678,-5.037488169623217,-0.5923005633234342,-89.44669964137262,0,,,,,,,,
ES8005,499.815632247363,0.3229944794949704,73.03382560083921,1.7410589462388295,0.9986929903464156,4.764741000872268,True,False,1.3,0.001,0.0,0.0,11988,107.2,5093,-0.057503747070662,0.4884224421675679,0.4896173544915524,1.0347960531327354,0.996777031185758,-0.322296881424194,-0.0564382666001603,-33.998540724408144,731,-7.413063246030266,-1.1178472169381286,0.4083592160126885,2.8248071922174582,1.8973944106394316,89.73944106394313,-2.1992885229986,107.65733959734308
ES8014,73.54963566465999,-1.8469184586142169,377.6915067882346,0.9999996514815468,0.0015946234126557,9.999854541859934,True,False,0.0,0.001,0.0,0.0,10690,87.0,5099,0.238180042393323,0.6136315706197517,0.6139151067843139,0.9863182454696844,1.005641634990359,0.5641634990358882,0.1356284801698725,-33.47713744250412,713,0.6265675075228277,0.8016443308757952,0.8364447880285567,1.1042094391639046,0.958345985789702,-4.165401421029787,-0.6127412241662042,-18.178079778653117
ES8015,1197.603135415313,0.2252168249346107,15.386419957298177,2.309676947731144,0.8801472169543555,7.518271839719435,True,False,0.0,0.001,,,10545,103.7,5113,0.2999299037192988,0.6588598909360754,0.6600604491718063,1.028492260735822,0.9975778371165068,-0.2422162883493293,0.4235066402072984,-25.45049301246693,0,,,,,,,,
ES8018,195.55237639526263,-0.0244713214053929,943.6192029208544,2.933564927023152,0.4025404669106067,1.9430641627117813,True,False,0.0,0.001,0.0,0.0,11658,117.5,5113,0.2023109992463891,0.5950226982190172,0.6151143703372871,0.9641386858315134,1.1207627143743106,12.076271437431055,0.1778319789862488,-31.9322594774442,710,0.1340648545801549,0.2139972159232249,0.4389103754452739,0.4895045021824831,1.2058474107233883,20.58474107233887,-0.0005198402956085,-66.50938862472042
ES8022,308.4320252921627,-2.284311713957093,701.8431242207338,9.25646755836521,0.9946884196165025,6.534567067006537,True,False,0.0,0.001,,,12465,105.2,5113,-0.0060433103643919,0.474765329948439,0.4767264037903401,0.9583123280780458,1.017842089107205,1.7842089107205206,-0.0750921007269598,-46.35435432194736,0,,,,,,,,
ES8025,1327.4283221611277,1.1074308158217083,85.9698319120205,1.0365855983175682,0.8503174740019992,7.142381853616568,True,False,0.0,0.001,,,12570,95.4,5113,0.1948321838696759,0.583185470445901,0.5847362822532349,0.9672853996033058,1.0148375096099214,1.483750960992132,0.2240176345122627,-44.899491889079485,0,,,,,,,,
ES8027,946.8754808404192,0.0355283221072554,11.15505186888628,2.424987223402653,0.903074130129028,9.359768177562978,True,False,0.0,0.001,0.0,0.0,12309,85.2,4891,0.2950686179459314,0.6619904858477818,0.6660976551053389,1.051512363448242,0.9896979544146984,-1.030204558530163,0.4853780911736943,-16.80009654142274,728,0.1680943214371839,0.5759491196405727,0.5987835869650022,1.0163779739324794,1.1362949045812147,13.629490458121454,0.119941053464565,-60.74233082435933
ES8028,50.35960627506826,-10.0,96.7331371256872,1.3890838773430685,0.7607089979876833,4.122093215932552,True,False,0.0,0.001,0.0,0.0,11653,91.2,5113,0.331007640899887,0.6471927223958929,0.6505782397245824,0.9542058351219804,1.0167422531212165,1.6742253121216537,-0.032382972156959,-30.772904264054784,710,-3.6543607225491135,-0.6720234244413108,0.5669593206395473,2.4859291862617066,1.6325761261027067,63.25761261027067,-0.4145897811753953,-18.2758070849214
ES8029,220.7255886821628,-0.3343530553251433,95.53174429628848,0.6809646603198596,0.25,3.74,False,False,0.0,0.001,0.0,0.0,6543,48.8,5113,0.1755523630640691,0.518691150432615,0.5367458823594957,0.8721256845937724,1.026495105593034,2.6495105593034,0.2667113504079786,-11.770500647580697,729,-2.002977174089511,-0.4956962524475883,0.5166751839954007,1.8443817362997053,2.1360122733594804,113.60122733594804,-0.1568917469983575,-39.835673430111456
ES8030,782.4515329108178,0.0886586721904377,10.000000000000002,1.0978931228752056,0.9972182552293788,5.507796275434711,True,False,0.0,0.001,0.0032894736842105,0.0,18030,130.4,5113,0.0780896002053451,0.4711157042327344,0.4853936805676709,0.8818316633950041,1.030580688899312,3.05806888993121,0.2371694266870179,-54.79510081896464,608,-1.377884963056348,-0.187410493463342,0.6316749304210582,1.799931759736351,1.7964857204442717,79.64857204442715,0.0606587091232995,-36.76845492680899
ES8032,139.74449601978267,-1.3301395491437975,303.4751944490055,1.663417516976904,0.208666698214233,9.95907212984951,True,False,0.0,0.001,0.0027359781121751,0.0,10126,76.9,5113,0.6910538416014798,0.8224028185910413,0.8367870487156043,0.9318335980776836,1.0159885279625516,1.5988527962551615,0.6545180354189835,-30.435427851205333,731,0.846158792296699,0.7722801098765701,0.929502032946946,0.8039914042815183,0.9079836133958616,-9.20163866041384,0.6912200194468366,-29.16944008481354
ES8036,626.4567915568238,-1.778549066845729,109.54814541209343,1.999550100715414,0.9991554585094304,0.0017203261878674,True,False,0.0,0.001,0.0,0.0,12805,106.0,5113,-1.1539760781694248,-0.0492860879379144,-0.0477088798421372,1.0263796336032691,0.9488970414658432,-5.110295853415697,-1.8157107623038893,-93.41419371772405,700,-22.642433041314025,-2.7114047328874578,-0.0805919352350691,4.525033081891225,1.425426764998164,42.5426764998164,-8.450228906562842,-76.93420946360719
ES8042,426.5947898432333,-4.770436471630547,304.3940307818228,10.0,0.9995972256443544,0.1126880864944807,True,False,0.0,0.001,0.0041724617524339,0.0,13487,99.8,5113,-0.5064114146250767,0.0562520976751126,0.0791053887063105,0.7947565145858413,1.0220981838149166,2.2098183814916426,-0.3139546232755625,-64.34528707573112,719,-0.899341792769913,0.1079640936620578,0.1398318771914643,1.0553253470362245,1.2297345526374197,22.973455263741958,-0.1559242469532391,-72.96341110168997
ES8060,494.5238758864947,-10.0,186.8601080078492,1.067278253990264,0.9573920148438188,3.890871116996476,True,False,0.0,0.001,0.19,0.0,11788,84.5,5113,0.0729513082376421,0.3664505340321837,0.4220412820139716,0.7450692797815773,1.0485692703359648,4.856927033596486,-0.3818474190466372,-60.441671765164536,500,0.0004061489187086,0.0432860657032947,0.2369971752048004,0.4537874634758024,1.1864942529297582,18.649425292975817,-0.0111664866806002,-87.1309044531331
ES8071,251.24670970032668,0.7877854961050571,157.45732480867142,0.9999999942672112,0.7530744113919822,0.0,True,False,0.0,0.001,,,15970,116.6,4775,0.3720227237525776,0.6831401292594133,0.6832738952416482,0.9912323888856976,0.9971926443596886,-0.280735564031148,0.02626220324887,-32.270903942933025,0,,,,,,,,
ES8074,191.24434921209624,-7.208189539807256,543.0485625150983,1.3312929737638677,0.9981661430040492,9.944988503487505,True,False,0.0,0.001,,,15435,120.7,5113,0.1927715881673373,0.4998481218643997,0.532694009496443,0.8305796643927423,1.055441521667267,5.544152166726709,0.179464533114656,-44.22007090930744,0,,,,,,,,
ES8087,1373.7158372603606,0.9100525595922112,33.63451853298402,1.2177376103933952,0.25,3.74,False,False,0.0,0.001,0.0,0.0,7567,54.3,5113,0.494110720461324,0.7284028431634082,0.7341734111547482,0.94557927438918,1.0118162975846725,1.1816297584672346,0.4251543876878167,-38.90539895863531,634,0.627074927799121,0.5490863608457655,0.858701567267398,0.6995648047187635,0.6948827171087307,-30.511728289126925,0.4017661129400985,-42.18443716048071
ES8089,291.08573149634475,-10.0,682.3453429319254,1.7470757008852411,0.9948936514835072,0.0029538444171182,True,False,0.0,0.001,0.2025117739403453,0.0,11718,84.9,4969,-0.1212294163945735,0.3479081882407241,0.3641732708729597,0.8645849005052185,1.0510965000750798,5.109650007507976,-0.4292286507415177,-52.3663785981339,637,-1.99642371956724,-0.0373186981631674,0.2120478362098687,1.4272032852403398,1.522167427380567,52.2167427380567,-0.2634863929806321,-68.14403632681945
ES8090,65.3662363961905,-0.4889888340755314,408.5099020356706,1.40917275016203,0.2055909165036371,10.0,True,False,0.0,0.001,0.0,0.0,12209,89.7,5113,0.4533857184560802,0.6744689027530721,0.6984122375422347,0.8817703164715593,1.0322033964555315,3.220339645553156,0.51117950229315,-38.6130075400077,688,0.4516688006339652,0.6367116870470602,0.8307597942770499,1.2915320172500222,0.8645554208793151,-13.544457912068482,-0.0146738112080289,-2.8071572013978585
ES8091,116.7644484445116,-9.89582958752135,580.2676857866454,2.060096414780835,0.0745625977581453,7.304172893355771,True,False,0.0,0.001,0.0,0.0,8532,66.9,5113,0.5859418276768431,0.7632544385557978,0.7787563925525813,0.920186377295747,1.0270094919982993,2.700949199829921,0.664072361924855,-37.79376641136121,713,0.7366602977286405,0.7496404968712189,0.8611356895308282,0.7983167978230449,0.947841874607488,-5.2158125392512105,0.7263640456975072,-34.66882831629065
ES8092,158.11361345812983,-10.0,437.2882757619244,1.4775845840845134,0.6156963960643189,4.428007193320026,True,False,0.0,0.001,,,10936,77.0,5113,0.3414350778250249,0.59486118661113,0.6283683272497194,0.8526916512412137,1.0657845598064608,6.5784559806460905,0.2810813323654871,-48.83649181266559,0,,,,,,,,
ES8093,568.4334039891706,-9.999953261905215,66.62421240161969,9.999974047281476,0.9876866213078268,0.0049369430919694,True,False,1.9,0.001,0.0,0.0,16284,125.0,5113,0.4284216804884715,0.6287052512121035,0.6748889607969878,0.8370800691341195,1.0749646502857269,7.496465028572691,0.3018786504785367,-40.914550560916005,278,-2.2851819067189623,-0.0449250182646405,0.7389856100950377,1.964728925524631,0.6949788821835595,-30.502111781644047,-10.278409437712732,-40.89401876907034
ES8096,548.5278335648477,-0.6859584704197875,25.995779649129,3.544714173269031,0.8736360205748941,2.725966104848224,True,False,0.0,0.001,0.0,0.0,12714,95.3,5108,0.2015657456099827,0.5816995031357683,0.5842937527818503,0.9579848168249796,1.0199586092560358,1.9958609256035915,0.1110606561076594,-56.46582600693778,645,0.6106982744604095,0.7685217424292946,0.8002162646638139,0.9510061237802572,0.8938480197261723,-10.61519802738276,0.2946527389323342,-45.85588670899435
ES8097,676.4737183126946,3.5103250602195843,60.0049143895222,1.03053756134127,0.6555564188684755,0.6530399084851672,True,False,0.0,0.001,0.0,0.0,13033,99.7,5113,0.1300082731665143,0.5629086707225286,0.5629348211649375,0.9952387589106924,0.9995639235029592,-0.0436076497040775,0.1454539442701273,-25.359027325340275,702,-1.5961911203563712,-0.1261734933576654,0.8127227503124466,2.035416413866001,1.4013811390533235,40.13811390533237,-0.2066202058591761,12.584986773876896
ES8099,347.9188073108777,1.539854605027728,35.1391506820632,1.714170172005824,0.9968308683259324,0.0710940560394606,True,False,23.7,0.001,0.074074074074074,0.0,10801,87.2,5113,0.3011984851321069,0.4678732325466572,0.5641621644392346,0.6948158547108148,1.0081801710349276,0.8180171034927638,-0.0863496634825355,-48.89435734712482,729,-0.038207953180418,0.325588794099903,0.4021894724651415,0.8255537924843672,0.7411147580576872,-25.888524194231284,0.1096929545934981,-67.64271814141665
ES8103,1711.3888974066308,0.2543897614576353,11.532479306040887,1.4086350663895844,0.9244932254554096,7.489632133208987,True,False,0.0,0.001,0.0,0.0,11297,102.9,5113,0.2839614797025024,0.6500286644339786,0.650901939199124,1.02467914454971,0.9988085776453384,-0.1191422354661549,0.3755624875261936,-37.85388214261429,727,0.4756208926033657,0.7227870879978007,0.7414367349590446,0.9859117492005232,1.098962405697875,9.896240569787505,0.5236099168413878,-41.2134860024109
ES8104,67.50325895703402,4.999999603020003,999.9999408028708,2.22995590610854,0.2483672812673995,8.550455435646143,True,False,0.0,0.001,0.0,0.0,14215,103.8,5113,0.3389714552724844,0.6679571197652372,0.6854381081469307,0.9695621996192754,0.8981332693348895,-10.186673066511046,0.0415521935039868,-41.274337584395205,714,0.46001973704191,0.6502734533835872,0.6998984512549377,0.8310436424046452,1.0608396834078513,6.08396834078513,0.5368157221559361,-44.91893473850269
ES8107,607.1357335724679,4.999998315351059,216.8067251313858,9.999995260279976,0.9998419876334826,0.1608270583547805,True,False,0.0,0.001,0.0,0.0,18942,174.9,5113,-0.5688104078254854,0.089014627906137,0.1054771953598585,0.8557719733774147,0.90554590276603,-9.44540972339699,-0.1200047400328854,-77.60969250645168,734,-0.746469798929499,0.141467188877877,0.1574302104151845,0.9894543731068802,0.835550837017375,-16.444916298262495,-0.1748562201633967,-61.1869679284293
ES8112,514.5037129755129,5.0,332.7295535567554,10.0,0.8806980535284257,6.681209372345412,True,False,0.0,0.001,,,16929,153.6,5113,-0.4847512691937432,0.12664588812039,0.1402037034523389,0.8488911241188016,1.0257651083807082,2.576510838070801,-0.5418477665307706,-31.314289847556854,0,,,,,,,,
ES8119,722.6386114369468,0.3138535851108552,31.20803699220904,1.3936855353442663,0.9707807667855428,0.0,True,False,0.0,0.001,,,11946,111.8,5113,-0.5198011570029661,0.2838589579260404,0.2874536996307686,1.0629443594537396,0.965739679133782,-3.4260320866217944,-0.895057542017992,-43.18220318042791,0,,,,,,,,
ES8120,2999.9999999999977,2.3355663502287345,71.89823345101397,0.866754923308146,0.8855043010911483,7.677121064982433,True,False,0.0,0.001,0.0045045045045045,0.0,15665,117.6,5027,0.0468325634247581,0.5085751701848842,0.5094529726865096,0.970651526304352,0.999197227025164,-0.0802772974835928,0.2203925981241329,-37.18968148879687,666,0.0147540157886265,-0.2656659612254257,0.1515563457890292,0.0610700503286746,1.0215462443135142,2.154624431351421,-0.6696771021862646,-96.00589417087112
ES8126,159.85917715823325,1.6046765827669731,151.370109437652,0.9999997836940032,0.0056012337716893,9.999977273094178,True,False,0.0,0.001,0.0,0.0,15302,109.2,5113,0.6965864425794157,0.8328139493667317,0.8415429569710754,0.948802254812872,1.0148772285266172,1.4877228526617294,0.675315362764578,-30.61106422731113,722,0.8119337687119152,0.7886381050460374,0.9048811198764612,0.8563122704424216,0.877606839826884,-12.239316017311596,0.6376709642606555,-27.824031037786515
ES8129,447.1842655239829,-4.311674423951468,290.54994041989835,9.999937216863676,0.999630828674616,0.0032746239889818,True,False,0.0,0.001,,,14883,136.4,5113,-0.9837430450324018,-0.0592812125021857,-0.0573385511766037,0.9361396248549578,1.0058075676660283,0.5807567666028243,-1.3335084943196058,-91.21787132757647,0,,,,,,,,
ES8130,425.2433465498464,-1.1491509393307415,290.5541802544989,9.999967369191864,0.991164427267134,0.4090798082360071,True,False,0.0,0.001,0.0,0.0,12635,120.4,5113,-0.2081178717645562,0.0509993193335215,0.1362296006528119,0.6105915536636423,1.053516829492626,5.351682949262611,-0.3914765241799749,-60.28805268068069,728,-0.1769208736724286,0.4271510469857755,0.4463508237253434,1.0304975169264636,1.143869434006002,14.386943400600206,0.0997373331522887,-81.96688140395214
ES8134,54.23687311643749,-5.52577209008547,999.9999999999998,1.0212485580945794,0.9659652385053148,8.253636703851495,True,False,0.0,0.001,,,13987,97.4,5113,0.2749531123314068,0.623534661529725,0.6268338865308694,0.9659026347533312,0.9637981697822084,-3.6201830217791606,0.0276407557169299,-38.24059118411978,0,,,,,,,,
ES8137,486.9572991103536,0.3624754360387509,31.70342388112618,1.3727605411737769,0.25,3.74,False,True,16.1,0.0444396770681537,0.1718309859154929,0.0309859154929577,8202,59.7,5113,0.6085159577353829,0.8057858967218144,0.8065715191542066,1.0114297699176529,0.9868128445270492,-1.3187155472950676,0.1878051214312089,-17.4108713441208,710,-0.8346471189245044,-0.9012179585435685,0.7690334862844808,1.758984143955476,2.727781023351873,172.77810233518733,-0.692188995671946,22.867519393445715
ES8138,507.6753039877565,0.2318978515920618,42.77159626729168,2.354435485426408,0.9122924724780764,0.3251466391571093,True,True,2.8,0.1144022220215342,,,13219,98.0,5113,0.4638013057756932,0.7365846559347824,0.7380997345996476,1.0224427991038547,0.9829056956676812,-1.7094304332318768,0.238855991669136,-4.7543266712263765,0,,,,,,,,
ES8139,54.8994056050141,5.0,945.7904991576582,2.0962319968103245,0.3316995337788144,10.0,True,False,0.0,0.001,0.0,0.0,13845,98.5,5113,0.5701186049881255,0.7670346815292564,0.7742344788309208,0.9441949690607968,1.0137319912359293,1.3731991235929186,0.4705925157221216,-29.976118692279773,578,0.6375771662470573,0.802897971045097,0.812620926011925,0.9530259219250968,1.0391373023920123,3.913730239201256,0.7649248160540216,-37.49408465952899
ES8140,770.840825697654,-0.7865050506977442,22.556525767319854,2.043141048631185,0.5329518610510894,10.0,True,False,0.0,0.001,0.0,0.0,15011,108.8,5113,0.5563589489538107,0.7633742416945304,0.7686399194928341,0.953920724527327,1.0184651838135914,1.846518381359152,0.2977952155358849,-36.04314398436272,720,0.7712321609370602,0.8797489129223,0.8928766910835672,1.0540496768749363,1.0079720173029207,0.7972017302920763,-0.6275790151557883,-13.381230426003588
ES8141,292.74688383641023,0.1968522893891267,10.000000000000002,1.1331284436026294,0.1653990112538143,5.60189705185741,True,True,1.7,0.0085316836269313,0.0,0.0,11248,77.0,5014,0.2777446519717936,0.5904408198673189,0.6045725081060372,0.9003464126434442,1.0380129348034752,3.801293480347516,0.4073447574350562,-42.88225695371461,694,-0.4196427140232153,-0.2920185464225378,0.3441043308621296,0.2787841696090021,0.1520846023927765,-84.79153976072234,-0.2755029170817502,-76.16758527316024
ES8144,1921.9448665988584,0.0756840214884331,15.215753893840786,1.4537756347357702,0.4829970345928374,0.0,True,False,0.0,0.001,0.0117130307467057,0.0,10531,74.6,5113,-1.278186500310551,-0.073318614612698,-0.0693649068199065,1.0591944979787138,0.9295191093613134,-7.048089063868656,-1.8345733111698528,-92.3250513752244,683,-8.749275667323642,-1.2090917172274116,0.0979102941577531,3.001753276096013,1.2435245354683624,24.352453546836266,-1.375243851752959,-79.95404944379032
ES8145,507.92741988693206,3.0440560999515265,103.96112999806212,2.099336822096729,0.959055852641217,7.634919611090685,True,False,0.0,0.001,0.0,0.0,11455,80.6,5113,-0.3291791010551033,0.3556102008363314,0.3564163693347134,1.031798040733055,0.994783850901294,-0.5216149098706174,0.0171913745982171,-24.447139475423743,727,-0.4327330513127734,-0.0054215296362505,0.2296618858215434,0.735675643086832,1.5895627841396682,58.95627841396682,-0.8099013775734969,-64.67719494826626
ES8147,443.77369474869727,-1.2461158570377762,143.15367451883105,10.0,0.9820815156290856,6.141041249459988,True,False,0.0,0.001,0.0,0.0,15842,140.6,5113,-0.4395169724630199,0.3062182472784703,0.3075369076813757,1.0379071944733194,0.9802255014463525,-1.977449855364752,-0.2683605184372726,-54.29866606216373,721,-2.020164390401391,-0.1710867816964427,-0.1241388593738003,1.2651036713752015,1.1935874958082044,19.35874958082045,-1.1603904012977462,-73.81749915276343
ES8148,181.5340430441789,-10.0,376.83683059633626,1.130897419134324,0.5754647677457179,9.037113722954304,True,False,0.0,0.001,0.0364656381486676,0.0,9137,70.1,5113,0.1388773240048174,0.4114152075175288,0.4716072277541536,0.7556474272242167,1.0867465063148851,8.674650631488532,0.3487492330366637,-30.97137902811092,713,-0.0429892855509439,-0.0457321415622786,0.1554084697467688,0.4066487208317475,1.167794870095403,16.77948700954031,-0.5049637753599974,-82.6120553762691
ES8149,179.74568151292308,-10.0,359.88853313600987,1.960534292545861,0.3255815186700531,7.134469068527218,True,False,0.0,0.001,0.0,0.0,11427,80.8,5113,0.4557728221922973,0.7327410302281421,0.734013052863813,1.021703422254561,1.0143966085980831,1.4396608598083176,0.4547246086083031,-42.42233110801921,708,0.5667946390460974,0.6876124141235709,0.7634034261637981,0.8313944970600847,1.1148052674621347,11.48052674621348,0.595211403954433,-56.80416744670168
ES8151,57.321102268523056,1.5169157543896008,48.04014699728453,2.275305404144069,0.25,3.74,False,True,5.4,0.0215223046478512,,,4372,27.5,4444,-0.0523087371128014,0.3447529877964915,0.3784885652657846,0.8197478231099216,0.8971343778387081,-10.28656221612918,-0.0427320386361669,-71.99365028271599,0,,,,,,,,
ES8153,329.72199292761,-10.0,119.38478451596993,1.582389471821513,0.5913570135116946,0.0,True,False,0.4,0.001,,,18225,126.9,3572,0.2635016923132282,0.6259604279904653,0.626287513867409,0.9850736598849832,0.9953327193736894,-0.4667280626310461,-0.1830089062065374,-57.08283614820824,0,,,,,,,,
ES8154,2999.9999999999977,-10.0,32.60505376442412,3.061835350624737,0.9947582159603682,10.0,True,False,0.0,0.001,,,15146,106.7,3287,-0.8061257046989914,0.1614398074969969,0.1653191698910488,1.0781310357346434,1.0196634064784758,1.966340647847578,-1.6466523322275195,-82.05008971930454,0,,,,,,,,
ES9001,92.37788895513572,-1.1242127703515183,166.71094715152677,1.7410298618564173,0.0624343421831367,4.304574980458454,True,False,0.0,0.001,0.0,0.0,7764,61.9,4925,0.6512963166648597,0.8042176988720995,0.8158150518447811,0.93485430698874,1.012753548136809,1.2753548136809056,-0.0978658860786043,-32.30530773550964,994,0.2280875390950912,0.4980651323361692,0.6789867030913115,1.0086721101747176,1.3857640069908532,38.57640069908531,-0.0607440312706426,-47.49488283667116
ES9002,178.82670584538317,-1.4991971380894271,121.6873707355887,2.25287294602341,0.3791144234981999,5.383140426524779,True,False,0.0,0.001,0.0,0.0,11029,80.0,5113,0.8257889512096561,0.908437229152018,0.9112262115834951,0.9784773377897902,1.0063032140156352,0.6303214015635272,0.5812334943301639,-16.158669074987266,1080,0.7135501638458208,0.7750352446995608,0.8627964449794647,0.9597877735000888,1.1736873698834585,17.368736988345855,0.6331375940316958,-31.09888146713908
ES9003,189.2436115546286,0.782974305907869,41.0144916813118,2.088768612999034,0.3658203453676499,1.210817028119118,True,False,0.0,0.001,0.0,0.0,11150,77.7,4988,0.7858045405963898,0.8877177614354332,0.8906324478317219,0.9765711998412452,1.0098555036862853,0.9855503686285374,0.8363372300994779,-17.932259385415446,1086,0.6527349652232419,0.7569476536493379,0.8182766658880541,0.90618729206184,1.1313402022806032,13.134020228060333,0.804036731349059,-39.51730025266824
ES9004,125.82517288914669,0.9594971510500068,28.015401442009576,2.0939486614222207,0.9921408123130782,2.356450556629909,True,False,0.0,0.001,0.0,0.0,12558,111.5,5113,0.8021754121226086,0.8811480344468213,0.8969341301539125,0.9437765738440886,1.018497095448046,1.84970954480458,0.6104663108149981,-19.342370895308196,1088,0.4220336001095675,0.6588686684804378,0.7655743132100874,1.141186923921055,1.2036699173444558,20.366991734445588,0.450339050541241,-30.67371472107961
ES9005,407.8591464881041,-3.197475577139244,59.90955006345808,1.9384029830037777,0.0509851872502068,10.0,True,False,1.2,0.001,,,14997,120.4,5108,0.7475439951612288,0.8550457154059626,0.8680639040638847,0.9442630725393324,1.0223160509174367,2.231605091743665,0.2828835355630609,-19.86066877590408,0,,,,,,,,
ES9006,242.7872108987281,0.5917405189518997,33.05755461392375,1.1129376549806709,0.2786926756701052,9.978229056767574,True,False,0.0,0.001,0.0,0.0,9123,63.2,3559,0.4040004854228517,0.6550916296871452,0.6727572239801027,0.8929504098446023,1.0203552131460758,2.0355213146075744,0.4478570864579452,-59.04865304696416,8,-911.3829339206484,-5.290647884095012,0.7683395783024999,2.270312719110016,7.15669471765129,615.6694717651292,-107.36281144347866,
ES9008,280.8804451029883,-0.0123464208358066,731.8962247668339,2.691350356788315,0.7370954702823147,9.059161657451371,True,False,0.0,0.001,0.0,0.0,8334,59.8,5107,-0.1011953416290138,0.4170007840759965,0.4215043342311961,0.9439074022309424,1.0456560065076874,4.565600650768737,-0.1225529854921254,-54.68234021947604,926,-0.0056138855411496,-0.059829268398865,0.2168605461955273,0.3209945183609124,0.778906739239351,-22.109326076064896,-0.2448234037335974,-89.41179274667608
ES9010,2999.9999999999977,0.1723623716163694,10.000000000000002,1.384461860925823,0.9198090981183752,10.0,True,False,0.0,0.001,0.0,0.0,16980,161.2,5101,-0.0974503685231937,0.4711264689491485,0.472570018398729,1.0389192877790732,0.9968195294297172,-0.3180470570282953,0.182472121911051,-41.70382383205616,987,-2.4523835327759724,-0.1234010677084076,0.5570416295062212,1.9256459717382963,1.4571623080947855,45.71623080947856,-0.3359973803792662,29.209785781395208
ES9011,110.3950353269804,-2.847461054199678,166.56395567242504,3.385804479185708,0.7251462520856572,5.957368650294436,True,False,0.0,0.001,0.0,0.0,11797,81.7,5113,0.7677614508788841,0.880095939934181,0.8818503429122584,0.9811473050636876,1.0078878415269927,0.7887841526992836,0.532931786228993,-19.51678568636,1088,0.5743420349561987,0.7606737341976615,0.8127363729813399,1.0790329124817548,1.1263455351144591,12.63455351144592,0.5598095893904288,-31.867863218150926
ES9012,462.4960110138944,-3.1665825060395694,143.42090534531076,1.4385297958270815,0.9813394265119246,2.131394569543339,True,False,0.0,0.001,,,13084,115.1,4990,0.4395256675310746,0.6900780782786691,0.7000356367653303,0.924239399939923,1.018256774939705,1.825677493970495,-0.0583584640484371,-38.39878022756613,0,,,,,,,,
ES9013,405.85815106287015,1.5690849327668377,26.1702031111034,1.2118468763357038,0.9379145631930602,3.4637908947756366,True,False,0.0,0.001,0.0,0.0,15677,118.3,5079,0.5413030255173875,0.7750657742241994,0.7765132370190162,1.0247631361990583,0.994011696131018,-0.5988303868982068,0.5808181461444175,-27.92751949822472,1075,0.501558388640464,0.6868427009249826,0.7233196013836198,0.8603756521059746,0.955050111673008,-4.494988832699201,0.5893019127301469,-49.62515401772685
ES9014,1168.707393952741,-0.316514049896331,16.727161917905537,1.7014591371676022,0.2150692581339998,6.780347851875787,True,False,0.0,0.001,0.0,0.0,11974,84.4,5107,-0.1465978785322392,0.3771563945534887,0.3829188526100648,0.9239776763653944,1.0369543054423425,3.6954305442342577,-0.0954905675181065,-50.9326750244562,1052,0.0318465109798471,0.2325886456339825,0.3706630907233998,0.6383475621036587,0.7508760236434583,-24.912397635654173,-0.2983298913627557,-66.29322805415418
ES9015,62.59829235719369,-10.0,64.8358785667573,1.9999560013627944,0.557266129074761,0.0,True,False,0.0,0.001,,,13724,124.1,3180,-0.0013810597364267,0.3993118529146472,0.4226889471253529,0.8468330659530018,1.0638599138133098,6.385991381330999,-1.6370440760901346,-69.27657076411296,0,,,,,,,,
ES9017,239.89831137929312,-0.945028754192526,340.3272241497341,2.1428730697785348,0.938787283019501,4.015049528701988,True,False,0.0,0.001,0.0,0.0,10005,73.0,4933,0.4882671160283159,0.7405331500578751,0.7408741116193152,0.9870736932141684,0.9968805797512154,-0.3119420248784682,0.1570201630386427,-32.25453625422073,1082,0.2647475998082466,0.3713713112448608,0.7085113375001116,0.9705401309718262,1.556183876138885,55.61838761388853,0.1462659737133271,-48.22157802781902
ES9018,29.678807322527188,-1.8846581988713047,42.64464991480791,1.1857743093195885,0.2503895750395862,2.5179712806972003,True,False,0.0,0.001,0.0,0.0,8092,59.2,5112,0.4952841225657407,0.7196550627116816,0.7305059708194567,0.9259319507253978,1.0219129225773915,2.191292257739193,0.0720757943853852,-35.86655129845913,992,0.6322685130996214,0.6239923433688698,0.8050898440123445,0.6977758924600178,0.8902166781347776,-10.978332186522245,0.1285130661858483,-52.86336925138336
ES9019,95.77638109254596,5.0,212.055752526106,1.091918662169685,0.1924212443712591,3.575680269403956,True,False,2.5,0.001,,,10892,88.6,3802,0.498320815962879,0.7475502819490638,0.7483063517917822,0.9956337989531622,0.9809709725930708,-1.902902740692912,0.2301858253503871,-19.187539086480918,0,,,,,,,,
ES9020,79.89100708450694,2.02858342149415,161.3041957437144,1.1397549395294366,0.7068938779097633,2.8138656292938737,True,False,0.0,0.001,0.0,0.0,9998,69.9,5088,0.7464159688227787,0.873440840343192,0.8769600055436946,1.02705950698489,0.9879101803584818,-1.2089819641518282,0.649760012186982,-2.885387841545116,1037,0.597792759601957,0.779293018299278,0.8149065523929281,1.0553665055055717,0.8932922800708755,-10.670771992912442,0.672415824155268,-25.282839818165883
ES9021,355.87959537024614,-6.923901397553992,199.77106730521936,1.0959784607533205,0.0028171769671495,6.980408536625567,True,False,0.0,0.001,0.0137389597644749,0.0,10415,82.8,5041,0.5989613393362749,0.801564998247959,0.8140491979142813,1.0649297174229453,0.9758570730981748,-2.41429269018251,0.5660839159336495,-3.43163804187639,1019,0.5421640547993403,0.7319884291381257,0.8031740166267474,1.084747113150976,0.8390414301828659,-16.095856981713403,0.1024323440946879,14.554418855675085
ES9022,32.856884122239514,-1.5136761286309286,250.5373264417476,1.0823328477827756,0.435141277869724,3.504275833427387,True,False,0.0,0.001,0.0,0.0,7708,56.1,5113,0.7577861538409254,0.8797191845567603,0.8810146380976017,1.016571804799044,0.9940558009498024,-0.594419905019754,0.6218859609635505,-18.237518735528496,1066,0.2979980193514241,0.4722296639523482,0.852772018119035,1.5018244782162338,0.9290236516428594,-7.097634835714052,0.3742725004994212,28.27209877996077
ES9023,46.55430795321093,-4.068927335041122,254.1025465342128,1.1633377267444194,0.0026077512092008,3.5799227367894906,True,False,0.0,0.001,0.0,0.0,8739,65.7,5113,0.6074404771911774,0.8069689882540603,0.8130625166341544,1.0437541129507142,0.97997685318434,-2.002314681565976,0.6485111142447268,-17.90726086640917,1047,0.2283640272185967,0.505918553932171,0.8055406556873681,1.450659313837786,1.0566411653237648,5.664116532376484,0.6581168814186074,-23.266117085869062
ES9024,407.8276528893269,-10.0,98.98153037791148,2.17543904912212,0.9140963547879142,3.0925047593276123,True,False,0.0,0.001,0.0,0.0,12444,88.9,4017,0.5371736612344551,0.7728885497435152,0.7742103168659604,1.0236289230912383,0.9936514709276748,-0.6348529072325021,-0.0388096357891649,-23.41304986379655,1072,0.0385355705822326,0.4066748054535812,0.6593188844500345,1.196526127273533,1.444239400875298,44.42394008752981,-0.0853726299145032,-36.48780785454867
ES9025,194.30597404601644,-7.866628576167776,691.7153196238662,1.940646586260151,0.0178587317015306,7.392350779320432,True,False,0.0,0.001,0.0,0.0,8567,61.3,5113,0.4105919614126067,0.7121199787014435,0.7151006640601933,1.0301118246944825,0.9717059536742568,-2.8294046325743167,0.175312725178822,-33.52605279932945,1088,-0.073307581191218,0.5241979616767626,0.5986260866968355,1.2432219174639454,1.0782921468438118,7.829214684381188,0.265122154511575,-33.083019345381715
ES9026,10.000000000000002,0.3961022669979939,10.000000000000002,1.025690340921949,0.9999385486371304,0.0502378582008418,True,False,0.0,0.001,0.0,0.0,16431,129.0,5113,-2.0194113699104945,-0.1991380448299229,-0.1590370321381424,1.2650214752613087,0.8440229941906295,-15.597700580937053,-1.6440170491234745,-79.37200046259431,547,-11.832037657615505,-1.5934221514909075,-0.2773345180730858,3.0803907820926995,1.875345176811099,87.5345176811099,-3.627925625804018,-98.09064127727336
ES9027,111.69406753120408,-8.170180169385342,338.49014339473405,3.172836847970582,0.6941597494151338,10.0,True,False,0.0,0.001,0.0,0.0,10645,58.3,5113,0.6513640738183881,0.8203032539140737,0.8218163131406758,0.9767846894722616,1.0015948818730098,0.1594881873009895,0.422718788222117,-22.570806889754387,1083,0.2996383278657066,0.5593642074130697,0.8042410264175737,1.348967975396575,1.1845526432167324,18.455264321673248,0.5677905726020922,-1.8480554339036577
ES9031,124.68288541784044,-9.357088894406996,37.35643750171086,1.180819003076773,0.7647834381444717,4.87612127124198,True,False,0.0,0.001,0.0,0.0,12386,93.0,5108,0.46180019694327,0.5936917555022958,0.683807883196246,0.7587267871478236,1.0830431910390952,8.304319103909512,-0.3911092826222568,-27.110437533317835,584,-0.6699051475307962,-0.0575627013855772,0.8409978935746518,2.0121461935841274,1.2621398106496302,26.213981064963026,0.0841001216014539,60.44788299998265
ES9032,436.0426611902983,-2.6430141980447304,38.43686626407921,1.9999999274086269,0.9857889200821728,0.7328153231137867,True,False,0.0,0.001,0.0,0.0,14783,110.2,5110,0.4858680157728446,0.6804827166188565,0.7132539667652323,0.8633623162838493,1.0346143061764452,3.4614306176445315,-0.1575556908025894,-39.81188424898565,1063,-0.0585251568991824,0.158727414285126,0.7320860936957014,1.4318405367104532,1.6704293051006864,67.04293051006864,-0.0092528820148327,-0.1344906994721469
ES9033,269.16780517168814,-1.6154888406831085,29.895350938840533,1.6637355786669858,0.5710447467290929,4.242164778067069,True,False,0.0,0.001,0.0,0.0,11106,80.8,5113,0.6753982689679735,0.8290856247649543,0.8327431034379904,0.9670049123683956,1.0121728553188636,1.2172855318863676,0.5624637559713481,-26.57655473292942,955,0.3197471488340261,0.56872895005798,0.7420786278337318,1.1993162861064013,1.2823903369287144,28.23903369287145,0.6884849925026038,-26.60422941921157
ES9034,304.6549093560112,4.999972354759813,129.83641416941262,1.9999999401706263,0.798223889966425,9.99995941595742,True,False,0.0,0.001,0.0,0.0,12016,88.3,5111,0.3366960495846461,0.6163418817136661,0.6334189196936088,0.8872668138067333,0.9898465759901424,-1.015342400985751,-0.4929359575834371,-41.741611782643545,652,0.505608283207133,0.5680991319136177,0.7139591649207919,0.6824852036958505,0.937523167102562,-6.247683289743803,-0.1765601939400616,-58.18718037103479
ES9035,323.91927703705807,2.293898852724618,264.3023709476472,1.0000000190555431,0.907879860516612,8.852663638368652,True,False,0.0,0.001,0.0,0.0,9852,69.7,5113,0.2809443193305873,0.6020826307282647,0.6118835088357536,0.9165760867612897,1.027281362767135,2.7281362767135358,0.1133580456978109,-36.589596629654686,976,0.2685555944785321,0.4299740971474141,0.6027221837954974,0.7813682499361664,1.345398356305748,34.53983563057481,-0.194574323185056,-53.42431981322678
ES9036,261.094577897775,0.4415473534638159,402.9390401033589,1.3530893882695547,0.904702074110502,7.966446186320363,True,False,0.0,0.001,0.0,0.0,9912,72.2,5083,0.3723248085737642,0.6569535721724393,0.6650308438629887,0.9287169768029304,1.0198808120054077,1.9880812005407764,0.2105215104308194,-40.654388150758194,1066,-0.0189177460393457,0.4167326801700943,0.5640853791402569,0.9904311554477953,1.387411469778843,38.74114697788432,-0.3466085794411788,-43.2289622508899
ES9038,90.4885950129936,-5.7258845340459015,334.97130719210963,1.8178036796262715,0.6002544763690103,3.7478146386731073,True,False,0.0,0.001,0.0,0.0,6300,46.5,4479,0.490407979361618,0.7279919676745248,0.7332545876865728,0.9499553544536092,1.0181875812425034,1.8187581242503328,0.5111963956006814,-48.10189108590774,941,0.5076145159018374,0.6379329994065505,0.7903431595644741,0.9371028209586484,1.2884102408826177,28.84102408826176,0.3041264074849731,-35.879604568999646
ES9039,390.2682998677775,5.0,111.24853832381598,10.0,0.9683670699088444,0.9415423270335412,True,False,0.0,0.001,0.0,0.0,11497,77.0,5107,-0.3424168455599883,-0.1895329500981719,-0.027465190951157,0.4852696106082991,0.6928248919758784,-30.717510802412157,-0.4215885201256233,-91.01236309812172,814,-0.6515285313111263,-0.5794680550014975,-0.4387728819262497,0.4285731324293737,0.6867536655884555,-31.32463344115445,-0.8978337643992578,-93.20127736084164
ES9041,624.8129387998218,-0.1201155615701808,17.52123464147869,2.02608586843496,0.8885277356857716,9.71537457382582,True,False,0.0,0.001,,,13124,99.4,5113,0.2473102900372368,0.606643142913479,0.6087180511735685,0.9597516716639154,1.0028505448121774,0.2850544812177393,0.2524350630758579,-31.56066337453089,0,,,,,,,,
ES9042,317.91625186387006,0.2060962819113007,999.9999956981528,3.999996205667594,0.2184047736694213,9.99999741398315,True,False,0.0,0.001,0.0,0.0,15160,105.7,5113,-0.3938189795107787,0.3244393061044601,0.3269391505790574,1.0189652510468186,0.945121376054846,-5.487862394515376,-0.231982293791148,-45.12728301771414,1056,-0.3328898403271136,0.4037219686402457,0.4165276438517512,1.1182747247597211,1.033445325175386,3.344532517538629,-0.0696353154871445,-15.615450075643258
ES9043,175.74785348214166,-0.547265946692023,24.74406464619221,2.256071404247072,0.9875244259249834,2.129436940846308,True,True,41.3,0.0228364046758586,0.0219665271966527,0.0899581589958159,12821,100.1,5105,0.4015287525767791,0.6726395511730037,0.6805131704351746,0.9286443057825012,0.9988192826047356,-0.1180717395264303,0.5825368381499667,-45.94750089523424,956,0.3872259084945413,0.7005714250262036,0.7256967640396705,1.096254060620729,1.0717660230648962,7.176602306489622,0.6551179301979735,-12.584920978903488
ES9044,158.57780706891674,-0.6994284716833712,31.231468935267465,2.250593654977709,0.404125296438271,3.759879830367563,True,True,4.9,0.0334951148355944,0.0,0.0275590551181102,11150,82.3,4884,0.5871676398566095,0.789083382923372,0.7899075129918175,0.9816934961935312,1.0034406656549772,0.3440665654977238,0.7787949494395044,-27.65401925337292,1016,0.6806824708348573,0.7344487200732099,0.8270285718550672,0.8197208704055354,0.9100122077783824,-8.99877922216175,0.4419074465078025,-30.05864431735356
ES9046,196.30799505714924,-0.4093507308598618,55.01242433508638,1.3508974879530162,0.2908400095522534,10.0,True,False,0.0,0.001,,,10531,78.8,5107,0.5554141318704204,0.761996056690079,0.767741910431079,0.9518250106742846,1.019525041980349,1.9525041980349056,0.4792155153215967,-24.30357254903843,0,,,,,,,,
ES9047,433.736292729074,0.5354520793694569,30.64196225507331,1.2091423709991282,0.111752139984988,4.405992374512215,True,False,0.0,0.001,0.0,0.0,10524,76.9,5112,0.5768988313464727,0.7879179827934308,0.7879335622846086,0.9975523586129118,1.0007855372376582,0.078553723765825,0.5198569502623571,-28.516973392527124,930,0.4043229160029665,0.6990772483351665,0.7455338030370782,1.1231184973019093,1.1031663350850571,10.31663350850572,0.8038097838509046,-47.02722675895971
ES9048,130.81708901998604,3.970210677185281,366.500378130266,1.1812520999052851,0.4451990987325709,6.847256375839611,True,False,0.0,0.001,0.0009363295880149,0.0,9137,69.6,4840,0.5932876321119758,0.7651602286560688,0.7819259841367607,0.9151157264046008,1.0197003021888231,1.970030218882297,0.3395921791128822,-44.77426015813264,1068,0.5373501600843333,0.703129194665649,0.7799379285754682,0.9493686594528123,1.192721112321938,19.27211123219381,0.1452544541538201,-31.180832564993587
ES9049,227.9574558105317,-10.0,328.8106971506534,2.64983401943128,0.3786931925379836,10.0,True,False,0.0,0.001,,,12721,90.0,4262,0.1957532851310439,0.5734662292903083,0.577207657865805,0.9473917052721218,1.0202499460328756,2.024994603287543,0.0728527292100993,-52.32926784885273,0,,,,,,,,
ES9050,112.66195907803206,-6.993819480736567,306.6786392193733,1.8146313026420984,0.2147639234099406,1.1693738972038596,True,False,0.0,0.001,0.0,0.0,9079,64.8,5045,0.6695307197188985,0.8337160929188252,0.8338569493134528,0.9943937974057052,1.0039236405569192,0.392364055691927,0.6786180624709869,-35.59610667247368,1045,0.4451646143001082,0.5011249093190124,0.7731633432289274,0.8794437045719891,1.4276536763311645,42.76536763311645,0.3870216427390663,-41.50294499305168
ES9051,23.63875855208065,1.1534438810592598,46.5309082492992,1.0746107245416276,0.251446811090634,1.6912359873157896,True,False,0.0,0.001,0.0,0.0,10040,74.5,4727,0.5230795546093822,0.7389942987648253,0.7475204818554931,0.9361094230961584,1.017206486500075,1.7206486500074794,0.3195237432245824,-33.878659265913306,340,0.5131109479798687,0.6130334057724527,0.7220573959464738,0.7579220386083287,0.8821470640651471,-11.785293593485289,0.0285657921022086,-52.34250213239661
ES9052,40.55773678324856,0.4282023819259105,82.60730564855758,1.0367383597314586,0.9780766312727268,2.3250306816105284,True,False,0.0,0.001,0.0,0.0,12209,84.0,5113,0.2778345087958065,0.5915477147499395,0.6050975949200905,0.9020635234860452,1.035969519820697,3.596951982069714,-0.3544349262438051,-38.22445640482564,543,0.4062648691306586,0.6972964819573881,0.7393256010309295,1.112480908489027,1.1050062987776013,10.500629877760124,0.5721880857087857,-27.60063142725596
ES9055,2631.5904239544257,0.2212495577870211,10.000000000000002,1.38608704493097,0.1096022558907018,10.0,True,False,0.0,0.001,0.0,0.0,15281,137.5,5080,0.0559600121491484,0.5396206253458047,0.5403718389328354,1.026203236939424,0.9978757272065824,-0.2124272793417809,0.183417200173271,-19.409169975785726,958,0.151897883383834,0.5956918736651695,0.6408360027644536,1.090750161132908,1.1619589218429072,16.195892184290724,0.2967712677335721,-25.059292025745737
ES9056,1476.0928156285474,1.2042886304806568,21.261664634391707,2.0009543690402776,0.7092241338162326,9.997539013645127,True,False,0.0,0.001,0.0,0.0,13973,107.2,4938,0.0553392334051011,0.498828219545403,0.5022384453442131,0.9445442363125734,1.01820017869498,1.82001786949802,0.0638627905775758,-49.55642523831347,465,0.0996799602765312,0.5109877773981623,0.5228046478304815,0.9210055129638116,1.0719542961864543,7.195429618645437,0.0912934585980971,-65.36921610481453
ES9057,462.14328680523295,-6.849744820637397e-05,477.139097001893,1.806958491001736,0.853059851732948,0.0,True,False,0.0,0.001,0.0,0.0,11683,84.2,5056,-0.038218538409249,0.4724964140703779,0.4727829344143813,0.984097282376785,1.0070215736196275,0.7021573619627535,-0.1331695734932281,-37.885477174956215,830,0.0207746349004762,0.533977548840342,0.6790790504314009,1.074566284995824,1.3295854035826922,32.95854035826923,0.045161572810731,-21.63872156724916
ES9058,101.79887810340117,-4.838426991109698,859.0246595891273,1.7381344586703305,0.3951868379712884,2.780503420784336,True,False,0.0,0.001,0.0,0.0,9577,69.1,5112,0.372156150873129,0.6936978767533127,0.6951666252232447,1.0279889382972676,1.0106875469886578,1.0687546988657668,0.5641907457860037,-18.99687757798715,742,0.5185621301874149,0.6148764151163428,0.727609559439668,0.7417878676948683,1.086314067540725,8.63140675407251,0.579594908147125,-50.399270827611645
ES9059,165.8917095346525,-1.2934418074445788,458.3830893924653,1.4131689417208888,0.3781598461169067,2.651261956428028,True,False,0.0,0.001,0.0,0.0,9756,81.4,5111,0.6142692802768277,0.7896420822609018,0.7975653042447315,0.9445220090500984,1.0138866853555368,1.38866853555369,0.5781755372317245,-34.89700644140444,1088,0.6664201734177522,0.8026968314551447,0.8232882396007484,0.9208764496751672,1.0379599504534804,3.795995045348031,0.6736853523727486,-38.3124255869012
ES9061,112.52104476749264,0.3159674908298681,49.37804810392422,1.207770059640072,0.0610277706234571,3.616180368166322,True,False,0.0,0.001,0.0,0.0,10773,80.7,5113,0.6650404434917534,0.8323442875527652,0.8323481436436654,0.9989700269602592,1.0004818007910097,0.0481800791009596,0.7813220546830639,-19.663516424290304,1053,0.68683982994704,0.785891623706284,0.8297454090600636,0.8701839524223778,0.9981119178166912,-0.1888082183308621,0.8278730447952432,-35.00952430415355
ES9062,175.52273994192362,-0.4111454362770513,31.82809365143941,1.2747855739993783,0.0177145118377253,8.381388596341724,True,True,2.8,0.0721206613570558,0.02002002002002,0.052052052052052,9358,67.3,5040,0.7088360193883858,0.8545867834955093,0.8545931584316566,1.0011989596618298,1.000645333270396,0.0645333270395882,0.7401966254145069,-8.89957285954588,999,0.6250455651356193,0.7888129927372605,0.8016434518918275,0.9325283967330232,0.9735006677105572,-2.649933228944264,0.745008357373137,-24.408401237918063
ES9063,202.8502894029881,-1.7294828195964504,30.62463627470468,1.3353345903860143,0.0145233963372219,10.0,True,False,0.0,0.001,0.0,0.0,16149,120.8,5113,0.7695238380659039,0.8812950248377733,0.8828391173557729,0.9821704870794348,1.006804937568112,0.6804937568111851,0.7461588772890122,-8.661252094837394,1017,0.6142898432485009,0.7961911824009233,0.8069695418597738,0.9943318084364114,1.0651548000204631,6.5154800020463135,0.6347178424740163,-17.422339529714574
ES9064,170.87267808825175,-0.5973360838739956,19.78043709430526,1.46583862652105,0.6552847148831825,5.706486052209933,True,False,0.0,0.001,0.0,0.0,9782,74.0,5113,0.719797743990172,0.8540239165865319,0.8564781586656898,0.9737461545696348,1.0046079918471482,0.4607991847148241,0.7520069153338975,-17.217050110389856,1074,0.5882484774167731,0.7796818552780422,0.7853715539930113,0.9540134677348822,0.981027548693436,-1.8972451306564029,0.751937193777446,-36.11844328313419
ES9065,368.5536390977437,0.3957550246900045,57.91335524943863,1.365683908298302,0.4438604831628625,9.143369467893455,True,False,0.0,0.001,0.0,0.0,8213,54.7,5113,0.7174574132720726,0.8458567474079643,0.8531743919767287,0.9549669506128382,1.0132063473807964,1.3206347380796426,0.1692127486614114,-22.800301603294184,1076,0.5915555086422193,0.7858646292186504,0.7929969999903319,0.9809898702239976,1.0514035988289046,5.140359882890459,-0.1056340821786665,-27.17884806587528
ES9066,70.65062834241277,2.806259698530241,37.93264860199744,1.3659659742300136,0.9351661952165344,8.270356365878937,True,False,0.0,0.001,0.0,0.0,9940,72.0,4291,0.6412671952871196,0.7512230119095221,0.8022269023237354,0.8495201941987014,1.0114725622642868,1.147256226428674,0.6222341023791116,-33.89241066945916,977,0.5794767087497918,0.7381418580460326,0.7709342732392637,0.8836636527059946,0.9493597627429692,-5.064023725703085,0.5618262410725856,-35.4880339706303
ES9067,58.14710343226663,0.5139779572159553,13.087419506361517,1.5288348610841438,0.3833595161069869,4.182044672984433,True,False,0.0,0.001,0.0,0.0,8611,63.8,5113,0.6607132449797013,0.7715321740647956,0.8145255616896294,0.8667580606187606,0.9934147277248762,-0.658527227512378,0.6257237857127294,-33.08446019625775,906,0.4349352879019578,0.6511136780007656,0.6836360358035765,0.8613222551118063,0.9509694900209816,-4.903050997901825,0.6969996251082506,-56.621454403077045
ES9068,27.760760537155228,1.0326710293333758,14.560233853260613,1.9999999895809213,0.18273607538207,3.550583981126453,True,False,0.0,0.001,0.0,0.0,10336,76.8,4867,0.6622889138616921,0.7356091426661233,0.8138608423286388,0.8130865861064372,0.9821642177129182,-1.7835782287081934,0.6028502778773732,-36.58160609454993,1016,0.3522087617901035,0.6352066457718036,0.6578230872036405,0.9342823016370224,1.1080293282404532,10.80293282404531,0.5855026266820338,-46.60868790666382
ES9069,67.11114436823817,0.8173591105936561,16.5162440579784,1.994977164912719,0.9854068760928208,7.9415971679894115,True,False,0.0,0.001,0.0,0.0,11029,81.9,5113,0.7274675020665913,0.8254918850474908,0.8543628948650515,0.9039814817830988,1.0048332133845574,0.4833213384557492,0.697296941709622,-27.210895667855123,1088,0.4373359917952267,0.7185771179690672,0.7193430661846241,1.0020757571241805,1.0206449815768737,2.064498157687358,0.615948766565002,-40.11021800786771
ES9070,29.131716297018592,3.658114123891079,41.04795989415207,1.9999999875809995,0.9957406605768316,4.545821207421975,True,False,0.0,0.001,0.0,0.0,10206,81.3,4205,0.6146692969134144,0.5889178695385147,0.799738713048633,0.6444959356014183,0.9499920493378804,-5.0007950662119365,0.455509684292931,-48.412555803257554,1088,0.4992071133595599,0.5942346615860667,0.7067654929815037,0.7199701653760943,1.015566806747089,1.5566806747089328,0.595005146451628,-52.49974061533226
ES9071,139.69605215871664,1.1294100648006662,29.82525663787886,1.999994823381126,0.9375562595299404,1.7444777496743291,True,False,0.0,0.001,0.0,0.0,14001,106.2,5113,0.7618988778067332,0.8593032597986403,0.8751090386215106,0.9370424678479968,1.0153026015623188,1.5302601562318812,0.7958124455499803,-19.569691356356245,1044,0.5813709542760457,0.6937927126500332,0.7819304638934059,0.8999857775955397,1.1902780480384196,19.027804803841967,0.7533138890911144,-36.651836485235485
ES9073,385.0812869688966,-1.2628842507787714,15.826498427786197,1.3943006838880756,0.7396927592368117,3.5985129859444065,True,False,0.0,0.001,0.0,0.0,11041,79.6,5113,0.4929246898833775,0.6959243255660656,0.7210184244796278,0.8845102777807248,1.0359641538804625,3.5964153880462413,0.6825092630481968,-35.40164090853063,930,-0.4304193287056683,0.2928445779122278,0.6059259883697301,1.474406305722945,1.345995840200527,34.599584020052696,0.5425750271081169,-39.39057435070597
ES9074,196.7817106980736,-1.2186022780158727,53.84123632136629,1.9999996165718432,0.1409949563400019,3.806113311566215,True,False,0.0,0.001,0.0,0.0,10003,69.2,5113,0.8318419326166606,0.8849519222110147,0.9123432675461988,0.9305100412496886,1.026898012776842,2.689801277684202,0.4257568339710335,-16.450935276202348,1081,0.5770556095916044,0.7300140602628213,0.7823693859140654,0.9409660234827688,1.148473273975182,14.847327397518212,-0.2862042125247992,-33.501086653388874
ES9075,183.24840937768792,-0.2706596551570248,84.60483053607759,1.5471711696136417,0.25,3.74,False,False,0.0,0.001,0.0,0.0,7690,58.0,4886,0.8501325733361014,0.9162927538774291,0.9231604691141806,0.9684386761142656,1.0103185455007786,1.0318545500778629,0.8723062335652327,-11.87087825658829,1085,0.6134520178680969,0.6943773209320028,0.791010153859342,0.8321845691687331,1.1468551917560983,14.685519175609818,0.7528427373556164,-44.47704640456449
ES9076,42.44749746009986,0.5376002841811345,14.702334201404236,1.9999936893828705,0.926062549309518,7.371008057622721,True,False,0.0,0.001,,,7443,53.7,3425,0.4383675755022063,0.5905666859079359,0.6684601129805001,0.7602488808716277,0.9846265527547946,-1.5373447245205445,0.2708198943056338,-51.135737186962544,0,,,,,,,,
ES9078,146.44644582997023,0.1492091899761337,12.216586402434272,1.5832549529688862,0.25,3.74,False,True,3.0,0.0066819359346517,0.0,0.0106508875739644,4623,30.1,5060,0.4494091231784329,0.5965645679583098,0.6756824226115141,0.7601361603124405,1.0066026686929903,0.6602668692990409,0.6163158939736708,-45.83469888643791,845,-0.0137578162703173,0.4468418546588616,0.4886396894503172,0.9799236188821644,1.2099797739616638,20.99797739616638,0.5552788847399652,-47.00492472856812
ES9079,77.21533076776201,0.3729888515315502,13.78096392970826,1.7637430990204754,0.9303728094187144,3.5836945222764127,True,False,0.0,0.001,0.0,0.0,10529,76.2,5105,0.5953501271972423,0.732560586922017,0.7756144817807219,0.8545181138521771,0.996837772330468,-0.3162227669531923,0.6554731652561304,-37.18592887302652,1041,0.1478347641974335,0.5737022917771415,0.6249683131660513,1.1086893075053823,1.1710777727834474,17.107777278344738,0.7138829639762077,-33.06554054529722
ES9080,129.08553730640864,-0.6558522098150815,28.86597249939717,1.1260449909049974,0.0090602295613567,6.907051429274309,True,False,0.0,0.001,0.0,0.0,9109,61.0,5106,0.6170358086301305,0.8003452075749773,0.8029783691332548,0.9693992672768914,1.0103975124763471,1.0397512476347293,0.6428546583842936,-27.275487650143248,902,0.482672273835911,0.7398571262734567,0.7415420775379108,0.9996330179012182,1.029558118874924,2.955811887492403,0.5182142699694889,-34.92995133176316
ES9083,59.14475159253593,-6.851344387535726,343.03861778206976,2.2218025684582594,0.0409833378550573,3.66397131012978,True,False,0.0,0.001,0.0,0.0,8092,72.1,5113,0.578257536154961,0.7932451502009936,0.7980902854880625,1.0393443504108004,0.979214014532149,-2.0785985467851065,0.5852615309371432,-17.475980479944518,1052,0.25469228425734,0.5655115487970306,0.7801725257509764,1.3735448798791936,0.9696632481948246,-3.033675180517548,0.2766305322611057,13.785087867872932
ES9084,250.71176792105717,-0.272096982960038,10.000000000000002,9.547278637167922,0.999535450387432,6.483766698807147,True,False,0.0,0.001,0.0,0.0,12181,89.3,5109,0.4247946897731277,0.5421626995514999,0.6543509789464442,0.7065360625805313,1.06340871675843,6.340871675843006,-0.965957418601127,-50.68269863519542,1078,0.1097406695107049,0.3018602768084646,0.5068419010048816,0.8272043265028051,1.4629641646111775,46.29641646111775,-4.416353714522469,-43.02332286717565
ES9085,14.479939082399824,5.0,32.879402161633685,2.64335465670922,0.9173394301570212,2.893670248255602,True,False,0.0,0.001,0.0,0.0,10296,65.1,5033,0.3332016148705814,0.2075513367407331,0.7306249374876644,0.3135373893270436,0.7098603030505073,-29.013969694949264,0.1359381386062503,-65.63146479883893,954,0.2799112271497759,0.1876981443297318,0.646230611695837,0.3237350821681338,0.7218862003889083,-27.811379961109168,0.2491187989274996,-70.57748870128701
ES9086,303.48799167522424,-0.6006945078062861,25.627723316037653,1.565542377903096,0.25,3.74,False,False,0.0,0.001,0.0,0.0,6927,48.0,5109,0.5752924333715594,0.6998031270020375,0.7612768036719079,0.8238691661816381,1.045905636594024,4.590563659402405,0.5611754526264703,-31.369852997243825,826,-0.1554795526429744,0.4732083489160431,0.622286081184408,1.3543982738278513,1.0961431364818572,9.614313648185712,0.4292539336772748,-5.331368205652292
ES9087,950.3287202725824,-0.0935030660713657,10.000000000000002,2.706776504787804,0.8112466296161586,8.73774205438707,True,False,0.0,0.001,0.0,0.0,13731,99.2,4754,0.4031776234866994,0.7091116055362691,0.7106615288385313,1.0298098821943655,0.9967322694130152,-0.3267730586984718,0.1841170162626209,-3.3968663040969567,1088,0.3811942069229128,0.6915568473410401,0.7514473842136706,1.17838564940884,1.0392088726305435,3.9208872630543703,0.2741264076854396,-6.858993972854542
ES9088,50.33777073047656,1.4033514248661154,434.5669791553069,2.160302273750045,0.8029304738325855,10.0,True,False,0.0,0.001,,,12053,86.7,3258,0.0146153431352848,0.4931946238839505,0.4940094493268503,0.9728765085945524,0.9905359573335843,-0.9464042666415716,-0.2667179533852049,-48.28413817089002,0,,,,,,,,
ES9089,304.64034444089606,-3.9557078969999737,44.344871220723725,2.1299370655375287,0.8827561251592327,0.4864615214958374,True,False,0.0,0.001,0.0,0.0,14867,143.3,2992,0.625302587520364,0.788825235726664,0.8016605583781554,0.9326896568753524,1.0269363076808264,2.693630768082652,-0.2453895730963051,-19.385502720985677,1088,0.6074757903299745,0.7997511618103713,0.8161331983065557,1.055357456562739,1.0568167971133906,5.681679711339063,0.2689388395769749,-9.50204757063318
ES9091,292.13183621815745,-0.9484512217136472,45.64069743964483,1.383064117719118,0.4830490073643796,8.24376741436867,True,False,0.0,0.001,0.0,0.0,11555,85.7,4724,0.6778307157772716,0.8348103585580889,0.8359832021589655,0.9809916411951372,1.0049789518200063,0.497895182000614,0.6385447800960211,-21.432614929764828,1030,0.5470373450535688,0.7126675210667595,0.8142754111650524,1.137604318591665,1.1706791787446094,17.067917874460928,0.7059854784137527,-17.760522536045556
ES9092,83.92786114804206,0.2817056174149218,21.742601722407123,1.9999999917105769,0.7585214814156652,4.292875525707412,True,False,0.0,0.001,0.0,0.0,9966,75.4,5113,0.632741985732689,0.7585575589095749,0.7986169468416334,0.8687583733724811,1.0226925913126028,2.269259131260283,0.7092463761515833,-34.64239363710369,1012,0.0852705123173621,0.5254720934430241,0.6097295332424676,1.121348948588906,1.2411226442177732,24.112264421777315,0.639999296286137,-37.009749448713045
ES9093,750.7656391170393,-1.1528942129308284,49.35098530280492,1.6448050480530731,0.6147710942862334,10.0,True,False,0.0,0.001,0.0,0.0,15665,117.4,5014,0.5492711922256373,0.7520018893951789,0.7612590632936438,0.9346189354225212,1.015203433784782,1.5203433784782066,0.6688636588480568,-46.97495708729576,882,0.5630607368398082,0.6658441220392866,0.755455933161396,0.7858256787917953,0.9226197035109296,-7.738029648907037,0.7411184833174945,-60.59760302470677
ES9094,101.07047105570324,-9.999976827687329,999.9992104072396,1.883398305402312,0.9901313514508492,0.0546535719270179,True,False,0.0,0.001,0.0,0.0,14839,101.2,5109,0.0335316599386992,0.418293731179293,0.4407507595580237,0.8409178294481497,1.0177576254857834,1.77576254857834,-0.687153499670178,-47.65259625384664,1076,-4.197429243352768,-0.5026321938081049,0.3877880808376136,2.0444603408963284,1.890057679141521,89.00576791415207,-2.7428620296279296,-32.18950663890772
ES9095,202.07024447038737,-3.6709012002034176,40.06509414581556,1.510182282310925,0.5918290651111205,10.0,True,False,0.0,0.001,0.0220588235294117,0.0,11427,84.0,4602,0.5467949933448971,0.7429166136167007,0.7569726125190122,0.9186576664473648,1.0203219403769033,2.032194037690332,-0.2318443188768719,-32.950110353176306,1088,0.3775237284782813,0.5843345853058657,0.7064661425039741,1.0353109022730185,1.292179314218195,29.217931421819504,0.4699302851111564,-42.44745906500636
ES9096,332.4722027132672,-10.0,48.43733868417848,3.3811643822947515,0.9636613074113276,2.875062612117101,True,False,0.0,0.001,0.0,0.0,13077,99.9,4886,0.5150225159111558,0.7420609137893447,0.7498660658492474,0.9658237510999624,1.0528920711692926,5.28920711692927,-0.1052810538376338,-24.972239505021463,1040,0.1263595476605944,0.5697280687414692,0.6274028034101587,1.1290561300140247,1.172191112512058,17.219111251205813,-0.2036449317470408,-35.958351170643574
ES9097,562.4549788047326,-7.961324019801774,989.3221268099084,10.0,0.9457866897229302,10.0,True,False,0.0,0.001,0.0,0.0,15253,125.6,5113,-0.1809949529791192,0.4263176355099262,0.4336560968775707,1.012727726362302,0.909423823746966,-9.057617625303417,-0.0181691445885199,-21.83946820895105,1006,-0.7436725495455367,0.1596568760565556,0.1859964500116635,0.9854272018703722,1.20823645242869,20.823645242868977,-0.2952048015901287,-49.557323748794445
ES9099,277.68281855318617,-4.284483703595891,16.540499323587348,4.433354029943692,0.9993003712636948,1.2062970821079146,True,False,0.0,0.001,0.0,0.0,13943,139.1,5076,0.3466412377416975,0.5625378660832244,0.6170400478496346,0.8012672279205852,1.0722501139212952,7.225011392129513,-1.3742320972112587,-43.51291711769508,850,-23.98554702718619,-4.017873074153865,0.3918843815528195,5.247242553719069,3.6019562396006743,260.1956239600674,-10.118704301475852,66.63906463715831
ES9100,321.01403489632645,-3.058235401160553,146.55807731920007,1.0930986050045444,0.9985594119438442,1.4485363658714026,True,False,0.1,0.001,0.0,0.0,13333,92.6,3109,0.4060073981627817,0.6614581733830246,0.677077430988426,0.904991363068706,1.0361239768101604,3.612397681016042,0.5736066222855787,-28.4809611657834,834,0.3433346899568592,0.3170943304281357,0.6850862123914236,0.5270960350643527,0.6211183564019487,-37.88816435980513,-0.1629232202346924,-68.29183141580137
ES9101,393.0952649171156,-3.125575396198081,14.112650002941706,3.3620389913718656,0.297782396735022,10.0,True,False,0.0,0.001,0.0,0.0,15132,144.8,5016,0.3869966348900386,0.6115125697657788,0.6505230145443262,0.8392611502917138,1.0543262577512993,5.432625775129928,-0.6933744760943903,-45.41187310734311,553,0.3931188760748311,0.5367780456096685,0.6430222973292714,0.7464017706699583,0.8489058674011631,-15.109413259883691,-0.4149829979910024,-43.7581077553894
ES9102,35.08959042984688,-0.2583835411037351,741.5289797828061,1.5067093199548371,0.0615218481423531,4.475695119253323,True,False,0.0,0.001,0.0,0.0,8718,57.3,3347,0.6771439326013817,0.8398746345445516,0.8454555447154197,1.0378854436772948,0.9820880721191776,-1.7911927880822385,0.5323526617894746,-7.225769230079336,1053,0.6394386926268365,0.6690440445317394,0.899646908124493,1.1073731135686211,1.2965334987712438,29.65334987712438,0.453469184853932,27.86223112871493
ES9105,347.90653860692083,-0.6764200315680815,30.51249370134456,2.080132541789743,0.9015115957817548,1.8721220878052256,True,False,0.0,0.001,0.0,0.0,12763,87.9,4730,0.3256315663971966,0.646846521640048,0.6494363760909904,0.9594456284606178,1.013336709435288,1.333670943528794,0.3424203265973075,-32.56225151654604,517,0.390614743618496,0.3321748840577297,0.6687265780597493,0.4349624604208169,0.8696892780098031,-13.031072199019686,0.4904378184075337,-74.07461909312197
ES9106,528.2776582247981,0.8446703632327287,40.5137309153045,3.147708324699753,0.971681835083792,4.884074392826721,True,False,0.0,0.001,0.0,0.0,14881,108.2,5113,0.1304241113361194,0.5656798021606844,0.565685124214893,1.0010850052061904,0.9981437439153248,-0.185625608467509,-0.0331641993807547,-44.30911641155604,577,-2.214138110708232,-0.1841317244942721,-0.1247191864723749,1.367354785419934,1.047171539764693,4.717153976469306,-1.4638668706861862,-15.771415743340135
ES9109,414.94613621904426,0.2829782551633481,25.173432293274715,1.999999999558807,0.999516601653976,0.0879186091097277,True,False,0.0,0.001,0.0,0.0,9554,66.6,4975,-0.0705652559542222,0.3642537763022924,0.3826138744483929,0.8483991949046937,1.0049828522681197,0.4982852268119819,-1.4106710583577633,-61.76909244425699,379,-3.028845171600886,-0.2493092475492211,0.2095247770793112,1.9611218872582616,1.1103051938650454,11.030519386504537,-4.776716254374447,-29.357418898407904
ES9110,54.56007467878127,-5.055884386960707,19.208525449229192,1.2933931479865004,0.9967568406738054,9.631106674165208,True,False,0.0,0.001,0.3656174334140435,0.2736077481840194,12279,82.7,4637,0.3908076485406047,0.648742819822288,0.6654538514399508,0.8935309481417607,1.0111723814132303,1.11723814132305,0.142289810881002,-34.52866681004583,413,0.2810146930696504,0.6103790578867875,0.642512282240082,1.003637096261803,0.8451007368811106,-15.489926311888944,0.6083446777588868,-47.47263603585365
ES9111,27.490936984698244,-6.7989981215295066,509.7498966902246,1.2295272064692413,0.2302197216567694,4.552577155903041,True,False,0.0,0.001,0.0,0.0,7587,77.0,5110,0.6615578064370491,0.8329186894524319,0.8362666988414609,1.0297943658082789,0.985172114375187,-1.4827885624812982,0.64440643540789,-18.698756589395725,1088,0.5739483157655432,0.6962190338514384,0.860912960005802,1.2388575713901822,1.1260346432112611,12.603464321126111,0.6843728931272324,7.376846848926835
ES9115,586.9537637694907,-9.56546899541841,87.35032678274197,1.289695140881392,0.1850108837717944,3.7791811720936175,True,False,0.0,0.001,,,9812,72.6,4378,0.409842067756248,0.6385892183974895,0.6682763828406476,0.8591484369631367,1.027166745615283,2.716674561528318,-0.7509633153680799,-42.79097904976186,0,,,,,,,,
ES9118,194.3154480830221,-9.99897262054963,339.5794636725362,10.0,0.0281977386545426,9.599960088098625,True,False,0.0,0.001,0.0,0.0,13205,97.8,5103,-0.0307713981293615,0.4837019801577081,0.4837050126786671,0.9982357893770714,0.9998624470497052,-0.0137552950295084,-0.0703466135937167,-42.63509176644021,673,-0.8633649942599646,0.1117665478721769,0.1226477121476224,1.040371667606565,0.8674037823549502,-13.25962176450497,-1.852950131294227,-62.56859527062771
ES9120,121.9656242552544,-2.676817414912421,170.78069909696472,2.0609424022249065,0.1463117635684065,6.243682958839908,True,False,0.0,0.001,0.0,0.0,10005,71.8,5100,0.7637913295381379,0.8704204059683431,0.8778229517157484,0.95940582763438,1.01468854083655,1.4688540836550066,0.4076313916204851,-23.82548178657272,1088,0.5052901007013626,0.6822665024321888,0.7861782338893267,1.0309389195857157,1.2329755589516966,23.29755589516968,0.2631827508622418,-42.84247707377416
ES9122,271.969759031897,-2.271627669367186,10.000028885900369,2.2716018114726664,0.770348762870684,1.9545633708242611,True,False,0.0,0.001,,,12130,86.8,4686,-0.0766957270007664,0.3852764264925187,0.3974699957322175,0.8818669589389526,0.9702132513935692,-2.978674860643067,-0.671110453145044,-25.70247465706952,0,,,,,,,,
ES9123,300.6110685943368,1.0701572873365588,132.2861370462738,1.1219048877714215,0.0213030097777825,1.6963607221563723,True,False,0.0,0.001,0.0,0.0,11804,80.8,5113,0.5215027388399152,0.7558964605170493,0.7565615374981048,0.9821210194977188,1.002143599546777,0.214359954677672,0.4921446375935437,-34.12925476271521,1088,0.6471811689292666,0.783724647833599,0.8158006714001267,0.9219872520112182,1.082217069087237,8.221706908723716,0.5087397628056264,-38.57327909357418
ES9124,325.3203925118295,0.1854672062334837,20.101198893001303,2.01864428794872,0.920241951963478,3.242954308788836,True,False,0.0,0.001,0.0,0.0,13894,115.2,5113,0.3941979124893565,0.6559240453182662,0.6702643511660681,0.9046673891266304,1.0239657627101484,2.3965762710148395,0.071755385085068,-32.533563190694764,815,0.5729790586941593,0.5289045831082928,0.7826685816146631,0.5841758755947437,0.957712366327837,-4.228763367216305,0.3694406803534984,-53.71990716154978
ES9125,381.8500351888314,1.685419197398614,92.42223162617287,10.0,0.1775198472509639,0.0582247155942079,True,False,0.0,0.001,0.0,0.0,13212,92.0,5097,-0.3928636644976888,0.1119888008633577,0.1402976611302034,0.7816060737302979,1.042188520979087,4.218852097908708,-0.230182611148523,-79.88538337439773,619,-0.1515508659572939,0.3842526196129519,0.3914363281182055,0.9358337644980004,0.9316056439407334,-6.839435605926659,0.104422923273668,-61.723687190300026
ES9126,708.0036620584684,1.367348710412732,96.55057415693472,2.2744957990092765,0.6525274031157369,7.376011899693505,True,False,0.0,0.001,0.0,0.0,9107,84.9,5111,-0.2892153410478622,0.3033857317102891,0.3099073678746124,0.9250473287204948,1.0585294365181337,5.852943651813351,0.1097400875099952,-17.000218845341948,1080,-0.0513555111556545,0.5305665540896043,0.6146705242969962,1.2623352837111552,1.0553999477792568,5.539994777925704,0.4531979432809268,-15.01767832575334
ES9127,159.70102336378716,-10.0,355.2057206069847,1.1842771826519345,0.6932201614775069,3.360417709954006,True,False,0.0,0.001,0.0,0.0,10273,67.1,5112,0.0495660732972729,0.5017019080617662,0.505538975889099,0.957863366763804,1.045097540997285,4.509754099728492,0.095873300308008,-26.56108360889626,676,0.2505539748460663,0.23330316036227,0.5133213189515342,0.4682118634947047,1.261092480159108,26.10924801591078,-0.6148187329260884,-63.040184820999805
ES9129,638.2025571297551,0.5533915981695753,10.000000000000002,1.6142527142818566,0.6625469929640981,0.0827345004177455,True,False,0.0,0.001,0.0,0.0,16689,124.6,5080,0.4074907413829873,0.6915238677414651,0.6936477635186856,0.9649055585753852,1.0086146130021143,0.8614613002114155,0.365464487122804,-28.548999105311196,613,-0.0623425013176752,0.2291812808668909,0.5112034821223018,0.9304078566698832,1.591942898819949,59.194289881994905,-0.1002244983953981,-74.37665889192694
ES9135,60.70399665909261,3.5887933437873474,310.0776704850397,1.1526357033470007,0.0806806915015099,4.597262040583113,True,True,2.6,0.2551179496344583,,,7054,50.0,5095,0.4614208712575093,0.7016983362501223,0.7119780983088948,0.924690146620586,1.0188598177657038,1.88598177657036,0.2127248303473484,-43.37748165278729,0,,,,,,,,
ES9137,13.04947036768136,5.0,766.0223909188635,1.2092208584773685,0.0026587407170293,4.7291631249824935,True,False,0.0,0.001,0.0,0.0,10673,78.0,5113,0.6291110207046293,0.8149875086444043,0.8178997913896956,1.013078510205088,0.9700318743912236,-2.9968125608776366,0.5976462999537526,-15.222917976855056,1088,0.4744139744376592,0.7337491586807268,0.736540467786405,0.9898286714777478,0.9629172618984668,-3.708273810153337,0.6476306955724946,-43.53748781928865
ES9139,77.10030365879003,-2.575403899350252,13.625728329422854,1.3258426773947427,0.993994962828738,0.7457649631197105,True,True,70.0,0.0145024803707929,0.0499359795134443,0.0473751600512163,12884,96.6,4307,0.4674682561108677,0.6771199761478726,0.7039019634642691,0.8712622452892494,1.0020132248930425,0.2013224893042502,0.406632320953323,-31.69968322938951,781,0.3493504123932418,0.670555678766477,0.7450569183078556,1.1974863533614948,1.0673552234522912,6.735522345229115,0.4470066104347,-4.557226444736629
ES9142,368.7916581565107,5.0,201.7351277880207,10.0,0.9461931038434446,1.8032928809486664,True,False,0.0,0.001,0.0,0.0,12079,87.9,5113,-0.1582736444247645,0.2261982835770596,0.2695341087969778,0.7483853396574722,0.9566555559641416,-4.334444403585823,-0.1721558939470484,-59.43812026072178,832,-0.1419409199983912,0.1713282923597318,0.2429286989834526,0.6809447655980021,1.1083678994040047,10.836789940400488,-0.4384014278638692,-57.34000915383458
ES9143,564.6698464554698,-9.819593828230827,157.0826936135536,1.1321033913780292,0.0658157961849797,6.714432922654695,True,False,0.0,0.001,0.0,0.0,11439,78.6,3617,0.3542815064275144,0.6808573441481115,0.6814070434135927,1.0128378761934969,0.986370923267918,-1.362907673208213,0.1308355975476526,-21.16794020791284,1047,-0.0896620059173236,0.335574586555357,0.7631995206270752,1.470063794755067,1.405495612627688,40.54956126276882,-0.3333427349174001,35.539258799178896
ES9145,413.2396570323357,-7.54085352051071,22.227272656814115,1.2392869319121471,0.9800995954008064,8.263116205636514,True,False,0.0,0.001,,,12116,92.3,4961,0.2381852444674433,0.5273401313967472,0.559695972820233,0.8333669759045781,1.0421087914590026,4.2108791459002495,-1.2373027133915606,-42.53020065291633,0,,,,,,,,
ES9147,271.4352274613741,-7.36760319297283,10.000000000000002,1.9780874383840097,0.25,3.74,False,False,23.8,0.001,0.0678899082568807,0.1064220183486238,8606,67.8,4710,-0.4958479704824281,0.0363950369182987,0.066988753077007,0.7742122154152231,1.0839310093063763,8.393100930637658,-0.3817674562506741,-58.77136593421624,545,-0.0750183484240909,-0.2623931642556267,0.0219996095844188,0.2922214518510538,0.630945445379041,-36.90545546209592,-0.2780971221198753,-96.84260540593286
ES9148,258.3039260825853,-1.1635889337598102,37.273495394481294,1.2942866529457056,0.2573027779076818,10.0,True,False,0.0,0.001,0.0,0.0,13973,97.8,5107,0.5363088797034916,0.7605106153324519,0.7622233433077635,0.973495319636596,1.0107204859748489,1.0720485974848757,0.4502659643737972,-26.42572153813889,538,0.510474987022461,0.7461961672621875,0.7620904063211068,1.019439174956447,1.086241110990989,8.624111099098899,0.2035693470959727,-15.979024269843691
ES9150,402.4532334656617,-3.2259952129797616,67.58832852903795,0.9999999909321003,0.25,3.74,False,False,0.0,0.001,0.0,0.0,7396,45.6,5015,0.6728184339835028,0.812740804055927,0.8270508769176771,0.9320023515895876,1.0230418554229077,2.3041855422907638,0.6184066328695097,-29.55224899209166,644,0.2955376449291476,0.4165153103423942,0.6684581156047966,0.8775822437322895,1.4642717468324875,46.42717468324876,0.3763029667345924,-46.8699287322328
ES9152,88.97519175131819,4.448191602794408,73.38912853470835,1.9999999949386855,0.9963888948394456,2.3848814270016367,True,False,0.0,0.001,0.0,0.0,11546,81.2,5113,0.562781437624937,0.6219049773599371,0.7511731882248301,0.7165688938360565,1.0266058629944086,2.6605862994408707,0.5006141430508924,-48.42568642116522,828,0.2642297162069887,0.5058101309161228,0.5691581018659776,0.7920913280225519,1.1239873769138868,12.39873769138869,0.4024860624094063,-58.54730679623525
ES9153,34.98720620590733,0.0045773784173227,27.179846452558888,1.0652278077242596,0.9692755121529084,10.0,True,False,0.0,0.001,0.0,0.0,12195,86.0,5097,0.5005761018424837,0.6723516651412184,0.7173333225667573,0.8355518214072084,1.0202429583336212,2.024295833362117,0.1992878231809923,-39.27467420686967,811,0.2145893170888663,0.5619708201939226,0.6251523797352364,1.0387524988246888,0.7767130371511337,-22.32869628488664,0.2512531735113377,-25.15485340830073
ES9154,73.25972267619218,-9.999992358357266,33.69759321084632,1.3025326333241625,0.8795293453967234,9.99990282206106,True,False,0.0,0.001,,,15451,113.8,4109,0.4876304042873782,0.7423102262355323,0.7442042391871003,1.0014727867888722,0.9688490906712678,-3.1150909328732173,0.3304858217937337,-31.93462919536791,0,,,,,,,,
ES9155,331.36936802496234,-6.902260545066875,58.50169463794982,1.2240451518223665,0.5487209582308996,1.4769056009021746,True,True,75.9,0.0324226692214006,0.343087790110999,0.2260343087790111,15963,113.6,4763,0.3253129826100586,0.6692124793084805,0.6720261187011851,1.026841564137512,0.9663392295738028,-3.3660770426197413,0.6763594179217354,-36.14164550074566,991,-1.73098378673413,-0.0727595789885564,0.4956242556635669,1.868450709934904,1.3771095162553384,37.71095162553384,0.6021029569076903,0.5868487734286095
ES9157,130.44827253182729,2.3426531801896457,37.517844150369214,1.4145933214745314,0.725680085103745,3.3813342391740684,True,False,0.0,0.001,0.0067567567567567,0.0,8362,57.8,5104,0.382621417568422,0.568897898702194,0.6340268139700745,0.7727441535080928,1.016353259177793,1.6353259177793018,0.2916047810377931,-51.148872789616526,740,0.4491603729034278,0.5929320677209318,0.6762859146152407,0.7579862274622372,0.951597248884956,-4.840275111504386,0.3937982226820299,-50.060882657919805
ES9158,134.61244694759506,0.7641832067091407,42.08190701243405,1.4474444423791308,0.4958907024553751,3.167185933713004,True,True,2.1,0.1127461626277055,,,7950,58.5,5113,0.500557730949635,0.7299522012496774,0.7366780118473284,0.941721263550987,1.0138178523340455,1.3817852334045442,0.5180031248162533,-43.595093700487205,0,,,,,,,,
ES9161,134.5087362923209,-0.504852857678131,40.43968307169768,1.9936522555829703,0.0241286082657535,2.697152360741584,True,False,0.0,0.001,,,7580,72.6,4935,0.5496418243070762,0.7670396373281871,0.7687740677201738,0.9721495807467198,1.0054270585886165,0.5427058588616511,-0.1414810309978735,-24.296566401612733,0,,,,,,,,
ES9163,95.72808029238314,-8.098171866896104,481.3317667557757,3.3451892917698047,0.6825311448306554,10.0,True,False,0.0,0.001,0.0,0.0,10908,62.6,5112,0.6045111012473376,0.7967194192896834,0.7979740422500594,0.9775438007192344,1.0020557244478034,0.2055724447803356,0.3767912630499777,-28.232226363652185,1082,0.4242050784285458,0.6469836282609278,0.8157423200118181,1.2675098509256513,1.1382322167185617,13.823221671856192,0.5563281581258156,1.0190454605358918
ES9165,25.63305285723013,0.4226265307200787,10.000325794323384,1.9999999902417749,0.2225298012288796,2.352937657939408,True,False,0.0,0.001,0.0,0.0,10636,81.4,5113,0.6176170252588195,0.7300687807623263,0.7876812218732164,0.837941121537552,0.961006160930472,-3.8993839069527896,0.5976073275179767,-37.39154405060079,986,0.202411698401181,0.5824317019191398,0.6244468018937042,1.0483127802404857,1.1760367979137143,17.603679791371423,0.5358105495520127,-32.01430310938747
ES9166,33.465314480280945,0.4965634499551337,10.858224229684328,1.9999999920713,0.0664815539179817,2.001076855480914,True,False,0.0,0.001,0.0,0.0,8316,58.1,5113,0.6148581177504798,0.7542677094394612,0.7895395448303077,0.8796629760709097,0.9598782340146332,-4.012176598536676,0.6072435938865139,-32.49578516236814,976,0.253549814562389,0.612566119980406,0.6725427866756273,1.107008968604356,1.1772734200806916,17.727342008069133,0.6782989045990984,-24.905695113051834
ES9167,456.1364264809598,4.833933471846867,124.42655483452242,10.0,0.5345586494473749,8.738227189934754,True,False,0.0,0.001,0.0,0.0,14364,101.8,5112,0.1999373118649327,0.5940605183332631,0.5943592267441092,0.985786929399738,1.006357237791213,0.6357237791213132,0.3333315331938016,-1.1674700915508138,964,0.6388650031537564,0.8224091639263832,0.8280229087724726,1.0441614426015708,1.0034859916226424,0.3485991622642321,0.7511786214799694,-22.408161988368818
ES9168,580.3429389992451,-9.99993674114163,32.32173535783121,3.000000002308382,0.9715908373975156,0.0356640685116149,True,False,0.0,0.001,0.7272727272727273,0.0,11262,88.4,4817,-1.061324662282466,-0.0128971274507994,0.0006417695675586,1.0285370138850434,0.8374289173821339,-16.257108261786605,-0.5494934134702278,-84.98110328487634,528,-0.7338426390159474,-0.1690167982300714,-0.1329733461811958,0.7331247955098938,1.1083941724237756,10.83941724237757,-1.641389636309904,-98.83642023811905
ES9172,13.404621213423946,-1.1360772491755209,71.19182242317824,1.1569780574297064,0.1303687676412862,2.609261554183492,True,False,0.0,0.001,,,6300,54.9,2911,0.3188700114766019,0.5626148163779032,0.6045513737074986,0.8188854937438441,1.0460838197103688,4.6083819710368825,-0.2674838820996903,-59.16767923967115,0,,,,,,,,
ES9174,357.3745471697739,3.075242068740592,161.01112834183365,10.0,0.3077339184605215,0.1513783770020371,True,False,0.1,0.001,0.0,0.0,14413,106.9,5084,0.047002830303829,0.5162925918345909,0.5169108521974219,0.9854853718791104,1.0196737784878478,1.967377848784776,0.1859461303976871,-7.381644423500554,944,-0.2883445128080635,0.4309862564392245,0.5231091497315447,1.2351397631562873,1.2026352611814708,20.263526118147063,0.214560931184214,-40.48131368354807
ES9175,959.0970511427058,0.3890348634353119,40.05516006421334,1.1363893945367902,0.4531485274106724,6.649566209939913,True,False,0.0,0.001,0.0,0.0,9123,68.9,4922,0.3013082487687195,0.6497362547697969,0.6498572557211943,0.997554186310321,1.0088751251817043,0.8875125181704456,0.3371278099202222,-19.65872237997975,1087,0.547965420030337,0.7710620834903934,0.7779472738187226,1.0082079286887071,0.9448838833201818,-5.51161166798182,0.5326607711140423,-21.977765140292625
ES9176,50.50667788081535,-10.0,60.43992109766814,2.200091608633197,0.808118736367767,0.5845571902850272,True,False,7.4,0.001,0.4468085106382978,0.0,11725,88.3,5113,0.3736062002022222,0.696640170008551,0.7074898843080296,1.0635759217164802,0.9507747945843708,-4.922520541562926,0.0829425546246617,-25.312682128275483,658,0.5480929294408341,0.5357252444585808,0.8473510345816624,1.2559332320184822,1.3560161832534154,35.601618325341526,-0.0952538453387266,-5.032373862952797
ES9177,45.697959940102095,-4.480943821048757,27.351261209798054,2.165254858548798,0.9423508282157608,2.425654282234468,True,True,74.2,0.0137860790340323,0.296211251435132,0.2296211251435132,13678,103.7,5067,0.421035321280095,0.7130463997362964,0.714011229477465,1.0119453746493,0.9797490774580996,-2.025092254190046,0.3831852482563228,-30.49858670451569,871,-0.012881743008803,0.5238499622460655,0.6236725412282071,1.2566536661964711,0.8613443190657226,-13.865568093427733,0.5070260738232943,-24.814383746830988
ES9178,38.03480821718279,5.0,22.858537019069946,1.5956353416879276,0.3029070992460629,8.137915481047836,True,False,0.0,0.001,0.0,0.0,8793,55.4,5113,0.2120931308242581,0.3220019036305745,0.6920189805719276,0.4980778331049261,0.6639892133696247,-33.601078663037526,0.2639266936732516,-57.33175138120274,914,-0.0893958552187697,0.3454308486096376,0.5610197711640541,0.6269900570254641,0.689161271580948,-31.0838728419052,0.0222486794882411,-50.0559748485052
ES9184,440.05332485814745,0.0488325368725972,11.527913018318335,1.821992524381584,0.0863283981203971,0.637049332226819,True,False,0.0,0.001,0.0,0.0,12828,105.8,5074,0.4090840457908158,0.6903391175832516,0.6930703911279833,0.9599713180380164,1.00904333551166,0.90433355116602,0.2276600395343918,-31.26818836354752,890,-1.18567717311883,0.0308024294188044,0.5435848069296296,1.726502200448291,1.4508033441522137,45.08033441522136,0.2301154671972742,-42.19681916243768
ES9185,251.00960643282215,-3.136961254982933,10.065606684014112,2.192002529696393,0.9114124910686716,0.3243625787212502,True,True,4.3,0.0040232285115074,0.0,0.0121765601217656,14760,113.1,5068,0.4007933819340258,0.685928155749578,0.6889292140235725,0.96060040839083,0.9820066222209508,-1.7993377779049262,0.198300786636317,-42.43861534644765,657,0.4752389521503597,0.5928811011350188,0.8374326799019839,1.304669061844481,1.2156256640661955,21.562566406619545,0.4272047207453788,11.170112749772104
ES9186,481.238623549341,-6.441118228362346,56.73740960164333,1.1467156655975626,0.25,3.74,False,False,0.0,0.001,0.0,0.0,7363,52.6,4909,0.2631118946393709,0.5385741818084129,0.574445823193005,0.8317795284610148,1.0593236988993255,5.932369889932566,-0.3306460139750291,-42.92743155451807,913,-1.6650085897549545,-0.1547397043182279,0.3298525551718957,1.5549557787978487,1.7591773643215296,75.91773643215296,-0.7728483796425181,-49.56492259817376
ES9187,323.1260731852439,-5.51989532097844,37.674265425786906,1.3176075126495013,0.3442646697648165,0.1303029009323859,True,False,0.0,0.001,0.0,0.0,11460,81.6,5113,0.5588958367957804,0.7634169932875214,0.7694017192272923,0.9510670678366008,1.0200379669547666,2.0037966954766504,0.4556891824412864,-19.10808462586912,971,-2.2457186107867018,-0.3296739932522619,0.4601669583099405,1.9751445581972609,1.7250560709692346,72.50560709692348,0.4542425635842912,-6.8104768884456615
ES9188,123.82306799461432,-0.3875152387253918,30.3083477998848,1.5472140635891525,0.0230522510682072,3.0017758268920613,True,False,0.0,0.001,0.0,0.0,10040,74.6,5061,0.7457904604744592,0.8622680835589874,0.8686109785949412,0.9615451691729918,1.0151073441346008,1.5107344134600809,0.6797552926849608,-15.128614524036877,935,0.2401335212719474,0.4445371520118472,0.6728567839921376,1.0575906260861785,1.4451961494691354,44.51961494691354,0.0248172678706934,-32.413957956780514
ES9189,144.3076349618791,-6.98992840498937,276.03685986565665,1.0824621025416865,0.8741298999875974,8.338960583397919,True,False,0.0,0.001,0.0,0.0,13112,95.6,5113,0.5629841798401767,0.7440240845005119,0.7639473489601846,0.9056014198468528,1.029861736686703,2.9861736686703093,0.4056878315239608,-42.499057277748165,939,0.2854939863148802,0.4167520205555632,0.6153784313729107,0.7209038414196749,1.3381564560060348,33.81564560060348,0.2196294295673696,-65.49721022475171
ES9190,387.3550682264765,-7.60282542888951,122.4806957605094,4.635084254157127,0.8245126766936103,0.981851739313745,True,False,1.1,0.001,0.0,0.0,9207,68.2,5111,0.3241803582780285,0.5991977173427485,0.6241038886629907,0.8757444104205104,1.062491053145482,6.249105314548176,0.019429298787749,-46.343530827734895,1001,-1.3897973989631731,-0.1374201645970953,0.1741580947074592,1.2948721465431223,1.7244033375737036,72.44033375737037,-0.9489223871531488,-34.29323110853951
ES9191,316.9807878587327,-7.883701503274151,130.8875633550959,1.3590324893674033,0.9999310587581042,0.9665574931690022,True,False,0.0,0.001,0.0,0.0,14306,108.3,4784,0.3628443573657524,0.6508088314628062,0.6591457282774527,0.9264502304978796,1.0185275211252804,1.85275211252804,0.1661852542034255,-38.21217036723329,1061,-5.389867969677697,-1.184808207303746,0.5404094081319175,2.681306360521996,2.317335307595008,131.73353075950078,-0.3770762539778196,17.842609365319312
ES9192,464.25889692777565,-3.8646298590741504,80.8178122411219,1.680083208834629,0.2157961051017672,0.6650937145758448,True,False,0.0,0.001,0.0,0.0,8148,57.4,5110,0.415280366820404,0.652655234949395,0.6764040637061095,0.8800584384655786,1.0393456177842582,3.934561778425828,-0.3265286593666143,-40.068450027753634,1062,0.1770968572504134,0.4457777758369856,0.6590065203593461,1.1090048845087424,1.4230882363668285,42.308823636682845,-0.7907430444363182,-28.690942355352632
ES9193,1423.5836644807407,0.4491388418333447,10.000002496609929,2.081526976872041,0.8871114850736784,1.66479530979251,True,False,0.0,0.001,0.0,0.0,13324,126.3,5113,0.458768277856468,0.694007724832334,0.7077776069758912,0.911900298823384,1.021812568169267,2.181256816926682,0.0649906268668774,-35.60356423971523,1039,-0.514381416514853,-0.096992401794026,0.6916378944067709,1.3916248749600215,1.9772078073472823,97.72078073472828,-0.5186092894944445,-20.97394786455624
ES9197,248.655865961068,-1.3807979636379464,39.271168368900405,1.8263684855922595,0.1077498863322061,7.05422138593682,True,False,0.0,0.001,0.0,0.0,9349,68.0,5105,0.6167636774370814,0.7913293871491305,0.7992322368265408,0.9470392131337584,1.0207577694464465,2.075776944644641,0.71816155371801,-33.09337158782317,834,0.5404470187435255,0.5718387504097673,0.8174842903515017,1.0659141106396874,1.3816613700661278,38.16613700661279,0.3531157036168367,-22.247016393325666
ES9198,16.169041687594344,-5.8826498577750375,416.001847125424,1.0890343130131934,0.0140372416991605,4.81856173159176,True,False,0.0,0.001,0.0,0.0,7587,52.8,5061,0.5114602383264888,0.7394068369142146,0.7446637520624999,0.9515890267825148,1.0191983022267637,1.9198302226763768,0.3272934743908491,-24.21850621704415,905,0.171631601370985,0.5794794644073029,0.6429748122338412,1.0586607287808578,0.7856884159579643,-21.43115840420356,-0.0901577998040203,-30.8097408363364
ES9202,184.4377596504121,-9.498396286460594,43.46146262368144,1.0865096426932992,0.0395913447894473,10.0,True,False,0.0,0.001,0.0,0.0,15509,109.3,5111,0.5545914406162911,0.7622931920404743,0.7676496005501668,0.9536486030668068,1.0192189080894674,1.9218908089467484,0.7136106047128021,-33.49642935745494,983,0.3737635036987388,0.6688778225947112,0.6813738694825058,0.9753279217877928,1.0866635671880578,8.666356718805782,0.7065331807090358,-51.1555919227193
ES9203,110.88772638627236,0.2516106504409778,22.937246670092623,1.1303613678465918,0.8095137704265353,5.054575893732039,True,False,0.6,0.001,0.0,0.0,9242,67.0,4834,0.533840809540005,0.737738014325692,0.7503679241681521,0.9209928171553908,1.0149345540499863,1.4934554049986382,0.5804481486971358,-34.57561359291694,826,-0.281435201819725,0.4513043350672268,0.5364994917853297,1.2870231123331046,1.0620640361834328,6.206403618343299,0.5075815246664637,-36.98541428657424
ES9209,524.9962436659921,-1.2829497659862634,93.75841444597954,1.999999992412628,0.3433187605417753,3.578601205978771,True,False,0.0,0.001,0.0,0.0,10685,96.9,5113,0.5527536110163358,0.7431109830938146,0.7595016883343205,0.9133098799709016,1.0252458349500388,2.5245834950038897,-0.0499203768533838,-30.32184683997908,1074,0.5835949322393826,0.771071864448967,0.8137071755363838,1.075116996042145,1.1098203610713642,10.982036107136416,0.0441348436421762,-28.6960137245593
ES9215,244.6788755320025,0.3553529422593409,16.141067528726932,2.177817566872001,0.6106850270599485,4.07041818149189,True,False,0.6,0.001,0.0517766497461928,0.0,12514,96.1,5113,-0.0620344089223203,0.4752137257960819,0.4754027556370554,1.0120848381100718,0.9927666406498528,-0.7233359350147188,0.3702494649310842,-56.690276237891176,985,0.4122123504886751,0.573062376303079,0.6873133745359532,0.9049938393992648,1.2747301189017832,27.473011890178334,0.3910048736161653,-37.84190033261958
ES9216,80.24914328967618,-2.78952115386941,254.44738213713592,1.038063906093712,0.5396220983041197,9.992339789800049,True,False,0.0,0.001,0.0,0.0,10908,81.5,5113,-0.4312603640662953,0.3648656522518118,0.3842018022764535,1.1419464739224632,0.9364435848168892,-6.355641518311065,-0.0979091412691168,-25.133877467712573,1083,0.054932274067287,0.3722400259328697,0.4703262821616969,0.7898587407935592,0.7366200674856849,-26.33799325143151,-0.4423800326129723,-52.34717290474008
ES9221,24.14612877094562,3.3327270809144336,37.44097782753717,0.9999999942298796,0.6566824003740935,2.250484861609974,True,False,0.0,0.001,0.0011111111111111,0.0,11104,69.1,4789,0.603487814046149,0.6052900334772673,0.7855884602092653,0.6700796201817731,0.9687559244409466,-3.1244075559053464,0.4589551449072016,-47.66932587584883,900,0.3459198936945808,0.5522494408755023,0.635018451158762,0.8329045249333427,1.1983636418651344,19.83636418651345,0.3874897205482535,-48.75796918934879
ES9225,110.22017898809248,5.0,999.9999999999998,1.3203291016825212,0.25,3.74,False,False,0.0,0.001,0.0,0.0,11151,82.6,5111,-0.0083575604152799,0.4766220469355353,0.4877540843769216,0.9458167975295972,0.9073027279178376,-9.269727208216244,-0.2450096211186958,-37.33367568175505,1014,-1.7560901367166672,0.0178152837950774,0.5333073793690224,1.8052100283686847,1.313881545825231,31.38815458252312,-1.208818571738684,-23.058945975851017
ES9229,2999.9999999999977,-10.0,10.000000000000002,9.638505640716522,0.0925278769369016,0.0,True,False,0.0,0.001,0.0,0.0,25877,251.3,5113,-3.4400744273086445,-0.3219951516037764,0.0670031660533338,1.8730817074436417,1.3389932460045246,33.89932460045246,-2.084824016741232,-32.47735770201955,1062,-7.291887863427194,-1.000229385691819,0.1265880451569985,2.5639474599477245,1.8900210643830064,89.00210643830061,-2.804984736815216,-47.42467068087605
ES9230,182.7746684298741,-10.0,893.9730873226296,1.5231489810631555,0.25,3.74,False,False,0.0,0.001,0.0,0.0,7065,49.3,5103,0.0763531653963722,0.5012083083960861,0.5082205297036948,0.9298342797859273,1.044976392863588,4.497639286358797,-0.1221520256805357,-41.58142408427406,935,-1.0399317835819644,0.0690783372062757,0.1663235402997534,1.1027512120257328,1.40129900476769,40.12990047676898,-0.7467101923408463,-87.23627204544917
ES9231,100.56445890089869,-10.0,999.9999999999998,0.5004971011835688,0.25,3.74,False,False,0.0,0.001,,,11028,83.6,4974,-0.3542717961588131,-0.0245510203954502,0.0510232789687768,0.6394611407554017,1.1384185945196317,13.841859451963131,-0.6518995102530993,-81.32939204756867,0,,,,,,,,
ES9234,71.15709732613944,1.1473076835163272,29.831398032467288,1.1267211456999682,0.1688208213207818,3.172340516789428,True,False,0.0,0.001,,,10133,70.5,4971,0.5459882774479312,0.7656719277519107,0.7671759378290653,0.9735018044333548,1.0006686923375758,0.066869233757598,0.6719591887396412,-33.32683101986732,0,,,,,,,,
ES9236,150.01856199901653,5.0,119.70942153812427,1.1984744256170212,0.5043835885217912,0.3921756166212901,True,False,0.0,0.001,0.0,0.0,15516,98.8,5113,0.5286816700573502,0.7677660304865959,0.7685306633282443,1.0172407855512822,0.9924291288305233,-0.7570871169476769,0.5872418667461072,11.679642522412346,793,0.0210034863851165,0.4114274640334768,0.7798601935076176,1.5455680426300271,0.9823476190727354,-1.7652380927264637,0.4558508826144491,52.316311246589954
ES9238,410.4074570223983,5.0,150.51373062859605,10.0,0.9494853732475512,0.0731217783762262,True,False,0.0,0.001,0.0,0.0,14129,99.3,4784,-0.1080900755420193,-0.138136068858284,0.0568497616267123,0.3756536217757145,0.8734577576822008,-12.654224231779915,-0.1894401199689517,-80.25652069742263,611,-0.6005654054293617,-0.0363482799306436,0.0918063938239883,0.800245464124846,1.457493449585365,45.74934495853653,-0.6116780634993377,-79.25515057160507
ES9250,246.62836203002084,-6.571699181375705,28.761233991755645,1.3796827930587787,0.5890376876274129,0.0,True,False,0.0,0.001,0.0,0.0,10552,75.8,5113,-0.0404457830290883,0.3330518842771786,0.3679242471967241,0.7872219160133318,1.005051609580763,0.5051609580762643,-4.555737179883572,-68.90892048583646,200,-0.8736602044207451,0.0416694588474634,0.0465750700613511,0.9811042155437256,1.094980410648607,9.498041064860702,-3.0993093183754024,-83.36183196429295
ES9251,164.1209695718912,-2.3320220417254887,37.893211799216814,1.918222053195768,0.9171181538244806,0.2627571103413584,True,True,28.4,0.0309736535433911,0.0303030303030303,0.0555555555555555,12856,97.9,5021,-0.2927847820719425,0.3530160604557736,0.3537447872036325,1.0000027036475598,0.9693011734038692,-3.069882659613094,0.0093662816505842,-40.29012351537838,792,-1.2313755926647514,-0.7411157941597877,0.8478222189897692,2.06608309844588,2.3681348467338674,136.81348467338674,0.0805294011419844,61.03675477738005
ES9252,76.22956512137935,0.6273796292118885,283.00145481931304,1.2182411805668456,0.3928518170828837,3.894433440747954,True,False,0.0,0.001,0.0,0.0,9698,79.4,5113,0.7664479957125804,0.8806474151564723,0.8816372422562722,0.9856242213110183,1.005351081686585,0.5351081686584955,0.6724889813830317,-16.85355152773488,1088,0.6497371483274922,0.7074205325881037,0.8909162876907487,1.2625556652640386,1.0690507863649612,6.905078636496125,0.7132807093192035,42.13665041961664
ES9253,189.45725104873844,-1.2991028644467932,32.50633040047291,1.361948421439711,0.9169583961669088,10.0,True,False,3.5,0.001,0.0,0.0,14997,108.4,4682,0.6054446928044044,0.7773130056180562,0.7905164238633127,0.9292572868152564,1.026487682554533,2.648768255453301,0.649399898702075,-28.20284773615481,985,-1.920957065016524,-0.033736658088662,0.3000051675523351,1.6920184977751958,1.3157991633298645,31.579916332986446,-2.3009914841603973,39.092427616282336
ES9254,108.1129739457248,-0.3632370338642103,21.132329324627605,1.3582664562751328,0.9402149633719232,5.984696090817611,True,True,4.6,0.0848745908225213,0.0,0.0047348484848484,9493,75.9,5107,0.6279521536953726,0.7868453291549684,0.8018396568227866,0.9238909012868513,1.01935967943988,1.935967943988008,0.7512208634562036,-28.563534846742023,1056,-0.1141070880851991,0.3852394895510949,0.6149668920171258,1.2728578568621112,1.3939905848025589,39.399058480255896,0.7608029058542459,-30.863897445541625
ES9255,67.19169970609171,-10.0,31.134031709869053,1.0924105910367343,0.7320261108473014,0.0,True,True,16.4,0.0031019831109367,0.0489073881373569,0.0853277835587929,15637,112.1,5113,0.4819118730629762,0.5787415025497552,0.6948501733802673,0.7223145641403008,1.0850476554608877,8.50476554608876,0.0611074069470116,-45.19907151199406,961,-1.0283831724588786,0.123073172870415,0.4150660504400825,1.504950854416809,1.41458119761457,41.458119761457006,0.0638110707354036,-35.73252544303558
ES9256,61.24655596328091,-4.98152400688193,278.88800645152924,1.1034665106132584,0.1771032610472631,3.2292713232693395,True,False,0.0,0.001,0.0,0.0,9365,67.2,5113,0.6808609842377185,0.842363645678583,0.8449108983193464,1.026322318286734,0.9898153888809116,-1.0184611119088338,0.6864986263654465,-12.91677137414061,1026,0.1797451386166768,0.3908315482203742,0.8488102413024757,1.5561056198038163,1.197419348421536,19.74193484215361,0.6599858763836671,40.3292828730907
ES9257,269.4955081048015,-1.8150349527191596,25.17432366118257,1.1151339115397587,0.25,3.74,False,True,1.2,0.0069739832762199,0.0,0.0050697084917617,7439,52.3,5071,0.3663179671905785,0.6771887020376335,0.6777302133779018,0.9826717663397716,1.0070036448304898,0.7003644830489819,0.2058840731506092,-35.423404092368685,789,0.352226802679581,0.6560728156226731,0.6932900938205673,1.0426737681102194,1.1496458857449634,14.964588574496368,0.4959728837323792,-36.66880123722136
ES9258,12.772286752115228,3.5265647565730607,233.1314974789495,0.9999999831321746,0.0267618834233229,2.3832169020419607,True,False,0.0,0.001,0.0027573529411764,0.0,10664,81.1,5103,0.4517395653385269,0.7326013779730169,0.7349029841589315,1.03169623941878,0.9851358262659166,-1.486417373408342,0.4606142237184434,-31.547522800017155,1088,0.5491156755611807,0.6968079139852026,0.7701344793478533,0.868633377240928,0.8522498938673901,-14.775010613260992,0.5573554218294735,-43.92330232641071
ES9259,98.45844554788265,0.3936673998234966,20.04342564252785,1.2159914149637965,0.6957926987883446,6.146290795090227,True,False,0.0,0.001,0.0,0.0,6805,46.4,5108,0.7105942250532943,0.8453006629472166,0.8502517402054971,0.9612945010056316,0.996962250720402,-0.3037749279598108,0.6482442535141001,-13.639199392609369,929,0.580956562389617,0.7824473031767676,0.7850148451972561,0.9723509197959552,0.981396573612052,-1.860342638794807,0.6314206982366206,-14.771103992264289
ES9260,544.2751196952692,0.9743355124585682,33.524380922132444,1.7525808261763454,0.94027731763915,0.5901632364509465,True,False,0.0,0.001,0.0,0.0,12698,121.0,5010,0.348767537485354,0.6562017503793423,0.6594632430947872,0.9529138184846614,1.00385294030744,0.3852940307439961,0.1019646408447394,-35.49920114046485,1088,-4.2821969576042,-0.8385125338115407,0.7039730539387675,2.503609449792062,2.015704192510696,101.57041925106958,-0.8199935279550279,33.025288304400455
ES9261,166.81617283185764,0.7787016600821202,32.17496915609782,1.4298330527128846,0.9555002666945625,5.565101072574233,True,False,0.0,0.001,0.0,0.0,13105,93.7,5113,0.6673562093252479,0.8121540675854119,0.8245436180099279,0.9358100838703984,1.0195142771051,1.9514277105100135,0.6890785489939675,-13.34753608799116,780,0.4613664281106694,0.4855818920017186,0.8889538637403854,1.4264083592623047,1.2654630983951851,26.546309839518536,0.741574529000872,38.02209613394805
ES9263,138.50060572850833,-1.7342474391259002,99.69486936460588,4.214644559471122,0.9879370176869126,8.603952082510345,True,False,0.0,0.001,,,17678,91.2,4530,0.7609418278516851,0.8811903174339492,0.8815413971273999,1.0086986469076815,0.9972370995506808,-0.2762900449319109,0.5849114997869251,-6.939033208239477,0,,,,,,,,
ES9264,369.5391642830998,4.298719122052261,296.35282832793,1.00000011391707,0.8014015300517154,2.210704289237989,True,False,0.0,0.001,0.0,0.0,15323,108.6,5110,0.4572536434469354,0.7083564773014055,0.7143149244835959,0.943817921112127,1.016839120258163,1.6839120258162934,0.0617931066456676,-31.145801603477423,1043,0.1181442731615834,0.5587223851558344,0.6488707463539498,1.102110499232679,1.246997219706977,24.69972197069769,-0.0681066821161651,-26.32245109347258
ES9265,1188.1292019199034,-3.925158277098113,68.79311687774049,1.1580685405300055,0.0701660517538607,4.922725052504688,True,False,0.0,0.001,0.0,0.0,9372,69.8,4645,0.4999518333383799,0.7363820551861622,0.7398568541319888,0.957594890899816,1.0046659627053554,0.4665962705355281,0.3658033974658329,-36.73474008682944,1083,0.2031663107870283,0.6173332257021731,0.7015414242919381,1.236603687860927,1.0370814458783386,3.708144587833868,0.4043393223358097,-59.299268366301945
ES9266,2999.9999999999977,0.4364175212133743,19.019430301495067,1.7058959530573252,0.8913758677087735,4.420213096732881,True,False,0.0,0.001,0.0,0.0,13985,107.4,5113,0.1588831383462907,0.5652473976841883,0.5664899190887094,0.9686031356681034,1.0096473767823713,0.9647376782371352,0.2224802566743602,-35.10626878536529,1050,0.4623205451792094,0.7317348909941737,0.7349348371648408,1.000829527908256,1.0413030270625274,4.130302706252736,0.2293092919779507,-18.525302772657056
ES9267,672.3210229371217,2.6199130805833577,58.02718580720944,1.0550513789781522,0.0015567709091423,3.046957457676009,True,False,0.0,0.001,0.0,0.0,10510,71.9,4204,0.5805334873983521,0.7772993978196301,0.7819130563725659,0.9567843493576332,1.0128860688458772,1.2886068845877208,0.5536664384446792,-35.177622938610135,1047,0.3342113588396749,0.5881250263131863,0.6957691804571713,0.8339468150324069,0.7774894560881876,-22.25105439118125,0.0884680097966151,-72.24419734535633
ES9268,119.58122272101656,-3.7425441648612736,25.195759203270125,1.2586883942188776,0.0016612571210872,10.0,True,False,0.0,0.001,0.0,0.0,13461,97.8,5113,0.6637644920169261,0.797219256496934,0.8199274146140697,0.9112464130532172,1.0285778713721456,2.857787137214554,0.4316443470088911,-26.020471089535583,1056,0.3482564979966157,0.5704400827070999,0.7097723595488235,1.0710106214786297,1.308621339022506,30.86213390225061,0.2677032009080048,-29.24317903409421
ES9269,121.41711282875224,-2.008187550923671,34.466048197521054,1.2066742665273484,0.007313894454471,5.389214618680346,True,False,1.0,0.001,,,11590,80.3,4991,0.5987082049241944,0.7929729528348093,0.7946915697760234,0.9757547306845152,1.0109915264055664,1.0991526405566518,0.6633398370822806,-23.32715327570637,0,,,,,,,,
ES9270,169.94399923401645,-0.1596242265684177,17.884024467568157,1.308671071138943,0.3269780876578793,6.860186348271602,True,False,0.0,0.001,0.0,0.0,9493,67.9,4834,0.6614233947445392,0.8047733033435658,0.8201945295841238,0.9261838669279272,1.018293014901728,1.8293014901727929,0.6805400348957331,-23.975397749954688,1085,0.3088371856730654,0.6538790173266773,0.654234624538134,0.9993544911302888,1.015672367299182,1.5672367299182144,0.6948078535844895,-51.96378966114343
ES9271,18.87928727186869,-3.991349269034007,166.91480058635332,0.999999993286698,0.0931439527428685,2.7364663042023207,True,False,0.0,0.001,0.0,0.0,8204,65.2,5113,0.5073940743850223,0.7357459206442578,0.741656313792979,0.9476300126673992,1.01860491010197,1.8604910101969725,0.2279903293192337,-31.043916050857508,1060,0.5057042702107798,0.7020754387506742,0.7354523880659127,0.8970845370044718,0.9095455214376268,-9.04544785623732,-0.2881046718274527,-51.532993073982375
ES9273,316.3196408490246,2.712806662042114,55.71210835901452,1.2734008544172406,0.25,3.74,False,False,0.0,0.001,0.0,0.0,7946,56.0,4004,0.3045581465463582,0.5209268771319127,0.5826146367899245,0.7675441985302242,1.0355642516527346,3.556425165273465,0.0634328910347846,-45.909435205313,1083,-12.228718104314824,-1.6483823618950928,0.419971292189984,3.286521320323576,2.203875443980399,120.3875443980399,-2.300553976385829,31.725758837264895
ES9275,299.05670179067937,-9.7711005425591,41.29801926166691,1.1239615886834182,0.8839658890650575,4.82112568029748,True,False,0.0,0.001,,,12195,75.9,4473,0.5529445707215869,0.7654366278758828,0.768572785290885,0.9628576755069008,1.0090480697094786,0.9048069709478498,0.4104460062056988,-24.67853439852988,0,,,,,,,,
ES9276,362.0136430424658,-4.170637239125206,47.295490499614615,1.346734568296025,0.8188141231893914,4.456060153754256,True,False,0.0,0.001,,,10531,65.7,5099,0.5404901656995322,0.748076874157585,0.7569367635601344,0.9368068210236914,1.0198026906368682,1.980269063686811,0.5490433682086544,-25.2081933269086,0,,,,,,,,
ES9277,397.8603077388205,5.0,385.4133735072608,7.462527939199072,0.9214412195826428,9.047047531760953,True,False,0.0,0.001,0.0,0.0,11157,88.6,5111,0.1605459543809274,0.4707407384728277,0.5053249983845278,0.8126707464687634,0.9821181807287386,-1.788181927126142,-0.2064837042099301,-52.146762867454434,1013,0.028605179062449,0.4144456029931402,0.442085543584267,0.8393692502343968,1.0761785626416276,7.617856264162746,-0.3710977647888656,-37.43747014953246
ES9278,1980.4568857608003,0.7287791265806087,29.172106148671908,1.940970060456861,0.8367630203226368,8.9717203358008,True,False,0.0,0.001,0.0,0.0,12991,99.1,5097,0.2790682258673083,0.6328178144878138,0.6332391755221354,0.9824147369133058,1.0001162238970829,0.0116223897082847,0.2828435346918254,-31.617238760204348,1088,0.5154430148334357,0.7578438082590138,0.7694817516955718,1.0058539577645278,1.0739370649650524,7.393706496505225,0.4544249922324138,-33.412185298909336
ES9279,116.24479333484102,1.463581203563224,64.71912235789384,1.4465005570086942,0.0243773571793758,4.012731633967069,True,False,0.0,0.001,0.0,0.0,9742,73.2,4779,0.7154510304797124,0.8395431827802012,0.851061191511765,0.9440101928466554,1.0207065934751236,2.0706593475123585,0.6909041953384194,-26.345596104067106,695,0.5994877188914047,0.7337241503627223,0.7795318614211644,0.856227808955677,1.0403259848478887,4.032598484788867,0.5714051412147763,-31.138324219142515
ES9280,122.81598519984448,-1.7004088325974582,167.3303640539453,1.99999999591612,0.5690705159048569,7.95553650901891,True,False,0.0,0.001,0.0,0.0,12563,93.4,4693,0.7841665132687756,0.8764971501502308,0.8878525512270821,0.9509013446528788,1.0162857513748975,1.6285751374897506,0.3538013328865956,-22.04376922318926,1088,0.457593017791313,0.6189580414958963,0.7764507179911753,1.0324027446303,1.306869279652437,30.686927965243704,0.2619026787089509,-40.5457629807819
ES9281,193.65030844412172,-10.0,252.7743727891647,1.6284534351310866,0.4488139795401096,1.6390486621048173,True,False,0.0,0.001,0.0,0.0,13275,96.0,5113,0.685505794520574,0.8427089229564391,0.8427998174440419,1.0002235635753332,1.0053418668295495,0.5341866829549622,0.772973818819195,-33.76051495200313,1059,0.7086554085006606,0.7574277989064806,0.8433227001429734,0.8200487768851767,1.0437156007890238,4.371560078902373,0.7318543400960973,-47.1457105496212
ES9282,46.54811157846751,-0.2152381667958819,76.67639115388108,1.1223794316120417,0.1243027780688429,3.169808864957717,True,False,0.0,0.001,0.0,0.0,8148,61.8,5113,0.6298584055099921,0.7957918214493155,0.8051747212364188,0.9406356844769656,1.0148313513936769,1.4831351393676866,0.6570179595789571,-31.05851148803272,983,0.72971710798804,0.6823468333552075,0.8697064105751732,0.747187245013588,0.8585333051547489,-14.146669484525107,0.6928221601018968,-45.131505131493824
ES9283,43.905545649855874,1.1243985183992815,19.38240234361685,1.6897006005833288,0.2129526041636186,3.005261583972937,True,False,0.0,0.001,0.0,0.0,7771,56.1,5113,0.5861971592428724,0.7050522661645323,0.7673616036030797,0.8187462027363543,1.0045390741408904,0.4539074140890293,0.6897306239469811,-42.37493052926403,1075,0.1180154851442015,0.5315216530159907,0.6087241487182262,1.0835835267899911,1.243698510143045,24.36985101430449,0.5755495590924005,-42.705685984652575
ES9284,148.6619219737565,5.0,10.000000000000002,4.378896030271006,0.9840840316991628,6.461442860146193,True,False,0.0,0.001,0.0,0.0,12868,118.5,4997,-0.3294715720264352,-0.3098536599673522,0.5872366987416073,0.019401596838641,0.2359516773256195,-76.40483226743804,-0.8618780835768198,-96.39692481127122,1088,-0.3872256137587357,-0.3174166122501016,0.4764667703833071,0.0282013242994661,0.2808986012902365,-71.91013987097635,-0.682522792240863,-95.83052680098838
ES9287,464.0266492832005,0.4963116209367519,10.69417009140738,1.4164776420320857,0.3709587108138495,0.4512317183521243,True,False,0.0,0.001,0.0,0.0,12533,87.2,4298,0.2948567278624118,0.5619258288522413,0.5949516858776039,0.8370324900097508,1.0358668836251297,3.586688362512985,-0.3425839731387521,-36.896763356154246,513,0.287246543822839,0.5707809183542718,0.5959516969560528,0.856230300594117,0.9825568813324308,-1.744311866756912,0.115418530994282,-54.27050499310723
ES9288,148.38249358055467,-2.8946826136018786,10.538063906769697,1.1880634844100442,0.4908659497629243,0.262859019800081,True,False,0.0,0.001,0.8395303326810176,0.299412915851272,13829,85.3,4652,0.1208612804183627,0.5695086626136368,0.5757118321067873,1.034157892329532,0.935691520449285,-6.430847955071489,-0.2501974999533916,-31.139101158805094,1022,0.3255595076493376,0.5607897205599828,0.6840882912678421,1.0560610352195896,1.2999376971669518,29.993769716695187,-1.0057326542973408,-24.31280810871061
ES9290,206.84115549038583,-3.763264185462275,34.46886241824109,1.3913338855140405,0.9496419524094316,0.0689759125662164,True,False,0.1,0.001,0.0,0.0,13112,98.1,4944,0.5142532912908135,0.7484582698436203,0.7502343727466045,0.9706732165713766,1.005505744864548,0.5505744864548212,0.2867296639055686,-25.96215822535848,1072,-6.844084948570053,-1.6315744021662293,0.4727225169166126,2.9692631144846167,2.664080850169289,166.40808501692888,-0.0939423634295859,18.060693070745128
ES9291,89.72118400243093,-9.99993535909299,42.45736307419404,0.9999999929278424,0.25,3.74,False,False,0.0,0.001,0.0,0.0,8721,67.3,5113,0.2851816516518323,0.5682015293476438,0.5947039498311011,0.8563129083023789,0.9607692639033812,-3.923073609661882,-8.681438755799428,-26.99259895328183,889,-3.392585724199532,-0.3705432245196103,0.1494945716491601,1.9887945640851237,1.4210873503895316,42.10873503895317,-11.42889377116693,-59.596586534233175
ES9293,244.67742478833685,-9.731188479812037,40.97473451537846,2.350763555936611,0.9836183040836246,6.991247195501036,True,False,0.0,0.001,,,13845,132.5,4788,0.4039695094436403,0.6709207237567661,0.6804466149028107,0.92334425714963,1.0173983106581066,1.7398310658106562,-0.2729730474523237,-37.33961365162265,0,,,,,,,,
ES9294,55.03790111029601,-5.2735092141556414,10.000000000000002,1.362883209871907,0.9701432289112604,6.372023006808095,True,False,0.0,0.001,0.6330275229357798,0.4108053007135576,12470,77.5,4939,0.2851642923652667,0.6216468745365826,0.6367769520805664,0.983152093969924,0.8954234583166232,-10.4576541683377,0.2622365374000655,-32.85158827364267,981,0.4852207226986988,0.5116643655171838,0.713156042401377,0.8284957724686024,0.643940263672298,-35.6059736327702,0.5041260002932788,-39.53000725490449
ES9295,186.55924519661016,-1.590178680821441,10.000000000000002,2.295276611291344,0.9692675508102816,0.0266428874267927,True,False,0.0,0.001,0.9215017064846416,0.4675767918088737,13822,86.1,4939,-0.288674551428427,0.3223548302058651,0.4009215839401647,1.064379119326031,0.6898978288509325,-31.010217114906744,-0.4155297840715082,-54.46277111614622,879,0.067598408973202,-0.236046780979181,0.3282168714142088,0.2997673863838651,0.2343673467355257,-76.56326532644742,-0.5309705870479737,-75.15664360363684
ES9296,98.36950286998491,-1.3915073376774454,14.617681261211624,1.9999997457627408,0.996740599383618,0.0767625217000046,True,False,0.0,0.001,0.9707887049659202,0.2872444011684518,14797,92.5,4693,0.16695552665188,0.4957772692554903,0.5207020520878447,0.8434632629660285,1.0032076916005754,0.3207691600575379,0.1332428295812289,-33.25559974735732,1027,-91.90001225724428,-19.176742106394943,0.1693056815137971,9.517240891806631,19.272040842996777,1827.2040842996776,-18.698304361378167,15.416419666843453
ES9297,45.523958322742224,0.1550289663712087,34.62061404984056,1.1196488246718377,0.9153817744769824,1.507174370893855,True,False,0.2,0.001,0.1147798742138364,0.0,11937,77.7,4779,0.5332891388844503,0.7559158729007862,0.7586053538841359,0.9640130024092384,1.0032591306792458,0.3259130679245798,0.497553116508368,-23.159443445489693,636,0.6232717332645734,0.4337868812781214,0.8347908384681546,0.6115523598362975,0.6226253060816722,-37.737469391832775,0.3711152836544011,-50.52900993919198
ES9298,148.17994964823546,-2.4237593287996764,42.607821875950506,0.9999227785189316,0.9997506440678716,0.1624469463095036,True,False,0.0,0.001,0.0,0.0,15793,124.1,5113,0.5254543612267923,0.7251254152949569,0.7431474831019983,0.9064751033128986,1.0289122046824293,2.89122046824294,0.3183448358233635,-33.35382818133462,875,-1.042817599657341,0.1368799945112768,0.5396437354779687,1.6822465409916674,1.2599767506818258,25.99767506818257,0.490197521486298,-16.584246827146952
ES9299,558.3977333342197,-10.0,132.8587644729237,1.0347795962019846,0.25,3.74,False,False,0.5,0.001,0.0979782270606531,0.0,8596,59.5,4883,0.5581295321697536,0.7776717052843836,0.7785501112023745,0.997107369915764,1.0195307468845682,1.9530746884568293,0.5163978815116135,-29.245132644219748,643,-14.85543544288351,-2.808843909953556,0.4693817309423676,3.600490581049963,3.731883035710533,273.1883035710533,-0.4864619022735743,73.44127902929728
ES9307,1647.0975441351522,0.0356646901109704,10.000000000000002,1.472435141190596,0.6683421257380435,8.483833944356814,True,False,2.9,0.001,0.0,0.0,12963,111.3,4738,0.0458823477853074,0.485453858774005,0.4905431863171017,0.9313595141939384,1.022360012319721,2.236001231972085,0.3412637583131869,-49.48464439847264,1088,0.1321590161897536,0.6029821301983765,0.6334976025345561,1.1520790871535351,1.0130817752789163,1.3081775278916208,0.3057046113147463,-59.69930289288363
ES9308,16.510988951326137,1.8552748956443053,21.892282641285025,0.999999962512833,0.9601825273860372,0.9007878388885932,True,False,0.3,0.001,,,8463,50.1,2325,0.5021632088108692,0.4590021024549552,0.7376065816996638,0.5365410724954424,0.9049513719344212,-9.504862806557862,0.4168846184993909,-63.45556053037519,0,,,,,,,,
ES9309,51.75072956103576,-7.602209445479819,49.15449867506105,1.1438901499786016,0.0014883929456009,7.389245198797577,True,False,0.0,0.001,0.0,0.0,9621,60.4,4306,0.3965629032868832,0.6776398487296882,0.6827494789933476,0.946353722388296,1.0197547702197194,1.9754770219719409,0.1017215505901161,-42.42607558265189,989,0.2914629512305375,0.3845992598971426,0.5912862998607565,0.6882882906945462,0.6616111814502353,-33.838881854976464,-0.0643664122349585,-72.81860555160927
ES9310,2999.9999999999977,-10.0,12.807879409381028,3.4502385244963176,0.016425995830866,5.14975681978222,True,False,0.0,0.001,0.0,0.0,14143,99.3,4609,0.0628625231467855,0.5631851466449384,0.5821450202910622,1.1028778716165868,0.9250295019645174,-7.497049803548267,-0.2538710763134357,-38.06769486260587,910,0.1654150481904157,0.3045883112790826,0.5068935969515355,0.6090645512103435,0.7040051234194868,-29.599487658051324,0.0424337896726922,-79.74065138869263
ES9311,101.6754565076883,-3.080046791379375,162.86077092156182,3.388490827693724,0.965018670698313,9.999079796693882,True,False,0.0,0.001,,,11406,80.9,4304,0.7799155706378569,0.885009706717756,0.88771148727333,0.9774581533024398,1.0102918708810724,1.0291870881072331,0.5341081077055481,-20.209974324716885,0,,,,,,,,
ES9312,308.6716342008857,-9.999999508258714,10.000000103829068,0.9999999947399012,0.7656054069069415,6.807627414033424e-08,True,False,0.0,0.001,0.2113970588235294,0.0009191176470588,17825,109.8,4509,-0.9005918428352462,0.0196593097834187,0.0249466107439494,0.9741230013380648,1.0983317747976806,9.833177479768064,-1.557418204824864,-94.90133410500408,1088,-35387.762346260446,-191.7612137211205,0.2839890262182724,183.43737068094893,63.23325977760567,6223.325977760566,-2.3937761024966484,5555.23653994075
ES9313,77.31467211724444,0.7804226438208793,19.11327872496464,1.6030709071490126,0.9893613882331622,6.22088360993393,True,False,0.0,0.001,0.0,0.0,10238,76.7,4692,0.6782599376040062,0.7790501154375342,0.8246086615583158,0.8658705091570202,1.0081246276225173,0.8124627622517213,0.6897494421906136,-34.37311678741467,1086,0.3039183283462383,0.5967646447892223,0.6521987578437308,0.982691050509353,1.203306290886555,20.33062908865551,0.5239830324663799,-48.1970379792344
ES9314,152.10705341421945,-0.5236621259279084,18.68321521224939,1.999999996932103,0.25,3.74,False,False,0.0,0.001,0.0,0.0,8337,57.4,4193,0.7216604298573969,0.7966537582042589,0.8497866233189945,0.8671564065424682,1.0337374450104386,3.3737445010438787,0.676577814705023,-29.9030162962123,953,0.308069213014107,0.4646677632999467,0.6512105388726245,0.9436472396521334,1.4021826473854049,40.21826473854048,0.5674592956245804,-34.71641397420985
ES9315,188.67485240048936,-2.0693626563384577,10.000000000000002,4.266298131380573,0.9613083602470754,10.0,True,False,1.3,0.001,0.0,0.0,12579,91.8,3949,0.5574043470620748,0.6567526039461034,0.7471441353309788,0.7719536279858885,1.0433305759419793,4.333057594197937,-1.2342979310301283,-40.57929837216995,997,-0.2821742075589617,0.3564044902912395,0.4998068575118116,1.208419660136862,1.347250983574568,34.72509835745681,-9.44165374174874,-35.91427899001163
ES9316,181.57584260862308,-1.571577924726528,11.286511597807433,2.486216698432057,0.9982753223674972,3.845057373415403,True,False,0.0,0.001,,,12898,101.9,3345,0.4794072522614404,0.4981929106708646,0.699327003297998,0.6020239172096084,1.0549649113710935,5.496491137109344,-1.7890740405184942,-64.02689755195692,0,,,,,,,,
ES9317,211.98032711561785,-4.54399885516268,33.21341879644363,2.204917886003312,0.8810482259661039,7.131021609784236,True,False,0.0,0.001,0.0,0.0,12842,94.9,4349,0.6944275008067009,0.779620047554428,0.8339833981066027,0.8624233881846433,1.0455904290075058,4.559042900750578,-0.272810101587579,-30.89491909374568,1087,0.3946070616347208,0.4783884858928863,0.6681087592915445,0.8424848350392149,1.3702914376507973,37.02914376507976,-1.041007500397844,-48.611538675133005
ES9318,1402.2959148557932,-9.9999921588669,24.54754410339106,1.2824151968270394,0.7574188569990652,1.294579554655633e-05,True,False,0.0,0.001,0.0,0.0,13461,92.6,2820,0.2479936921015926,0.336885116090391,0.5022420752610239,0.564775172801656,1.0503760599111682,5.037605991116827,-2.968179693318731,-46.897334963020064,1023,-0.5313353978622548,0.3030821446069088,0.3336210201012367,1.1118559123252834,0.8293488728643507,-17.06511271356494,-12.107198026921813,-57.66362901917957
ES9319,193.7433576711932,-8.36925931024784,35.1149620101878,1.2802042196295451,0.1399587838442874,3.564499379468944,True,False,0.0,0.001,,,9372,65.7,4015,0.3699084561782553,0.6505215967902789,0.6608086795207272,0.9189522295941668,1.0227081776852966,2.270817768529652,-0.4366316146368394,-31.88437502576041,0,,,,,,,,
ES9320,292.5884151110926,-2.226884633112739,179.9095596462682,1.674415647836944,0.618824871536025,0.3978241128535915,True,False,0.0,0.001,0.0,0.0,10124,78.6,4018,0.5520503662030299,0.7540209361857726,0.7637250129483604,0.938648963652872,1.0302635204132746,3.0263520413274634,0.5683203153140008,-38.17635710623885,689,-0.2039373550760634,0.3589024115773319,0.7070384205171872,1.4575520863012046,1.340331778048585,34.03317780485849,0.4574493755560541,0.9103034808857527
ES9321,20.097518501964327,0.6888521891192053,10.372058975308487,1.9999999903705707,0.2990218111694577,9.999932030080284,True,False,0.0,0.001,0.0,0.0,12819,97.3,5108,0.5820481232932961,0.6104121745223201,0.7669004631824908,0.6910653630748883,0.9552488010904814,-4.47511989095186,0.627844463304825,-53.70058854564238,1060,0.320959143755104,0.5795108632478633,0.6128262352639667,0.8449799418291347,1.0536318151043338,5.36318151043338,0.6382335159596468,-54.62939805911356
ES9322,17.873725509135802,1.1310862341214305,13.515514475649525,1.8746065457730765,0.9973502683471376,3.251386074368821,True,False,0.0,0.001,0.0,0.0,10620,77.7,5107,0.5652474796955298,0.5964040042103271,0.7557204529163115,0.6833169593552642,0.9458790016532376,-5.412099834676229,0.5885425502695353,-52.58775554670311,1044,0.3612585497087409,0.5716882501031793,0.6244967754114389,0.794005486374271,1.0038136307331376,0.3813630733137708,0.5089841204443536,-57.478076969893785
ES9323,75.19587688368398,0.6107197994618926,16.320860985407148,1.8386727848659616,0.5138243400910004,7.344800041358789,True,False,0.0,0.001,0.0,0.0,8220,63.4,5049,0.6603014036438856,0.7677338951486468,0.8139485817691275,0.8609646643167925,1.0012604239598737,0.1260423959873404,0.6603338595896426,-35.94862613831666,1079,0.2994991834969772,0.6475840834438169,0.6516706173933166,1.004048424546454,1.053359438843311,5.335943884331106,0.619917453511194,-45.798581891327885
ES9324,103.83229961128632,0.6203717843099068,18.683854406211463,1.5636805795502309,0.9958126409797512,5.745457345863219,True,False,0.0,0.001,0.0,0.0,9998,73.7,5113,0.7103800272436573,0.8221876072569526,0.8454878001423123,0.9122535510196638,1.0066172350333773,0.6617235033377219,0.7413817936643703,-29.85490054333854,1004,0.3828814023153842,0.6595124320091185,0.6763484574864919,0.9441504273704264,1.089790245695543,8.979024569554326,0.762021996556157,-48.45139095824263
ES9325,282.1372652379376,-5.24184133848194,55.202302087464346,1.1471934839069444,0.0986858316273482,3.7440023803875753,True,False,0.0,0.001,0.0,0.0,10773,74.8,5109,0.6226168383688515,0.8143471988763822,0.8159513010383511,1.0236708857386276,0.9942791483222536,-0.5720851677746511,0.7432626021092501,-17.390722060535506,1024,0.2223664220153394,0.6241277861972352,0.6957021017760052,1.2023761920908569,1.08790100750421,8.790100750421022,0.1985528325819701,-20.697418023408822
ES9326,71.18842735971931,1.3662943905009013,28.399280812020532,1.2167719986248164,0.896538193442002,2.5184533904547166,True,False,0.0,0.001,0.0,0.0,8276,52.4,5111,0.6250910858863704,0.7383792200619435,0.792261770617666,0.8420487291354302,1.0184839546839175,1.848395468391746,0.6356463577967868,-37.0827823238236,1063,0.4140878014757486,0.7139651887269224,0.71962347947086,1.0403629067028295,1.0396957901860708,3.969579018607084,0.6809097098386909,-34.52902063513788
ES9328,229.24458460625215,0.1103861628550712,43.14060646444967,1.2924538794487128,0.4451313815531119,2.0185614859384806,True,False,0.0,0.001,0.0,0.0,11546,82.9,5107,0.7947355882601078,0.8773940108764755,0.8930650547687443,0.9446727285278772,1.0231525179796102,2.3152517979610274,0.7114396339639613,-19.863124249105528,1061,0.6334660076945394,0.7135095182930935,0.7977814931625411,0.8137352922779695,1.0805601033906391,8.056010339063924,0.6520605703505992,-46.79013210217776
ES9329,191.76021628374076,0.5887834200055977,30.593663313072213,1.6700395385601747,0.5894219697375547,1.7666788460766156,True,False,0.0,0.001,0.0009242144177449,0.0,9742,71.8,5057,0.7570274405039359,0.8404368554564468,0.8710896889530038,0.9103698562007924,1.028442329808349,2.8442329808348883,0.7036278802224458,-27.195045352020102,1082,0.5646611048501654,0.6825019252734768,0.7618964754202848,0.849599541084228,1.1465995941184393,14.659959411843916,0.6437560514929459,-40.4209458737803
ES9330,27.681388351853595,5.0,13.82661907451749,2.101571340616051,0.25,3.74,False,False,0.0,0.001,0.0,0.0,7444,47.0,5099,0.1200975198139669,-0.0028802885153889,0.730144863873878,0.1401891851802306,0.5599176880195864,-44.008231198041365,0.2068588501966943,-87.36704013492908,991,0.1355555994090507,0.0346849086373537,0.6443019400039951,0.1752902973555435,0.6462118966222224,-35.37881033777776,0.1533137896919387,-83.62815178900284
