{"type":"FeatureCollection","features":[{"type":"Feature","properties":{"id":"EA001b","level":0},"geometry":{"type":"Point","coordinates":[1.696075,41.920666]}},{"type":"Feature","properties":{"id":"EA004","level":0},"geometry":{"type":"Point","coordinates":[1.788188,41.443497]}},{"type":"Feature","properties":{"id":"EA007","level":0},"geometry":{"type":"Point","coordinates":[1.337295,41.233967]}},{"type":"Feature","properties":{"id":"EA008","level":0},"geometry":{"type":"Point","coordinates":[1.633829,41.265611]}},{"type":"Feature","properties":{"id":"EA009","level":0},"geometry":{"type":"Point","coordinates":[2.725463,42.015521]}},{"type":"Feature","properties":{"id":"EA010","level":0},"geometry":{"type":"Point","coordinates":[2.81916,41.990209]}},{"type":"Feature","properties":{"id":"EA012","level":0},"geometry":{"type":"Point","coordinates":[2.859691,42.334743]}},{"type":"Feature","properties":{"id":"EA013","level":0},"geometry":{"type":"Point","coordinates":[2.510031,42.188665]}},{"type":"Feature","properties":{"id":"EA014","level":0},"geometry":{"type":"Point","coordinates":[0.936718,41.142879]}},{"type":"Feature","properties":{"id":"EA015","level":0},"geometry":{"type":"Point","coordinates":[2.488976,41.680341]}},{"type":"Feature","properties":{"id":"EA016","level":0},"geometry":{"type":"Point","coordinates":[2.798649,42.177583]}},{"type":"Feature","properties":{"id":"EA020","level":0},"geometry":{"type":"Point","coordinates":[2.82455,41.975059]}},{"type":"Feature","properties":{"id":"EA023","level":0},"geometry":{"type":"Point","coordinates":[1.858397,41.646562]}},{"type":"Feature","properties":{"id":"EA026","level":0},"geometry":{"type":"Point","coordinates":[2.397458,41.75263]}},{"type":"Feature","properties":{"id":"EA027","level":0},"geometry":{"type":"Point","coordinates":[2.422524,41.964338]}},{"type":"Feature","properties":{"id":"EA028","level":0},"geometry":{"type":"Point","coordinates":[1.179845,41.364783]}},{"type":"Feature","properties":{"id":"EA033","level":0},"geometry":{"type":"Point","coordinates":[2.19423,42.172192]}},{"type":"Feature","properties":{"id":"EA035","level":0},"geometry":{"type":"Point","coordinates":[2.265267,41.546723]}},{"type":"Feature","properties":{"id":"EA037","level":0},"geometry":{"type":"Point","coordinates":[2.284059,41.697144]}},{"type":"Feature","properties":{"id":"EA039","level":0},"geometry":{"type":"Point","coordinates":[1.6641,41.458697]}},{"type":"Feature","properties":{"id":"EA041","level":0},"geometry":{"type":"Point","coordinates":[0.889322,41.235235]}},{"type":"Feature","properties":{"id":"EA047","level":0},"geometry":{"type":"Point","coordinates":[2.200345,41.450938]}},{"type":"Feature","properties":{"id":"EA049","level":0},"geometry":{"type":"Point","coordinates":[2.0466,41.351811]}},{"type":"Feature","properties":{"id":"EA050","level":0},"geometry":{"type":"Point","coordinates":[2.781909,42.316501]}},{"type":"Feature","properties":{"id":"EA051","level":0},"geometry":{"type":"Point","coordinates":[2.789149,42.372326]}},{"type":"Feature","properties":{"id":"EA052","level":0},"geometry":{"type":"Point","coordinates":[3.071999,42.254381]}},{"type":"Feature","properties":{"id":"EA060","level":0},"geometry":{"type":"Point","coordinates":[2.603219,41.985433]}},{"type":"Feature","properties":{"id":"EA061","level":0},"geometry":{"type":"Point","coordinates":[2.798988,42.100849]}},{"type":"Feature","properties":{"id":"EA063","level":0},"geometry":{"type":"Point","coordinates":[1.652422,42.007056]}},{"type":"Feature","properties":{"id":"EA064","level":0},"geometry":{"type":"Point","coordinates":[2.994378,41.811872]}},{"type":"Feature","properties":{"id":"EA065","level":0},"geometry":{"type":"Point","coordinates":[1.662625,41.541509]}},{"type":"Feature","properties":{"id":"EA066","level":0},"geometry":{"type":"Point","coordinates":[1.878476,42.084908]}},{"type":"Feature","properties":{"id":"EA067","level":0},"geometry":{"type":"Point","coordinates":[1.880218,41.859536]}},{"type":"Feature","properties":{"id":"EA068","level":0},"geometry":{"type":"Point","coordinates":[1.762734,41.813513]}},{"type":"Feature","properties":{"id":"EA072","level":0},"geometry":{"type":"Point","coordinates":[2.23985,42.220669]}},{"type":"Feature","properties":{"id":"EA074","level":0},"geometry":{"type":"Point","coordinates":[1.929287,41.477702]}},{"type":"Feature","properties":{"id":"EA076","level":0},"geometry":{"type":"Point","coordinates":[1.995677,41.448856]}},{"type":"Feature","properties":{"id":"EA077","level":0},"geometry":{"type":"Point","coordinates":[1.917165,41.787629]}},{"type":"Feature","properties":{"id":"EA078","level":0},"geometry":{"type":"Point","coordinates":[1.869706,42.214386]}},{"type":"Feature","properties":{"id":"EA079","level":0},"geometry":{"type":"Point","coordinates":[1.236276,41.148785]}},{"type":"Feature","properties":{"id":"EA080","level":0},"geometry":{"type":"Point","coordinates":[3.125381,42.035163]}},{"type":"Feature","properties":{"id":"EA081","level":0},"geometry":{"type":"Point","coordinates":[2.669321,41.74533]}},{"type":"Feature","properties":{"id":"EA082","level":0},"geometry":{"type":"Point","coordinates":[2.969058,42.237783]}},{"type":"Feature","properties":{"id":"EA085","level":0},"geometry":{"type":"Point","coordinates":[2.289518,41.984361]}},{"type":"Feature","properties":{"id":"EA086","level":0},"geometry":{"type":"Point","coordinates":[1.977478,42.259779]}},{"type":"Feature","properties":{"id":"EA089","level":0},"geometry":{"type":"Point","coordinates":[2.693886,41.738958]}},{"type":"Feature","properties":{"id":"EA093","level":0},"geometry":{"type":"Point","coordinates":[2.022139,41.388788]}},{"type":"Feature","properties":{"id":"EA094","level":0},"geometry":{"type":"Point","coordinates":[1.941234,42.129491]}},{"type":"Feature","properties":{"id":"EA095","level":0},"geometry":{"type":"Point","coordinates":[1.939352,42.140776]}},{"type":"Feature","properties":{"id":"EA096","level":0},"geometry":{"type":"Point","coordinates":[1.860798,42.14576]}},{"type":"Feature","properties":{"id":"EA098","level":0},"geometry":{"type":"Point","coordinates":[1.673106,42.135943]}},{"type":"Feature","properties":{"id":"EA099","level":0},"geometry":{"type":"Point","coordinates":[1.93309,41.484601]}},{"type":"Feature","properties":{"id":"EA101","level":0},"geometry":{"type":"Point","coordinates":[2.264612,42.049547]}},{"type":"Feature","properties":{"id":"EA110","level":0},"geometry":{"type":"Point","coordinates":[1.885336,41.935935]}},{"type":"Feature","properties":{"id":"EA111","level":0},"geometry":{"type":"Point","coordinates":[0.93627,41.253551]}},{"type":"Feature","properties":{"id":"EA112","level":1},"geometry":{"type":"Point","coordinates":[0.922459,41.274316]}},{"type":"Feature","properties":{"id":"EA115","level":0},"geometry":{"type":"Point","coordinates":[2.630485,41.961161]}},{"type":"Feature","properties":{"id":"EA120","level":0},"geometry":{"type":"Point","coordinates":[2.289947,41.983734]}},{"type":"Feature","properties":{"id":"EA121","level":0},"geometry":{"type":"Point","coordinates":[2.991163,42.07686]}},{"type":"Feature","properties":{"id":"EA123","level":0},"geometry":{"type":"Point","coordinates":[2.818842,41.89798]}},{"type":"Feature","properties":{"id":"EA124","level":0},"geometry":{"type":"Point","coordinates":[2.816478,41.898318]}},{"type":"Feature","properties":{"id":"EA125","level":1},"geometry":{"type":"Point","coordinates":[2.917968,42.315518]}},{"type":"Feature","properties":{"id":"EA131","level":1},"geometry":{"type":"Point","coordinates":[3.038219,41.964586]}},{"type":"Feature","properties":{"id":"EA132","level":0},"geometry":{"type":"Point","coordinates":[3.07139,42.025005]}}],"catchments":{"type":"FeatureCollection","features":[{"id":"0","type":"Feature","properties":{"gauge_id":"EA001b"},"geometry":{"type":"Polygon","coordinates":[[[1.6566666666666667,42.255],[1.6350000000000002,42.24666666666667],[1.6341666666666668,42.240833333333335],[1.6275000000000002,42.23833333333334],[1.6216666666666668,42.205000000000005],[1.5958333333333334,42.200833333333335],[1.554166666666667,42.21083333333333],[1.534166666666667,42.20583333333334],[1.5283333333333335,42.2],[1.521666666666667,42.18],[1.5275,42.167500000000004],[1.5366666666666668,42.160833333333336],[1.5400000000000003,42.138333333333335],[1.5483333333333336,42.135000000000005],[1.544166666666667,42.13],[1.5450000000000002,42.10416666666667],[1.5316666666666667,42.094166666666666],[1.5133333333333334,42.08916666666667],[1.5100000000000002,42.07166666666667],[1.5158333333333336,42.05916666666667],[1.5091666666666668,42.045],[1.4925000000000002,42.04333333333334],[1.4858333333333336,42.04833333333334],[1.481666666666667,42.038333333333334],[1.475,42.03666666666667],[1.4725000000000001,42.0225],[1.4641666666666668,42.016666666666666],[1.4725000000000001,41.990833333333335],[1.4900000000000002,41.973333333333336],[1.4891666666666667,41.9575],[1.4833333333333336,41.9525],[1.4958333333333336,41.943333333333335],[1.4941666666666669,41.9275],[1.4991666666666668,41.91916666666667],[1.5383333333333336,41.906666666666666],[1.5483333333333336,41.89666666666667],[1.5600000000000003,41.90083333333334],[1.5808333333333335,41.89333333333334],[1.604166666666667,41.895],[1.61,41.885000000000005],[1.62,41.885000000000005],[1.6225000000000003,41.89083333333333],[1.6450000000000002,41.90416666666667],[1.6550000000000002,41.90083333333334],[1.679166666666667,41.915],[1.6983333333333335,41.92],[1.6950000000000003,41.93],[1.7016666666666669,41.935],[1.709166666666667,41.95666666666667],[1.7200000000000002,41.961666666666666],[1.7108333333333334,41.99166666666667],[1.7125000000000001,42.01166666666667],[1.709166666666667,42.02166666666667],[1.6983333333333335,42.025000000000006],[1.7008333333333336,42.03416666666667],[1.6933333333333336,42.045],[1.7075000000000002,42.068333333333335],[1.7033333333333336,42.07416666666667],[1.7225000000000001,42.09166666666667],[1.7508333333333335,42.087500000000006],[1.7633333333333336,42.09666666666667],[1.7633333333333336,42.10166666666667],[1.7866666666666668,42.10583333333334],[1.7883333333333336,42.12166666666667],[1.784166666666667,42.135000000000005],[1.7766666666666668,42.13916666666667],[1.7783333333333335,42.14833333333333],[1.7675,42.150000000000006],[1.7550000000000001,42.16166666666667],[1.761666666666667,42.178333333333335],[1.7208333333333337,42.19833333333334],[1.7183333333333335,42.218333333333334],[1.7075000000000002,42.22166666666667],[1.7025000000000001,42.240833333333335],[1.6966666666666668,42.24583333333334],[1.6616666666666668,42.25],[1.6566666666666667,42.255]]]}},{"id":"1","type":"Feature","properties":{"gauge_id":"EA004"},"geometry":{"type":"Polygon","coordinates":[[[1.5408333333333335,41.7575],[1.5408333333333335,41.75],[1.534166666666667,41.745],[1.5375000000000003,41.73833333333334],[1.5066666666666668,41.735],[1.501666666666667,41.73166666666667],[1.501666666666667,41.72],[1.491666666666667,41.721666666666664],[1.4883333333333335,41.714166666666664],[1.4675000000000002,41.715833333333336],[1.4641666666666668,41.70333333333333],[1.449166666666667,41.705],[1.4533333333333336,41.69083333333333],[1.4458333333333335,41.67666666666667],[1.449166666666667,41.665],[1.4350000000000003,41.66833333333334],[1.436666666666667,41.659166666666664],[1.4225000000000003,41.65416666666667],[1.424166666666667,41.645],[1.4158333333333335,41.64333333333333],[1.4100000000000004,41.6275],[1.4016666666666668,41.62],[1.3975000000000002,41.608333333333334],[1.4016666666666668,41.59916666666667],[1.3908333333333336,41.5875],[1.3916666666666668,41.57666666666667],[1.4008333333333336,41.56666666666667],[1.3975000000000002,41.56],[1.4075000000000002,41.55166666666667],[1.4450000000000003,41.55083333333334],[1.446666666666667,41.5375],[1.4900000000000002,41.52166666666667],[1.4683333333333335,41.51583333333333],[1.4625000000000004,41.50833333333333],[1.4608333333333337,41.48833333333334],[1.466666666666667,41.4875],[1.4700000000000002,41.47666666666667],[1.4625000000000004,41.47],[1.4550000000000003,41.47083333333333],[1.4508333333333336,41.45916666666667],[1.4533333333333336,41.450833333333335],[1.469166666666667,41.44083333333333],[1.4608333333333337,41.431666666666665],[1.496666666666667,41.43666666666667],[1.5458333333333336,41.46083333333333],[1.5733333333333337,41.443333333333335],[1.581666666666667,41.446666666666665],[1.5858333333333337,41.443333333333335],[1.5908333333333335,41.45],[1.6183333333333336,41.455],[1.6225000000000003,41.45],[1.6475000000000004,41.45333333333333],[1.676666666666667,41.44],[1.7141666666666668,41.4425],[1.7408333333333337,41.43083333333333],[1.769166666666667,41.4375],[1.784166666666667,41.435],[1.7875000000000003,41.44],[1.784166666666667,41.465],[1.794166666666667,41.475833333333334],[1.7883333333333336,41.495],[1.7825000000000002,41.505833333333335],[1.761666666666667,41.51166666666667],[1.7633333333333336,41.535833333333336],[1.7566666666666668,41.55833333333334],[1.7333333333333336,41.58083333333333],[1.7333333333333336,41.6],[1.7483333333333335,41.611666666666665],[1.7475000000000003,41.615833333333335],[1.7175000000000002,41.623333333333335],[1.6925000000000003,41.63583333333333],[1.6875000000000002,41.655833333333334],[1.6800000000000002,41.655833333333334],[1.666666666666667,41.66583333333333],[1.6033333333333335,41.660000000000004],[1.5875000000000004,41.670833333333334],[1.5808333333333335,41.6775],[1.5825000000000002,41.68416666666667],[1.574166666666667,41.689166666666665],[1.579166666666667,41.71],[1.5658333333333336,41.73083333333334],[1.5566666666666669,41.73083333333334],[1.559166666666667,41.748333333333335],[1.5533333333333337,41.75666666666667],[1.5408333333333335,41.7575]],[[1.449166666666667,41.66416666666667],[1.4500000000000002,41.665],[1.4500000000000002,41.66416666666667],[1.449166666666667,41.66416666666667]],[[1.4500000000000002,41.663333333333334],[1.4508333333333336,41.66416666666667],[1.4508333333333336,41.663333333333334],[1.4500000000000002,41.663333333333334]]]}},{"id":"2","type":"Feature","properties":{"gauge_id":"EA007"},"geometry":{"type":"Polygon","coordinates":[[[1.3975000000000002,41.56],[1.3625,41.55416666666667],[1.36,41.54916666666667],[1.3658333333333335,41.538333333333334],[1.3575000000000002,41.53416666666667],[1.3566666666666667,41.528333333333336],[1.3266666666666669,41.517500000000005],[1.32,41.49583333333334],[1.3291666666666668,41.47833333333334],[1.3283333333333334,41.468333333333334],[1.3191666666666668,41.454166666666666],[1.3208333333333335,41.44583333333333],[1.3033333333333335,41.42916666666667],[1.3108333333333335,41.4075],[1.3358333333333334,41.39416666666667],[1.3425,41.380833333333335],[1.3575000000000002,41.373333333333335],[1.3425,41.31416666666667],[1.3216666666666668,41.3025],[1.3125000000000002,41.29],[1.3275000000000001,41.27],[1.3133333333333335,41.25],[1.3358333333333334,41.23083333333334],[1.3391666666666668,41.23583333333333],[1.3550000000000002,41.235],[1.3791666666666669,41.26083333333334],[1.3983333333333334,41.24916666666667],[1.4083333333333334,41.248333333333335],[1.4166666666666667,41.25333333333334],[1.4166666666666667,41.26833333333334],[1.4333333333333336,41.281666666666666],[1.419166666666667,41.30416666666667],[1.4683333333333335,41.336666666666666],[1.4658333333333335,41.350833333333334],[1.4733333333333334,41.355000000000004],[1.4716666666666667,41.36],[1.4658333333333335,41.358333333333334],[1.4608333333333334,41.36916666666667],[1.4525000000000001,41.37083333333334],[1.4466666666666668,41.384166666666665],[1.4358333333333335,41.385000000000005],[1.4275000000000002,41.391666666666666],[1.4241666666666668,41.40833333333334],[1.4691666666666667,41.43833333333333],[1.4508333333333334,41.4575],[1.455,41.47083333333334],[1.4625000000000001,41.47],[1.4700000000000002,41.47666666666667],[1.4666666666666668,41.487500000000004],[1.4608333333333334,41.48833333333334],[1.4625000000000001,41.50833333333333],[1.4683333333333335,41.51583333333333],[1.4900000000000002,41.52166666666667],[1.4466666666666668,41.5375],[1.445,41.55083333333334],[1.4075000000000002,41.55166666666667],[1.3975000000000002,41.56]]]}},{"id":"3","type":"Feature","properties":{"gauge_id":"EA008"},"geometry":{"type":"Polygon","coordinates":[[[1.5458333333333334,41.46083333333333],[1.4966666666666668,41.43666666666667],[1.4600000000000002,41.431666666666665],[1.4425000000000001,41.42333333333333],[1.4241666666666668,41.40833333333333],[1.4275000000000002,41.391666666666666],[1.4358333333333335,41.385],[1.4466666666666668,41.384166666666665],[1.4525000000000001,41.37083333333333],[1.4608333333333334,41.369166666666665],[1.4658333333333335,41.358333333333334],[1.471666666666667,41.36],[1.4733333333333334,41.355],[1.4933333333333334,41.35666666666667],[1.5041666666666669,41.345],[1.5141666666666669,41.35],[1.5258333333333334,41.33833333333333],[1.534166666666667,41.33833333333333],[1.5383333333333336,41.34583333333333],[1.5650000000000002,41.34166666666667],[1.5741666666666667,41.3325],[1.5733333333333335,41.305],[1.5783333333333336,41.295],[1.6033333333333335,41.284166666666664],[1.6041666666666667,41.26416666666667],[1.62,41.248333333333335],[1.6258333333333335,41.26083333333333],[1.6391666666666669,41.26583333333333],[1.6608333333333336,41.291666666666664],[1.685,41.291666666666664],[1.6875000000000002,41.2825],[1.6941666666666668,41.280833333333334],[1.6925000000000001,41.310833333333335],[1.6991666666666667,41.3275],[1.6966666666666668,41.34166666666667],[1.7041666666666668,41.35166666666667],[1.7016666666666669,41.35916666666667],[1.6900000000000002,41.365833333333335],[1.689166666666667,41.37916666666667],[1.7016666666666669,41.384166666666665],[1.6925000000000001,41.39416666666666],[1.6800000000000002,41.395],[1.6716666666666669,41.405833333333334],[1.6525,41.413333333333334],[1.6358333333333335,41.42666666666667],[1.6325,41.4425],[1.6183333333333334,41.455],[1.5908333333333335,41.45],[1.5858333333333334,41.443333333333335],[1.5825000000000002,41.446666666666665],[1.5733333333333335,41.443333333333335],[1.5458333333333334,41.46083333333333]]]}},{"id":"4","type":"Feature","properties":{"gauge_id":"EA009"},"geometry":{"type":"Polygon","coordinates":[[[2.5566666666666666,42.12583333333333],[2.5458333333333334,42.12],[2.5541666666666667,42.0975],[2.566666666666667,42.08833333333333],[2.575833333333333,42.071666666666665],[2.591666666666667,42.0625],[2.6016666666666666,42.06333333333333],[2.611666666666667,42.045833333333334],[2.611666666666667,42.02916666666667],[2.6341666666666668,42.030833333333334],[2.674166666666667,42.01166666666666],[2.6983333333333333,42.01083333333333],[2.7066666666666666,42.00416666666666],[2.7158333333333333,42.005],[2.7233333333333336,42.01583333333333],[2.7283333333333335,42.015],[2.729166666666667,42.03],[2.6958333333333333,42.03666666666667],[2.689166666666667,42.04666666666667],[2.6766666666666667,42.05166666666667],[2.674166666666667,42.08416666666667],[2.631666666666667,42.08833333333333],[2.6325000000000003,42.096666666666664],[2.6275,42.10166666666667],[2.6075,42.1075],[2.6041666666666665,42.11333333333333],[2.5833333333333335,42.11333333333333],[2.5733333333333333,42.125],[2.5566666666666666,42.12583333333333]]]}},{"id":"5","type":"Feature","properties":{"gauge_id":"EA010"},"geometry":{"type":"MultiPolygon","coordinates":[[[[1.9358333333333335,42.30583333333334],[1.9641666666666668,42.32750000000001],[1.981666666666667,42.32750000000001],[1.9950000000000003,42.340833333333336],[2.0158333333333336,42.34666666666667],[2.0233333333333334,42.35666666666667],[2.0600000000000005,42.35833333333334],[2.0716666666666668,42.36583333333334],[2.086666666666667,42.36333333333334],[2.089166666666667,42.374166666666675],[2.116666666666667,42.38333333333334],[2.115,42.395],[2.1225000000000005,42.39750000000001],[2.1258333333333335,42.410833333333336],[2.1575,42.42416666666667],[2.204166666666667,42.41666666666667],[2.214166666666667,42.42333333333334],[2.2475000000000005,42.43000000000001],[2.2575000000000003,42.43916666666667],[2.2950000000000004,42.42333333333334],[2.3058333333333336,42.43000000000001],[2.3150000000000004,42.429166666666674],[2.324166666666667,42.41833333333334],[2.3458333333333337,42.41666666666667],[2.3475,42.40833333333334],[2.3625000000000003,42.4025],[2.381666666666667,42.40166666666667],[2.4133333333333336,42.39166666666667],[2.4333333333333336,42.39416666666667],[2.4350000000000005,42.37666666666667],[2.4450000000000003,42.370000000000005],[2.4558333333333335,42.370000000000005],[2.4575000000000005,42.36333333333334],[2.4308333333333336,42.35083333333334],[2.4275,42.326666666666675],[2.411666666666667,42.322500000000005],[2.381666666666667,42.30250000000001],[2.3833333333333337,42.29500000000001],[2.3958333333333335,42.290000000000006],[2.39,42.279166666666676],[2.3758333333333335,42.27],[2.3758333333333335,42.2625],[2.3833333333333337,42.255],[2.344166666666667,42.241666666666674],[2.3433333333333337,42.21833333333334],[2.3333333333333335,42.21333333333334],[2.3333333333333335,42.205000000000005],[2.3458333333333337,42.20333333333334],[2.346666666666667,42.19500000000001],[2.3558333333333334,42.194166666666675],[2.3583333333333334,42.18833333333334],[2.3533333333333335,42.171666666666674],[2.339166666666667,42.16916666666667],[2.336666666666667,42.16166666666667],[2.341666666666667,42.15166666666667],[2.3500000000000005,42.14833333333334],[2.3508333333333336,42.138333333333335],[2.3800000000000003,42.12500000000001],[2.374166666666667,42.11916666666667],[2.376666666666667,42.10583333333334],[2.416666666666667,42.102500000000006],[2.416666666666667,42.09250000000001],[2.406666666666667,42.07750000000001],[2.4175000000000004,42.06583333333334],[2.4725,42.061666666666675],[2.4850000000000003,42.06416666666667],[2.4775,42.07416666666667],[2.480833333333334,42.08583333333334],[2.4725,42.10583333333334],[2.4925,42.12083333333334],[2.4866666666666672,42.13583333333334],[2.5183333333333335,42.13],[2.535,42.13250000000001],[2.5516666666666667,42.12166666666667],[2.556666666666667,42.12583333333334],[2.5733333333333337,42.12500000000001],[2.583333333333334,42.11333333333334],[2.604166666666667,42.11333333333334],[2.6075000000000004,42.10750000000001],[2.6275000000000004,42.101666666666674],[2.6325000000000003,42.09666666666667],[2.631666666666667,42.08833333333334],[2.6850000000000005,42.083333333333336],[2.6883333333333335,42.065000000000005],[2.7175000000000002,42.07333333333334],[2.744166666666667,42.07083333333334],[2.761666666666667,42.050000000000004],[2.759166666666667,42.04583333333334],[2.766666666666667,42.0275],[2.779166666666667,42.02666666666667],[2.779166666666667,42.02250000000001],[2.796666666666667,42.017500000000005],[2.819166666666667,41.991666666666674],[2.824166666666667,41.96333333333334],[2.8100000000000005,41.94166666666667],[2.779166666666667,41.92083333333334],[2.751666666666667,41.93000000000001],[2.711666666666667,41.93166666666667],[2.7125000000000004,41.95],[2.686666666666667,41.9575],[2.6808333333333336,41.94166666666667],[2.671666666666667,41.94333333333334],[2.669166666666667,41.93583333333334],[2.6450000000000005,41.91833333333334],[2.616666666666667,41.92333333333334],[2.610833333333334,41.91166666666667],[2.589166666666667,41.91250000000001],[2.5825000000000005,41.90166666666667],[2.5675000000000003,41.89750000000001],[2.555,41.90666666666667],[2.544166666666667,41.90833333333334],[2.5358333333333336,41.89833333333334],[2.524166666666667,41.90083333333334],[2.5250000000000004,41.89166666666667],[2.5175,41.8875],[2.521666666666667,41.8725],[2.4750000000000005,41.87666666666667],[2.469166666666667,41.870000000000005],[2.454166666666667,41.870000000000005],[2.451666666666667,41.862500000000004],[2.4375000000000004,41.86000000000001],[2.424166666666667,41.837500000000006],[2.4108333333333336,41.83083333333334],[2.396666666666667,41.80583333333334],[2.3875,41.80500000000001],[2.380833333333334,41.81],[2.371666666666667,41.804166666666674],[2.3550000000000004,41.807500000000005],[2.349166666666667,41.81666666666667],[2.331666666666667,41.82333333333334],[2.305,41.81666666666667],[2.2858333333333336,41.825833333333335],[2.276666666666667,41.819166666666675],[2.2616666666666667,41.84250000000001],[2.2475000000000005,41.85333333333334],[2.2425,41.84666666666667],[2.2208333333333337,41.847500000000004],[2.2208333333333337,41.84416666666667],[2.201666666666667,41.84250000000001],[2.1975000000000002,41.84666666666667],[2.179166666666667,41.84416666666667],[2.1708333333333334,41.847500000000004],[2.1708333333333334,41.83916666666667],[2.159166666666667,41.84],[2.1558333333333337,41.845000000000006],[2.136666666666667,41.84416666666667],[2.1325000000000003,41.847500000000004],[2.1325000000000003,41.859166666666674],[2.146666666666667,41.895833333333336],[2.1325000000000003,41.92583333333334],[2.139166666666667,41.93083333333334],[2.141666666666667,41.94083333333334],[2.1350000000000002,41.955000000000005],[2.1408333333333336,41.970000000000006],[2.151666666666667,41.976666666666674],[2.16,41.991666666666674],[2.1483333333333334,42.00083333333334],[2.1500000000000004,42.006666666666675],[2.136666666666667,42.02666666666667],[2.124166666666667,42.03000000000001],[2.130833333333334,42.042500000000004],[2.1225000000000005,42.05166666666667],[2.12,42.06666666666667],[2.1258333333333335,42.07750000000001],[2.1383333333333336,42.08083333333334],[2.1358333333333337,42.09],[2.1425,42.091666666666676],[2.1433333333333335,42.09666666666667],[2.1325000000000003,42.097500000000004],[2.1275000000000004,42.10750000000001],[2.099166666666667,42.1225],[2.101666666666667,42.14083333333334],[2.0925000000000002,42.145],[2.1133333333333337,42.167500000000004],[2.1008333333333336,42.16666666666667],[2.0933333333333337,42.17833333333334],[2.095,42.18166666666667],[2.088333333333334,42.186666666666675],[2.091666666666667,42.201666666666675],[2.0825000000000005,42.215833333333336],[2.0500000000000003,42.21916666666667],[2.049166666666667,42.24000000000001],[2.041666666666667,42.24250000000001],[2.0425000000000004,42.255],[2.0533333333333337,42.256666666666675],[2.0525,42.267500000000005],[2.059166666666667,42.27],[2.0650000000000004,42.28083333333334],[2.08,42.285833333333336],[2.0233333333333334,42.30916666666667],[1.9550000000000003,42.29416666666667],[1.9358333333333335,42.30583333333334]]],[[[1.9358333333333335,42.304166666666674],[1.9350000000000003,42.30333333333334],[1.9350000000000003,42.304166666666674],[1.9358333333333335,42.304166666666674]]]]}},{"id":"6","type":"Feature","properties":{"gauge_id":"EA012"},"geometry":{"type":"Polygon","coordinates":[[[2.7225,42.42333333333334],[2.6950000000000003,42.407500000000006],[2.673333333333334,42.40500000000001],[2.670833333333334,42.38833333333334],[2.6525000000000003,42.389166666666675],[2.6583333333333337,42.37666666666667],[2.6425000000000005,42.35833333333334],[2.611666666666667,42.35416666666667],[2.5625000000000004,42.36166666666667],[2.561666666666667,42.35583333333334],[2.584166666666667,42.34583333333334],[2.610833333333334,42.34333333333334],[2.626666666666667,42.32916666666667],[2.64,42.32916666666667],[2.636666666666667,42.31666666666667],[2.6550000000000002,42.319166666666675],[2.66,42.29833333333334],[2.666666666666667,42.29416666666667],[2.690833333333334,42.296666666666674],[2.7125000000000004,42.289166666666674],[2.726666666666667,42.29500000000001],[2.7500000000000004,42.29083333333334],[2.7733333333333334,42.29500000000001],[2.795833333333334,42.30500000000001],[2.8025,42.31250000000001],[2.8150000000000004,42.311666666666675],[2.8133333333333335,42.32583333333334],[2.8400000000000003,42.32083333333334],[2.8483333333333336,42.334166666666675],[2.8600000000000003,42.334166666666675],[2.865,42.33916666666667],[2.865,42.34583333333334],[2.8483333333333336,42.347500000000004],[2.836666666666667,42.352500000000006],[2.831666666666667,42.362500000000004],[2.809166666666667,42.36833333333334],[2.806666666666667,42.381666666666675],[2.8025,42.381666666666675],[2.801666666666667,42.40166666666667],[2.7900000000000005,42.410000000000004],[2.789166666666667,42.417500000000004],[2.7658333333333336,42.411666666666676],[2.7225,42.42333333333334]]]}},{"id":"7","type":"Feature","properties":{"gauge_id":"EA013"},"geometry":{"type":"Polygon","coordinates":[[[2.494166666666667,42.193333333333335],[2.4783333333333335,42.17916666666667],[2.454166666666667,42.17333333333333],[2.4491666666666667,42.18166666666667],[2.4325,42.18416666666667],[2.4066666666666667,42.1775],[2.3975000000000004,42.167500000000004],[2.3833333333333337,42.16583333333333],[2.3533333333333335,42.1725],[2.339166666666667,42.16916666666667],[2.336666666666667,42.16166666666667],[2.341666666666667,42.15166666666667],[2.35,42.14833333333333],[2.3508333333333336,42.138333333333335],[2.3800000000000003,42.125],[2.374166666666667,42.11916666666667],[2.3775000000000004,42.105000000000004],[2.416666666666667,42.1025],[2.416666666666667,42.0925],[2.4066666666666667,42.07833333333333],[2.411666666666667,42.06916666666667],[2.424166666666667,42.06333333333333],[2.4850000000000003,42.064166666666665],[2.4775,42.07416666666667],[2.4808333333333334,42.08583333333333],[2.4725,42.10583333333334],[2.4925,42.12083333333334],[2.486666666666667,42.13583333333334],[2.5183333333333335,42.13],[2.5308333333333337,42.1325],[2.5283333333333338,42.14416666666667],[2.536666666666667,42.153333333333336],[2.535,42.16666666666667],[2.5283333333333338,42.175000000000004],[2.519166666666667,42.1775],[2.5083333333333337,42.19166666666667],[2.494166666666667,42.193333333333335]]]}},{"id":"8","type":"Feature","properties":{"gauge_id":"EA014"},"geometry":{"type":"Polygon","coordinates":[[[0.9216666666666666,41.185],[0.9033333333333333,41.1775],[0.9041666666666667,41.163333333333334],[0.8891666666666667,41.13916666666667],[0.8975,41.11333333333334],[0.915,41.127500000000005],[0.925,41.127500000000005],[0.9325,41.13333333333333],[0.9375,41.155],[0.945,41.160833333333336],[0.9341666666666667,41.17666666666667],[0.9216666666666666,41.185]]]}},{"id":"9","type":"Feature","properties":{"gauge_id":"EA015"},"geometry":{"type":"Polygon","coordinates":[[[2.3775000000000004,41.81],[2.371666666666667,41.80416666666667],[2.354166666666667,41.80833333333334],[2.3433333333333337,41.79916666666667],[2.3425000000000002,41.79],[2.3283333333333336,41.78666666666667],[2.3283333333333336,41.775000000000006],[2.3383333333333334,41.76416666666667],[2.3383333333333334,41.7575],[2.351666666666667,41.74583333333334],[2.3783333333333334,41.73916666666667],[2.3883333333333336,41.71083333333333],[2.4066666666666667,41.700833333333335],[2.4275,41.67333333333334],[2.4375000000000004,41.66916666666667],[2.4358333333333335,41.665],[2.4483333333333337,41.645],[2.481666666666667,41.64083333333333],[2.486666666666667,41.63666666666667],[2.4825000000000004,41.627500000000005],[2.4875000000000003,41.625],[2.529166666666667,41.62833333333334],[2.5500000000000003,41.66166666666667],[2.5300000000000002,41.655833333333334],[2.495,41.665],[2.4875000000000003,41.68666666666667],[2.4708333333333337,41.695],[2.431666666666667,41.73166666666667],[2.4266666666666667,41.760000000000005],[2.4383333333333335,41.77333333333333],[2.4333333333333336,41.781666666666666],[2.444166666666667,41.78916666666667],[2.443333333333334,41.79916666666667],[2.4275,41.805],[2.404166666666667,41.80166666666667],[2.3775000000000004,41.81]]]}},{"id":"10","type":"Feature","properties":{"gauge_id":"EA016"},"geometry":{"type":"Polygon","coordinates":[[[2.4575,42.36416666666667],[2.4308333333333336,42.350833333333334],[2.4275,42.32666666666667],[2.4116666666666666,42.322500000000005],[2.381666666666667,42.3025],[2.3833333333333333,42.295],[2.3958333333333335,42.290000000000006],[2.39,42.27916666666667],[2.3758333333333335,42.27],[2.3758333333333335,42.2625],[2.3833333333333333,42.255],[2.3441666666666667,42.24166666666667],[2.3433333333333333,42.218333333333334],[2.3333333333333335,42.21333333333334],[2.3333333333333335,42.205000000000005],[2.3458333333333337,42.20333333333333],[2.3466666666666667,42.195],[2.3558333333333334,42.19416666666667],[2.3583333333333334,42.18833333333333],[2.3533333333333335,42.17166666666667],[2.336666666666667,42.167500000000004],[2.341666666666667,42.15166666666667],[2.35,42.14833333333333],[2.3508333333333336,42.138333333333335],[2.3800000000000003,42.125],[2.374166666666667,42.11916666666667],[2.3775,42.105000000000004],[2.416666666666667,42.102500000000006],[2.416666666666667,42.0925],[2.4066666666666667,42.0775],[2.4175,42.06583333333334],[2.4608333333333334,42.06166666666667],[2.4850000000000003,42.06416666666667],[2.4775,42.07416666666667],[2.4808333333333334,42.08583333333333],[2.4725,42.10583333333334],[2.4925,42.12083333333334],[2.486666666666667,42.13583333333334],[2.5183333333333335,42.13],[2.535,42.1325],[2.5516666666666667,42.12166666666667],[2.5566666666666666,42.12583333333333],[2.5733333333333337,42.125],[2.5833333333333335,42.11333333333334],[2.604166666666667,42.11333333333334],[2.6075,42.1075],[2.6275000000000004,42.10166666666667],[2.6325000000000003,42.09666666666667],[2.631666666666667,42.08833333333334],[2.6858333333333335,42.083333333333336],[2.694166666666667,42.09583333333334],[2.7008333333333336,42.09583333333334],[2.7008333333333336,42.10166666666667],[2.7108333333333334,42.112500000000004],[2.725,42.11916666666667],[2.726666666666667,42.135000000000005],[2.734166666666667,42.13666666666667],[2.736666666666667,42.14416666666667],[2.7483333333333335,42.14833333333333],[2.751666666666667,42.145],[2.7800000000000002,42.14833333333333],[2.7858333333333336,42.16416666666667],[2.8000000000000003,42.175000000000004],[2.8008333333333333,42.18333333333334],[2.7883333333333336,42.1875],[2.785,42.21083333333333],[2.77,42.219166666666666],[2.7633333333333336,42.22916666666667],[2.7625,42.245000000000005],[2.7533333333333334,42.245000000000005],[2.7408333333333337,42.25416666666667],[2.7083333333333335,42.25833333333333],[2.709166666666667,42.26833333333334],[2.6933333333333334,42.274166666666666],[2.6908333333333334,42.27916666666667],[2.691666666666667,42.295833333333334],[2.661666666666667,42.29666666666667],[2.6550000000000002,42.31916666666667],[2.6366666666666667,42.31666666666667],[2.64,42.32916666666667],[2.626666666666667,42.32916666666667],[2.6108333333333333,42.343333333333334],[2.584166666666667,42.34583333333334],[2.566666666666667,42.35583333333334],[2.555,42.35416666666667],[2.5533333333333337,42.344166666666666],[2.544166666666667,42.34],[2.5433333333333334,42.33416666666667],[2.524166666666667,42.33416666666667],[2.501666666666667,42.343333333333334],[2.4825,42.34],[2.466666666666667,42.36166666666667],[2.4575,42.36416666666667]]]}},{"id":"11","type":"Feature","properties":{"gauge_id":"EA020"},"geometry":{"type":"Polygon","coordinates":[[[2.895833333333334,41.98666666666667],[2.8775000000000004,41.980000000000004],[2.8675000000000006,41.98500000000001],[2.8683333333333336,41.973333333333336],[2.849166666666667,41.980000000000004],[2.8233333333333337,41.97583333333334],[2.824166666666667,41.96333333333334],[2.813333333333334,41.94500000000001],[2.7825000000000006,41.921666666666674],[2.7458333333333336,41.93083333333334],[2.711666666666667,41.93166666666667],[2.7125000000000004,41.95],[2.686666666666667,41.9575],[2.6808333333333336,41.94166666666667],[2.671666666666667,41.943333333333335],[2.669166666666667,41.935833333333335],[2.6450000000000005,41.91833333333334],[2.616666666666667,41.92333333333334],[2.6133333333333337,41.91583333333334],[2.6333333333333337,41.910000000000004],[2.659166666666667,41.89166666666667],[2.676666666666667,41.8875],[2.6833333333333336,41.87666666666667],[2.6983333333333337,41.870000000000005],[2.7275000000000005,41.870000000000005],[2.734166666666667,41.86416666666667],[2.7550000000000003,41.86833333333334],[2.7583333333333337,41.859166666666674],[2.774166666666667,41.85583333333334],[2.774166666666667,41.85083333333334],[2.7808333333333337,41.847500000000004],[2.8125000000000004,41.85333333333334],[2.834166666666667,41.80583333333334],[2.851666666666667,41.807500000000005],[2.8550000000000004,41.804166666666674],[2.854166666666667,41.789166666666674],[2.8616666666666672,41.78416666666667],[2.878333333333334,41.78333333333334],[2.8875,41.77666666666667],[2.919166666666667,41.77250000000001],[2.9225000000000003,41.78416666666667],[2.914166666666667,41.79416666666667],[2.9150000000000005,41.81250000000001],[2.9083333333333337,41.81666666666667],[2.9108333333333336,41.825833333333335],[2.921666666666667,41.83416666666667],[2.9575000000000005,41.84166666666667],[2.958333333333334,41.852500000000006],[2.9700000000000006,41.86916666666667],[2.981666666666667,41.870000000000005],[2.981666666666667,41.881666666666675],[2.989166666666667,41.888333333333335],[2.9733333333333336,41.88416666666667],[2.9425000000000003,41.888333333333335],[2.938333333333334,41.89833333333334],[2.9250000000000003,41.90083333333334],[2.9083333333333337,41.91166666666667],[2.9083333333333337,41.92083333333334],[2.9150000000000005,41.929166666666674],[2.9108333333333336,41.94083333333334],[2.9033333333333338,41.944166666666675],[2.9050000000000002,41.962500000000006],[2.8950000000000005,41.97416666666667],[2.900833333333334,41.98166666666667],[2.895833333333334,41.98666666666667]]]}},{"id":"12","type":"Feature","properties":{"gauge_id":"EA023"},"geometry":{"type":"Polygon","coordinates":[[[1.8933333333333335,42.32],[1.8783333333333334,42.31333333333333],[1.85,42.31166666666667],[1.8275000000000001,42.30083333333334],[1.804166666666667,42.3025],[1.7975000000000003,42.295],[1.7800000000000002,42.29083333333333],[1.7433333333333336,42.2925],[1.7366666666666668,42.284166666666664],[1.7125000000000001,42.28333333333333],[1.6900000000000002,42.276666666666664],[1.6908333333333334,42.263333333333335],[1.6850000000000003,42.259166666666665],[1.6900000000000002,42.248333333333335],[1.6616666666666668,42.25],[1.6566666666666667,42.255],[1.6350000000000002,42.24666666666667],[1.6341666666666668,42.240833333333335],[1.6275000000000002,42.23833333333334],[1.6241666666666668,42.2075],[1.6116666666666668,42.20166666666667],[1.5958333333333334,42.200833333333335],[1.5566666666666669,42.21083333333333],[1.534166666666667,42.20583333333333],[1.5208333333333335,42.185],[1.5275,42.1675],[1.5366666666666668,42.160833333333336],[1.5400000000000003,42.138333333333335],[1.5483333333333336,42.135],[1.544166666666667,42.13],[1.5450000000000002,42.104166666666664],[1.5316666666666667,42.094166666666666],[1.5133333333333334,42.089166666666664],[1.5100000000000002,42.071666666666665],[1.5158333333333336,42.05916666666667],[1.5091666666666668,42.045],[1.4925000000000002,42.04333333333334],[1.4858333333333336,42.04833333333333],[1.481666666666667,42.038333333333334],[1.475,42.03666666666667],[1.4725000000000001,42.0225],[1.4641666666666668,42.016666666666666],[1.4725000000000001,41.990833333333335],[1.4900000000000002,41.973333333333336],[1.4891666666666667,41.9575],[1.4833333333333336,41.9525],[1.4958333333333336,41.943333333333335],[1.4941666666666669,41.9275],[1.4991666666666668,41.91916666666667],[1.5308333333333335,41.910000000000004],[1.5416666666666667,41.9],[1.5566666666666669,41.895833333333336],[1.5566666666666669,41.86333333333334],[1.5491666666666668,41.855],[1.5516666666666667,41.844166666666666],[1.534166666666667,41.83416666666667],[1.5491666666666668,41.810833333333335],[1.5675000000000001,41.80416666666667],[1.5658333333333334,41.79083333333333],[1.5766666666666669,41.78916666666667],[1.5725000000000002,41.781666666666666],[1.5750000000000002,41.77166666666667],[1.5575,41.77],[1.5533333333333335,41.755833333333335],[1.5608333333333335,41.745],[1.5566666666666669,41.73083333333334],[1.5658333333333334,41.73083333333334],[1.5791666666666668,41.71],[1.574166666666667,41.689166666666665],[1.5825000000000002,41.68416666666667],[1.5808333333333335,41.6775],[1.6033333333333335,41.660000000000004],[1.666666666666667,41.66583333333333],[1.6800000000000002,41.655833333333334],[1.6875000000000002,41.655833333333334],[1.6925000000000001,41.63583333333333],[1.7483333333333335,41.6125],[1.7625000000000002,41.611666666666665],[1.7575000000000003,41.645],[1.7750000000000001,41.655],[1.7883333333333336,41.653333333333336],[1.8008333333333335,41.659166666666664],[1.8441666666666667,41.65833333333333],[1.8533333333333335,41.653333333333336],[1.8558333333333334,41.645833333333336],[1.8716666666666668,41.645833333333336],[1.8833333333333335,41.65083333333333],[1.8983333333333334,41.666666666666664],[1.9116666666666668,41.670833333333334],[1.929166666666667,41.6575],[1.9341666666666668,41.65833333333333],[1.936666666666667,41.64833333333333],[1.9708333333333337,41.64416666666666],[1.9725000000000001,41.66416666666667],[1.9866666666666668,41.663333333333334],[1.9925000000000002,41.670833333333334],[2.0108333333333337,41.67916666666667],[2.0091666666666668,41.6925],[2.019166666666667,41.695],[2.0208333333333335,41.7075],[2.029166666666667,41.71083333333333],[2.0316666666666667,41.7175],[2.0516666666666667,41.711666666666666],[2.069166666666667,41.715833333333336],[2.0875000000000004,41.70916666666667],[2.0983333333333336,41.71083333333333],[2.1008333333333336,41.7175],[2.0958333333333337,41.72416666666667],[2.1008333333333336,41.740833333333335],[2.1100000000000003,41.75],[2.1233333333333335,41.74916666666667],[2.1425,41.75833333333333],[2.1533333333333333,41.7775],[2.1683333333333334,41.788333333333334],[2.1700000000000004,41.80166666666667],[2.185,41.81333333333333],[2.185,41.82083333333333],[2.1933333333333334,41.83],[2.174166666666667,41.847500000000004],[2.169166666666667,41.84583333333333],[2.1708333333333334,41.839166666666664],[2.1325000000000003,41.847500000000004],[2.1325000000000003,41.85916666666667],[2.146666666666667,41.89083333333333],[2.1325000000000003,41.92583333333334],[2.139166666666667,41.93083333333333],[2.1416666666666666,41.94083333333333],[2.1350000000000002,41.955],[2.1408333333333336,41.97],[2.151666666666667,41.97666666666667],[2.16,41.99166666666667],[2.1483333333333334,42.00083333333333],[2.1500000000000004,42.00666666666667],[2.1366666666666667,42.026666666666664],[2.124166666666667,42.03],[2.1308333333333334,42.0425],[2.1225,42.05166666666667],[2.12,42.06666666666667],[2.1258333333333335,42.0775],[2.1383333333333336,42.08083333333333],[2.1358333333333337,42.09],[2.1425,42.09166666666667],[2.1433333333333335,42.096666666666664],[2.1325000000000003,42.097500000000004],[2.1275000000000004,42.1075],[2.099166666666667,42.1225],[2.101666666666667,42.14083333333333],[2.0925000000000002,42.14333333333333],[2.1133333333333333,42.1675],[2.1008333333333336,42.166666666666664],[2.0933333333333337,42.178333333333335],[2.095,42.181666666666665],[2.088333333333334,42.18666666666667],[2.091666666666667,42.20166666666667],[2.0825000000000005,42.215833333333336],[2.0500000000000003,42.219166666666666],[2.049166666666667,42.24],[2.041666666666667,42.2425],[2.0425000000000004,42.255],[2.0533333333333337,42.25666666666667],[2.0525,42.2675],[2.059166666666667,42.27],[2.0650000000000004,42.280833333333334],[2.08,42.285833333333336],[2.0233333333333334,42.30916666666667],[1.9541666666666668,42.29416666666667],[1.9466666666666668,42.3025],[1.9208333333333336,42.30416666666667],[1.9058333333333335,42.318333333333335],[1.8933333333333335,42.32]]]}},{"id":"13","type":"Feature","properties":{"gauge_id":"EA026"},"geometry":{"type":"Polygon","coordinates":[[[2.3775000000000004,41.81],[2.371666666666667,41.80416666666667],[2.354166666666667,41.80833333333334],[2.3433333333333337,41.79916666666667],[2.3425000000000002,41.79],[2.3283333333333336,41.78666666666667],[2.3283333333333336,41.775000000000006],[2.346666666666667,41.74916666666667],[2.381666666666667,41.73916666666667],[2.399166666666667,41.75083333333333],[2.399166666666667,41.763333333333335],[2.4033333333333338,41.767500000000005],[2.4158333333333335,41.76583333333333],[2.4275,41.77166666666667],[2.444166666666667,41.79083333333334],[2.443333333333334,41.79916666666667],[2.4333333333333336,41.80416666666667],[2.41,41.80083333333334],[2.3775000000000004,41.81]]]}},{"id":"14","type":"Feature","properties":{"gauge_id":"EA027"},"geometry":{"type":"MultiPolygon","coordinates":[[[[2.3975,41.94416666666667],[2.4158333333333335,41.95166666666667],[2.4158333333333335,41.961666666666666],[2.4208333333333334,41.965833333333336],[2.43,41.96333333333334],[2.44,41.95],[2.4516666666666667,41.94583333333333],[2.4516666666666667,41.935],[2.47,41.9275],[2.479166666666667,41.91583333333334],[2.475,41.91666666666667],[2.4558333333333335,41.895833333333336],[2.4466666666666668,41.895833333333336],[2.4475000000000002,41.888333333333335],[2.456666666666667,41.87916666666667],[2.4483333333333337,41.87166666666667],[2.4516666666666667,41.862500000000004],[2.4358333333333335,41.858333333333334],[2.4308333333333336,41.845000000000006],[2.4058333333333337,41.82416666666667],[2.4008333333333334,41.80833333333334],[2.3875,41.805],[2.3775,41.81],[2.371666666666667,41.80416666666667],[2.355,41.807500000000005],[2.3491666666666666,41.81666666666667],[2.3375000000000004,41.81916666666667],[2.3266666666666667,41.82833333333333],[2.3283333333333336,41.84666666666667],[2.319166666666667,41.85916666666667],[2.3208333333333333,41.875],[2.335,41.885000000000005],[2.3466666666666667,41.91583333333334],[2.3625000000000003,41.92583333333334],[2.365,41.935833333333335],[2.3908333333333336,41.935],[2.3975,41.94416666666667]],[[2.4066666666666667,41.945],[2.4075,41.94416666666667],[2.4075,41.945],[2.4066666666666667,41.945]]],[[[2.3683333333333336,41.935833333333335],[2.3691666666666666,41.93666666666667],[2.3691666666666666,41.935833333333335],[2.3683333333333336,41.935833333333335]]]]}},{"id":"15","type":"Feature","properties":{"gauge_id":"EA028"},"geometry":{"type":"Polygon","coordinates":[[[1.2841666666666667,41.51083333333334],[1.2608333333333333,41.491666666666674],[1.2033333333333334,41.49666666666667],[1.1916666666666667,41.49],[1.1691666666666667,41.49],[1.1616666666666666,41.483333333333334],[1.1375,41.4825],[1.1108333333333333,41.46833333333334],[1.0808333333333333,41.465],[1.0641666666666667,41.45666666666667],[1.0566666666666666,41.44416666666667],[1.0458333333333334,41.44166666666667],[1.0441666666666667,41.435],[1.0341666666666667,41.436666666666675],[1.0258333333333334,41.4275],[0.9991666666666666,41.41666666666667],[1.0066666666666666,41.40583333333334],[0.9933333333333334,41.39416666666667],[0.9925,41.388333333333335],[0.9808333333333333,41.39083333333334],[0.9733333333333334,41.38416666666667],[0.9725,41.374166666666675],[0.9633333333333334,41.366666666666674],[0.9625,41.35583333333334],[0.9575,41.355000000000004],[0.9616666666666667,41.34416666666667],[0.9983333333333333,41.33583333333334],[1.0033333333333334,41.325833333333335],[1.0150000000000001,41.32916666666667],[1.0616666666666668,41.325833333333335],[1.0725,41.34],[1.0891666666666666,41.3425],[1.0875,41.355000000000004],[1.1116666666666668,41.36333333333334],[1.145,41.36416666666667],[1.155,41.373333333333335],[1.1875,41.36333333333334],[1.1958333333333333,41.352500000000006],[1.2258333333333333,41.34916666666667],[1.2283333333333335,41.36833333333334],[1.2591666666666668,41.38416666666667],[1.2633333333333334,41.395833333333336],[1.2608333333333333,41.40666666666667],[1.2741666666666667,41.40916666666667],[1.2908333333333335,41.42583333333334],[1.3058333333333334,41.429166666666674],[1.3083333333333333,41.43750000000001],[1.3208333333333333,41.44583333333334],[1.3191666666666668,41.45416666666667],[1.3291666666666666,41.47416666666667],[1.3208333333333333,41.50333333333334],[1.3075,41.50416666666667],[1.3033333333333335,41.51083333333334],[1.2841666666666667,41.51083333333334]]]}},{"id":"16","type":"Feature","properties":{"gauge_id":"EA033"},"geometry":{"type":"MultiPolygon","coordinates":[[[[1.9358333333333335,42.30583333333334],[1.9641666666666668,42.32750000000001],[1.981666666666667,42.32750000000001],[1.9950000000000003,42.340833333333336],[2.0158333333333336,42.34666666666667],[2.0233333333333334,42.35666666666667],[2.0600000000000005,42.35833333333334],[2.0716666666666668,42.36583333333334],[2.086666666666667,42.36333333333334],[2.089166666666667,42.374166666666675],[2.116666666666667,42.38333333333334],[2.115,42.395],[2.1225000000000005,42.39750000000001],[2.131666666666667,42.41583333333334],[2.1675000000000004,42.425000000000004],[2.18,42.41833333333334],[2.204166666666667,42.41666666666667],[2.214166666666667,42.42333333333334],[2.2475000000000005,42.43000000000001],[2.255833333333334,42.43916666666667],[2.2950000000000004,42.42333333333334],[2.3058333333333336,42.43000000000001],[2.3150000000000004,42.429166666666674],[2.324166666666667,42.41833333333334],[2.3458333333333337,42.41666666666667],[2.3475,42.40833333333334],[2.3625000000000003,42.4025],[2.381666666666667,42.40166666666667],[2.4133333333333336,42.39166666666667],[2.4333333333333336,42.39416666666667],[2.4350000000000005,42.37666666666667],[2.4450000000000003,42.370000000000005],[2.4558333333333335,42.370000000000005],[2.4575000000000005,42.36583333333334],[2.4308333333333336,42.35083333333334],[2.4275,42.326666666666675],[2.411666666666667,42.322500000000005],[2.381666666666667,42.30250000000001],[2.3833333333333337,42.29500000000001],[2.3958333333333335,42.290000000000006],[2.39,42.279166666666676],[2.3758333333333335,42.27],[2.3758333333333335,42.2625],[2.3833333333333337,42.255],[2.344166666666667,42.241666666666674],[2.3433333333333337,42.21833333333334],[2.3350000000000004,42.216666666666676],[2.3333333333333335,42.20416666666667],[2.275833333333334,42.20416666666667],[2.2733333333333334,42.21333333333334],[2.264166666666667,42.215],[2.253333333333334,42.201666666666675],[2.231666666666667,42.197500000000005],[2.2325000000000004,42.18916666666667],[2.2233333333333336,42.186666666666675],[2.2233333333333336,42.17416666666667],[2.1991666666666667,42.17666666666667],[2.194166666666667,42.17083333333334],[2.181666666666667,42.17250000000001],[2.1775,42.15666666666667],[2.1625,42.13666666666667],[2.095,42.14083333333334],[2.0925000000000002,42.145],[2.0983333333333336,42.154166666666676],[2.106666666666667,42.157500000000006],[2.1133333333333337,42.167500000000004],[2.1008333333333336,42.16666666666667],[2.095,42.18166666666667],[2.088333333333334,42.186666666666675],[2.091666666666667,42.201666666666675],[2.081666666666667,42.216666666666676],[2.0733333333333337,42.21416666666667],[2.049166666666667,42.220000000000006],[2.049166666666667,42.24000000000001],[2.041666666666667,42.24250000000001],[2.0425000000000004,42.255],[2.0533333333333337,42.256666666666675],[2.0525,42.267500000000005],[2.059166666666667,42.27],[2.0650000000000004,42.28083333333334],[2.079166666666667,42.28666666666667],[2.0233333333333334,42.30916666666667],[1.9550000000000003,42.29416666666667],[1.9358333333333335,42.30583333333334]]],[[[1.9358333333333335,42.304166666666674],[1.9350000000000003,42.30333333333334],[1.9350000000000003,42.304166666666674],[1.9358333333333335,42.304166666666674]]]]}},{"id":"17","type":"Feature","properties":{"gauge_id":"EA035"},"geometry":{"type":"Polygon","coordinates":[[[2.3333333333333335,41.765],[2.314166666666667,41.751666666666665],[2.3158333333333334,41.74],[2.3183333333333334,41.730000000000004],[2.3233333333333337,41.7275],[2.3225000000000002,41.72],[2.3425000000000002,41.708333333333336],[2.349166666666667,41.68833333333333],[2.3441666666666667,41.670833333333334],[2.3241666666666667,41.64666666666667],[2.3183333333333334,41.63],[2.3008333333333337,41.62],[2.294166666666667,41.579166666666666],[2.2875,41.568333333333335],[2.2625,41.553333333333335],[2.269166666666667,41.530833333333334],[2.2800000000000002,41.5225],[2.2808333333333337,41.515],[2.3383333333333334,41.51833333333333],[2.3400000000000003,41.530833333333334],[2.349166666666667,41.53916666666667],[2.339166666666667,41.55083333333334],[2.339166666666667,41.55916666666667],[2.3733333333333335,41.5875],[2.3833333333333333,41.6175],[2.391666666666667,41.615833333333335],[2.401666666666667,41.625],[2.4075,41.623333333333335],[2.416666666666667,41.62916666666667],[2.4383333333333335,41.62083333333334],[2.4625000000000004,41.619166666666665],[2.486666666666667,41.6325],[2.479166666666667,41.641666666666666],[2.4483333333333337,41.645],[2.4358333333333335,41.665],[2.4375,41.66916666666667],[2.4275,41.67333333333333],[2.4066666666666667,41.700833333333335],[2.3883333333333336,41.71083333333333],[2.3783333333333334,41.73916666666667],[2.351666666666667,41.74583333333334],[2.3383333333333334,41.7575],[2.3383333333333334,41.76416666666667],[2.3333333333333335,41.765]]]}},{"id":"18","type":"Feature","properties":{"gauge_id":"EA037"},"geometry":{"type":"Polygon","coordinates":[[[2.2466666666666666,41.85333333333334],[2.2425,41.84666666666667],[2.1791666666666667,41.84416666666667],[2.1833333333333336,41.83583333333334],[2.1933333333333334,41.83166666666667],[2.19,41.822500000000005],[2.1983333333333333,41.819166666666675],[2.1933333333333334,41.80500000000001],[2.203333333333333,41.78750000000001],[2.1983333333333333,41.78416666666667],[2.1958333333333333,41.77],[2.200833333333333,41.76833333333334],[2.205,41.75583333333334],[2.223333333333333,41.752500000000005],[2.223333333333333,41.74250000000001],[2.231666666666667,41.73916666666667],[2.23,41.72833333333334],[2.2416666666666667,41.70416666666667],[2.2783333333333333,41.70583333333334],[2.285,41.69666666666667],[2.305,41.701666666666675],[2.31,41.70416666666667],[2.315,41.71833333333334],[2.3225000000000002,41.720000000000006],[2.314166666666667,41.75166666666667],[2.3341666666666665,41.76500000000001],[2.328333333333333,41.775000000000006],[2.328333333333333,41.78666666666667],[2.3425000000000002,41.790000000000006],[2.3433333333333333,41.79916666666667],[2.3541666666666665,41.80833333333334],[2.3491666666666666,41.81666666666667],[2.3316666666666666,41.82333333333334],[2.305,41.81666666666667],[2.285833333333333,41.825833333333335],[2.276666666666667,41.819166666666675],[2.2616666666666667,41.84250000000001],[2.2466666666666666,41.85333333333334]]]}},{"id":"19","type":"Feature","properties":{"gauge_id":"EA039"},"geometry":{"type":"Polygon","coordinates":[[[1.5841666666666667,41.51416666666667],[1.56,41.5075],[1.5391666666666668,41.495000000000005],[1.5350000000000001,41.486666666666665],[1.5233333333333334,41.48583333333333],[1.51,41.4775],[1.5125000000000002,41.450833333333335],[1.52,41.4475],[1.5475,41.46083333333333],[1.5733333333333335,41.443333333333335],[1.5816666666666668,41.446666666666665],[1.5858333333333334,41.443333333333335],[1.5908333333333333,41.45],[1.6108333333333333,41.455],[1.6225,41.45],[1.6391666666666667,41.454166666666666],[1.6541666666666668,41.44916666666667],[1.6700000000000002,41.455],[1.6625,41.472500000000004],[1.6525,41.48083333333334],[1.6508333333333334,41.49333333333333],[1.6108333333333333,41.5075],[1.6091666666666669,41.513333333333335],[1.5841666666666667,41.51416666666667]]]}},{"id":"20","type":"Feature","properties":{"gauge_id":"EA041"},"geometry":{"type":"Polygon","coordinates":[[[0.9433333333333334,41.315000000000005],[0.9391666666666667,41.31],[0.9175,41.31333333333334],[0.9175,41.30583333333334],[0.9041666666666667,41.292500000000004],[0.88,41.28333333333334],[0.8925,41.2475],[0.8875,41.226666666666674],[0.9033333333333333,41.215833333333336],[0.9225,41.21416666666667],[0.9341666666666667,41.22083333333334],[0.9358333333333333,41.22833333333334],[0.9533333333333334,41.22583333333334],[0.9758333333333333,41.245000000000005],[1.0166666666666666,41.25333333333334],[1.025,41.26416666666667],[1.0591666666666666,41.26166666666667],[1.0408333333333333,41.27666666666667],[1.0225,41.28083333333334],[1.0091666666666668,41.29083333333334],[0.9958333333333333,41.29083333333334],[0.9933333333333334,41.29833333333334],[0.965,41.30083333333334],[0.9608333333333333,41.307500000000005],[0.9433333333333334,41.315000000000005]]]}},{"id":"21","type":"Feature","properties":{"gauge_id":"EA047"},"geometry":{"type":"Polygon","coordinates":[[[2.2466666666666666,41.85333333333334],[2.2424999999999997,41.84666666666667],[2.1791666666666667,41.84416666666667],[2.183333333333333,41.83583333333334],[2.1933333333333334,41.83166666666667],[2.185,41.82083333333334],[2.185,41.81333333333334],[2.17,41.80166666666667],[2.168333333333333,41.78833333333334],[2.1533333333333333,41.7775],[2.1425,41.75833333333334],[2.123333333333333,41.749166666666675],[2.11,41.75000000000001],[2.100833333333333,41.74083333333334],[2.095833333333333,41.72416666666667],[2.100833333333333,41.71750000000001],[2.098333333333333,41.71083333333334],[2.0875,41.709166666666675],[2.0691666666666664,41.715833333333336],[2.0516666666666667,41.71166666666667],[2.0316666666666667,41.71750000000001],[2.029166666666667,41.71083333333334],[2.020833333333333,41.7075],[2.0191666666666666,41.69500000000001],[2.0091666666666668,41.6925],[2.0124999999999997,41.68083333333334],[2.005,41.675000000000004],[2.0275,41.61583333333334],[2.0241666666666664,41.59250000000001],[2.0375,41.58083333333334],[2.0483333333333333,41.53333333333334],[2.0641666666666665,41.52],[2.0683333333333334,41.510000000000005],[2.063333333333333,41.506666666666675],[2.063333333333333,41.499166666666675],[2.07,41.487500000000004],[2.0716666666666668,41.47833333333334],[2.065,41.47500000000001],[2.0708333333333333,41.473333333333336],[2.0708333333333333,41.46333333333334],[2.0641666666666665,41.45416666666667],[2.1025,41.429166666666674],[2.1216666666666666,41.42583333333334],[2.1358333333333333,41.44833333333334],[2.1816666666666666,41.45416666666667],[2.200833333333333,41.44833333333334],[2.215,41.455000000000005],[2.2216666666666667,41.46750000000001],[2.2141666666666664,41.47166666666667],[2.223333333333333,41.47916666666667],[2.2275,41.49250000000001],[2.2475,41.48916666666667],[2.2733333333333334,41.5125],[2.3383333333333334,41.51833333333334],[2.34,41.53083333333334],[2.3491666666666666,41.539166666666674],[2.3391666666666664,41.55083333333334],[2.3391666666666664,41.55916666666667],[2.373333333333333,41.587500000000006],[2.3833333333333333,41.61750000000001],[2.3916666666666666,41.61583333333334],[2.4016666666666664,41.62500000000001],[2.4074999999999998,41.62333333333334],[2.4166666666666665,41.62916666666667],[2.4383333333333335,41.62083333333334],[2.4625,41.61916666666667],[2.4866666666666664,41.63250000000001],[2.4791666666666665,41.64166666666667],[2.4483333333333333,41.645],[2.435833333333333,41.665000000000006],[2.4375,41.66916666666667],[2.4274999999999998,41.67333333333334],[2.4066666666666667,41.700833333333335],[2.388333333333333,41.71083333333334],[2.3783333333333334,41.73916666666667],[2.3516666666666666,41.74583333333334],[2.3383333333333334,41.75750000000001],[2.3383333333333334,41.764166666666675],[2.328333333333333,41.775000000000006],[2.328333333333333,41.78666666666667],[2.3433333333333333,41.79083333333334],[2.3433333333333333,41.79916666666667],[2.3541666666666665,41.807500000000005],[2.3491666666666666,41.81666666666667],[2.3316666666666666,41.82333333333334],[2.3049999999999997,41.81666666666667],[2.290833333333333,41.825833333333335],[2.2766666666666664,41.819166666666675],[2.2616666666666667,41.84250000000001],[2.2466666666666666,41.85333333333334]]]}},{"id":"22","type":"Feature","properties":{"gauge_id":"EA049"},"geometry":{"type":"Polygon","coordinates":[[[1.8933333333333335,42.32],[1.8783333333333336,42.31333333333333],[1.8500000000000003,42.31166666666667],[1.8275000000000003,42.30083333333334],[1.804166666666667,42.3025],[1.7975000000000003,42.295],[1.7800000000000002,42.29083333333333],[1.7433333333333336,42.2925],[1.736666666666667,42.284166666666664],[1.7125000000000004,42.28333333333333],[1.6900000000000004,42.276666666666664],[1.6908333333333336,42.263333333333335],[1.6850000000000003,42.259166666666665],[1.6900000000000004,42.248333333333335],[1.661666666666667,42.25],[1.656666666666667,42.255],[1.6350000000000002,42.24666666666667],[1.634166666666667,42.240833333333335],[1.6275000000000004,42.23833333333334],[1.624166666666667,42.2075],[1.611666666666667,42.20166666666667],[1.5958333333333337,42.200833333333335],[1.554166666666667,42.21083333333333],[1.534166666666667,42.20583333333333],[1.5283333333333335,42.2],[1.521666666666667,42.18],[1.5275000000000003,42.1675],[1.5366666666666668,42.160833333333336],[1.5400000000000003,42.138333333333335],[1.5483333333333336,42.135],[1.544166666666667,42.13],[1.5450000000000004,42.104166666666664],[1.531666666666667,42.094166666666666],[1.5133333333333336,42.089166666666664],[1.5100000000000002,42.071666666666665],[1.5158333333333336,42.05916666666667],[1.509166666666667,42.045],[1.4925000000000002,42.04333333333334],[1.4858333333333336,42.04833333333333],[1.4641666666666668,42.01416666666667],[1.4725000000000001,41.990833333333335],[1.4900000000000002,41.973333333333336],[1.489166666666667,41.9575],[1.4833333333333336,41.9525],[1.4958333333333336,41.943333333333335],[1.4941666666666669,41.9275],[1.499166666666667,41.91916666666667],[1.5308333333333337,41.910000000000004],[1.541666666666667,41.9],[1.5566666666666669,41.895833333333336],[1.5566666666666669,41.86333333333334],[1.549166666666667,41.855],[1.551666666666667,41.844166666666666],[1.534166666666667,41.83416666666667],[1.549166666666667,41.810833333333335],[1.5675000000000003,41.80416666666667],[1.5658333333333336,41.79083333333333],[1.5766666666666669,41.78916666666667],[1.5725000000000002,41.781666666666666],[1.5750000000000002,41.77166666666667],[1.5575000000000003,41.77],[1.5533333333333337,41.75666666666667],[1.5408333333333335,41.7575],[1.5408333333333335,41.75],[1.534166666666667,41.745],[1.5375000000000003,41.73833333333334],[1.5066666666666668,41.735],[1.501666666666667,41.73166666666667],[1.501666666666667,41.72],[1.491666666666667,41.721666666666664],[1.4883333333333335,41.714166666666664],[1.4675000000000002,41.715833333333336],[1.4641666666666668,41.70333333333333],[1.449166666666667,41.705],[1.4533333333333336,41.69083333333333],[1.4458333333333335,41.67666666666667],[1.449166666666667,41.665],[1.4350000000000003,41.66833333333334],[1.436666666666667,41.659166666666664],[1.4225000000000003,41.65416666666667],[1.424166666666667,41.645],[1.4158333333333335,41.64333333333333],[1.4100000000000004,41.6275],[1.4016666666666668,41.62],[1.3975000000000002,41.608333333333334],[1.4016666666666668,41.59916666666667],[1.3908333333333336,41.5875],[1.3916666666666668,41.57666666666667],[1.4008333333333336,41.56666666666667],[1.3975000000000002,41.56],[1.4075000000000002,41.55166666666667],[1.4450000000000003,41.55083333333334],[1.446666666666667,41.5375],[1.4900000000000002,41.52166666666667],[1.4683333333333335,41.51583333333333],[1.4625000000000004,41.50833333333333],[1.4608333333333337,41.48833333333334],[1.466666666666667,41.4875],[1.4700000000000002,41.47666666666667],[1.4625000000000004,41.47],[1.4550000000000003,41.47083333333333],[1.4508333333333336,41.45916666666667],[1.4533333333333336,41.450833333333335],[1.469166666666667,41.44083333333333],[1.461666666666667,41.43083333333333],[1.496666666666667,41.43666666666667],[1.5458333333333336,41.46083333333333],[1.5733333333333337,41.443333333333335],[1.581666666666667,41.446666666666665],[1.5858333333333337,41.443333333333335],[1.5908333333333335,41.45],[1.6183333333333336,41.455],[1.6325000000000003,41.4425],[1.6358333333333337,41.42666666666667],[1.6525000000000003,41.413333333333334],[1.6716666666666669,41.405833333333334],[1.6800000000000002,41.395],[1.6908333333333336,41.395],[1.7016666666666669,41.38333333333333],[1.7500000000000002,41.37166666666667],[1.774166666666667,41.36],[1.8008333333333337,41.36416666666667],[1.8100000000000003,41.376666666666665],[1.811666666666667,41.39416666666666],[1.821666666666667,41.40083333333333],[1.8433333333333337,41.409166666666664],[1.8600000000000003,41.403333333333336],[1.866666666666667,41.41166666666667],[1.8791666666666669,41.4125],[1.8833333333333337,41.406666666666666],[1.8775000000000004,41.405],[1.8750000000000002,41.39333333333333],[1.8908333333333336,41.3875],[1.8825000000000003,41.37416666666667],[1.904166666666667,41.361666666666665],[1.906666666666667,41.3525],[1.9250000000000003,41.3525],[1.9308333333333336,41.3425],[1.9441666666666668,41.33416666666667],[1.9608333333333337,41.33416666666667],[1.9700000000000002,41.34166666666667],[1.989166666666667,41.34583333333333],[1.999166666666667,41.35666666666667],[2.0058333333333334,41.343333333333334],[2.016666666666667,41.33833333333333],[2.0325,41.35166666666667],[2.048333333333334,41.35166666666667],[2.0600000000000005,41.365],[2.0758333333333336,41.369166666666665],[2.0825000000000005,41.37833333333333],[2.081666666666667,41.38666666666667],[2.0983333333333336,41.39333333333333],[2.104166666666667,41.403333333333336],[2.1033333333333335,41.41416666666667],[2.1183333333333336,41.42],[2.12,41.42583333333334],[2.091666666666667,41.43416666666667],[2.064166666666667,41.454166666666666],[2.0708333333333337,41.46333333333333],[2.0708333333333337,41.473333333333336],[2.0650000000000004,41.475],[2.071666666666667,41.47833333333333],[2.0700000000000003,41.4875],[2.0633333333333335,41.49916666666667],[2.0633333333333335,41.50666666666667],[2.0683333333333334,41.51],[2.064166666666667,41.52],[2.048333333333334,41.53333333333333],[2.0375000000000005,41.58083333333333],[2.024166666666667,41.5925],[2.0275000000000003,41.615833333333335],[2.0050000000000003,41.675],[2.0125,41.68083333333333],[2.009166666666667,41.6925],[2.019166666666667,41.695],[2.0208333333333335,41.7075],[2.029166666666667,41.71083333333333],[2.031666666666667,41.7175],[2.0516666666666667,41.711666666666666],[2.069166666666667,41.715833333333336],[2.0875000000000004,41.70916666666667],[2.0983333333333336,41.71083333333333],[2.1008333333333336,41.7175],[2.0958333333333337,41.72416666666667],[2.1008333333333336,41.740833333333335],[2.1100000000000003,41.75],[2.1233333333333335,41.74916666666667],[2.1425,41.75833333333333],[2.1533333333333338,41.7775],[2.168333333333334,41.788333333333334],[2.1700000000000004,41.80166666666667],[2.1850000000000005,41.81333333333333],[2.1850000000000005,41.82083333333333],[2.193333333333334,41.83166666666666],[2.1833333333333336,41.83583333333333],[2.1741666666666672,41.847500000000004],[2.169166666666667,41.84583333333333],[2.1708333333333334,41.839166666666664],[2.1325000000000003,41.847500000000004],[2.1325000000000003,41.85916666666667],[2.146666666666667,41.89083333333333],[2.1325000000000003,41.92583333333334],[2.139166666666667,41.93083333333333],[2.141666666666667,41.94083333333333],[2.1350000000000002,41.955],[2.1408333333333336,41.97],[2.151666666666667,41.97666666666667],[2.16,41.99166666666667],[2.1483333333333334,42.00083333333333],[2.1500000000000004,42.00666666666667],[2.1366666666666667,42.026666666666664],[2.124166666666667,42.03],[2.130833333333334,42.0425],[2.1225000000000005,42.05166666666667],[2.12,42.06666666666667],[2.1258333333333335,42.0775],[2.1383333333333336,42.08083333333333],[2.1358333333333337,42.09],[2.1425,42.09166666666667],[2.1433333333333335,42.096666666666664],[2.1325000000000003,42.097500000000004],[2.1275000000000004,42.1075],[2.099166666666667,42.1225],[2.101666666666667,42.14083333333333],[2.0925000000000002,42.14333333333333],[2.1133333333333337,42.1675],[2.1008333333333336,42.166666666666664],[2.0933333333333337,42.178333333333335],[2.095,42.181666666666665],[2.088333333333334,42.18666666666667],[2.091666666666667,42.20166666666667],[2.0825000000000005,42.215833333333336],[2.0500000000000003,42.219166666666666],[2.049166666666667,42.24],[2.041666666666667,42.2425],[2.0425000000000004,42.255],[2.0533333333333337,42.25666666666667],[2.0525,42.2675],[2.059166666666667,42.27],[2.0650000000000004,42.280833333333334],[2.08,42.285833333333336],[2.0233333333333334,42.30916666666667],[1.954166666666667,42.29416666666667],[1.946666666666667,42.3025],[1.9208333333333336,42.30416666666667],[1.9058333333333337,42.318333333333335],[1.8933333333333335,42.32]],[[1.449166666666667,41.66416666666667],[1.4500000000000002,41.665],[1.4500000000000002,41.66416666666667],[1.449166666666667,41.66416666666667]],[[1.4500000000000002,41.663333333333334],[1.4508333333333336,41.66416666666667],[1.4508333333333336,41.663333333333334],[1.4500000000000002,41.663333333333334]]]}},{"id":"23","type":"Feature","properties":{"gauge_id":"EA050"},"geometry":{"type":"MultiPolygon","coordinates":[[[[2.7808333333333337,42.31666666666667],[2.781666666666667,42.3175],[2.781666666666667,42.31666666666667],[2.7808333333333337,42.31666666666667]]],[[[2.7800000000000002,42.3175],[2.785,42.307500000000005],[2.7808333333333337,42.29833333333333],[2.753333333333334,42.29083333333333],[2.74,42.295],[2.714166666666667,42.28916666666667],[2.690833333333334,42.29666666666667],[2.666666666666667,42.29416666666667],[2.66,42.29833333333333],[2.6550000000000002,42.31916666666667],[2.636666666666667,42.31666666666667],[2.64,42.329166666666666],[2.626666666666667,42.329166666666666],[2.610833333333334,42.343333333333334],[2.584166666666667,42.34583333333334],[2.561666666666667,42.35583333333334],[2.5625000000000004,42.36166666666667],[2.6275000000000004,42.35416666666667],[2.6275000000000004,42.358333333333334],[2.6425000000000005,42.358333333333334],[2.649166666666667,42.36333333333334],[2.659166666666667,42.380833333333335],[2.691666666666667,42.36083333333333],[2.713333333333334,42.3575],[2.719166666666667,42.33583333333333],[2.7250000000000005,42.33583333333333],[2.730833333333334,42.32666666666667],[2.7600000000000002,42.32666666666667],[2.766666666666667,42.31583333333334],[2.7800000000000002,42.3175]]]]}},{"id":"24","type":"Feature","properties":{"gauge_id":"EA051"},"geometry":{"type":"Polygon","coordinates":[[[2.7225,42.42333333333334],[2.6950000000000003,42.407500000000006],[2.6733333333333333,42.40500000000001],[2.6708333333333334,42.38833333333334],[2.6558333333333337,42.39083333333334],[2.651666666666667,42.38583333333334],[2.691666666666667,42.36083333333334],[2.7158333333333333,42.35666666666667],[2.7283333333333335,42.36333333333334],[2.7483333333333335,42.36500000000001],[2.769166666666667,42.352500000000006],[2.7858333333333336,42.35416666666667],[2.7908333333333335,42.366666666666674],[2.7908333333333335,42.40083333333334],[2.7958333333333334,42.404166666666676],[2.789166666666667,42.417500000000004],[2.7658333333333336,42.411666666666676],[2.7225,42.42333333333334]]]}},{"id":"25","type":"Feature","properties":{"gauge_id":"EA052"},"geometry":{"type":"Polygon","coordinates":[[[2.9475000000000002,42.4825],[2.931666666666667,42.475],[2.9250000000000003,42.45916666666667],[2.919166666666667,42.45666666666667],[2.866666666666667,42.465833333333336],[2.860833333333334,42.465833333333336],[2.8575000000000004,42.455],[2.839166666666667,42.46],[2.8275000000000006,42.439166666666665],[2.818333333333334,42.44083333333334],[2.805,42.432500000000005],[2.8000000000000003,42.41916666666667],[2.784166666666667,42.41833333333334],[2.779166666666667,42.4125],[2.7658333333333336,42.41166666666667],[2.7225,42.42333333333333],[2.6950000000000003,42.4075],[2.6750000000000003,42.405833333333334],[2.670833333333334,42.388333333333335],[2.651666666666667,42.388333333333335],[2.6583333333333337,42.376666666666665],[2.6425000000000005,42.358333333333334],[2.611666666666667,42.35416666666667],[2.5625000000000004,42.36166666666667],[2.561666666666667,42.35583333333334],[2.584166666666667,42.34583333333334],[2.610833333333334,42.343333333333334],[2.626666666666667,42.329166666666666],[2.64,42.329166666666666],[2.636666666666667,42.31666666666667],[2.6550000000000002,42.31916666666667],[2.66,42.29833333333333],[2.666666666666667,42.29416666666667],[2.690833333333334,42.29666666666667],[2.690833333333334,42.27916666666667],[2.693333333333334,42.274166666666666],[2.709166666666667,42.26833333333334],[2.7083333333333335,42.25833333333333],[2.735833333333334,42.255],[2.749166666666667,42.2675],[2.769166666666667,42.2625],[2.8325000000000005,42.21666666666667],[2.838333333333334,42.219166666666666],[2.896666666666667,42.1925],[2.911666666666667,42.19916666666667],[2.9458333333333337,42.185833333333335],[2.9650000000000003,42.22666666666667],[2.9850000000000003,42.24],[2.996666666666667,42.240833333333335],[2.9958333333333336,42.252500000000005],[3.003333333333334,42.244166666666665],[3.014166666666667,42.24333333333333],[3.024166666666667,42.24916666666667],[3.0400000000000005,42.24666666666667],[3.0408333333333335,42.251666666666665],[3.046666666666667,42.252500000000005],[3.069166666666667,42.23833333333334],[3.069166666666667,42.25],[3.0758333333333336,42.26083333333334],[3.0625000000000004,42.285833333333336],[3.0425000000000004,42.303333333333335],[3.043333333333334,42.31333333333333],[3.034166666666667,42.325],[3.0375000000000005,42.33416666666667],[3.031666666666667,42.3525],[3.0333333333333337,42.36083333333333],[3.0500000000000003,42.380833333333335],[3.056666666666667,42.37916666666667],[3.0575,42.38333333333333],[3.0775000000000006,42.391666666666666],[3.075,42.41416666666667],[3.0808333333333335,42.428333333333335],[3.0775000000000006,42.435833333333335],[3.0708333333333337,42.435833333333335],[3.054166666666667,42.45],[3.0408333333333335,42.475],[3.0233333333333334,42.473333333333336],[3.0150000000000006,42.4675],[3.0075000000000003,42.47416666666667],[2.9875000000000003,42.475],[2.9683333333333337,42.465833333333336],[2.9475000000000002,42.4825]]]}},{"id":"26","type":"Feature","properties":{"gauge_id":"EA060"},"geometry":{"type":"MultiPolygon","coordinates":[[[[1.9358333333333335,42.30583333333334],[1.9641666666666668,42.32750000000001],[1.981666666666667,42.32750000000001],[1.9950000000000003,42.340833333333336],[2.0158333333333336,42.34666666666667],[2.0233333333333334,42.35666666666667],[2.0600000000000005,42.35833333333334],[2.0716666666666668,42.36583333333334],[2.086666666666667,42.36333333333334],[2.089166666666667,42.374166666666675],[2.116666666666667,42.38333333333334],[2.115,42.395],[2.1225000000000005,42.39750000000001],[2.1258333333333335,42.410833333333336],[2.1575,42.42416666666667],[2.204166666666667,42.41666666666667],[2.214166666666667,42.42333333333334],[2.2475000000000005,42.43000000000001],[2.2575000000000003,42.43916666666667],[2.2950000000000004,42.42333333333334],[2.3058333333333336,42.43000000000001],[2.3150000000000004,42.429166666666674],[2.324166666666667,42.41833333333334],[2.3458333333333337,42.41666666666667],[2.3475,42.40833333333334],[2.3625000000000003,42.4025],[2.381666666666667,42.40166666666667],[2.4133333333333336,42.39166666666667],[2.4333333333333336,42.39416666666667],[2.4350000000000005,42.37666666666667],[2.4450000000000003,42.370000000000005],[2.4558333333333335,42.370000000000005],[2.4575000000000005,42.36333333333334],[2.4308333333333336,42.35083333333334],[2.4275,42.326666666666675],[2.411666666666667,42.322500000000005],[2.381666666666667,42.30250000000001],[2.3833333333333337,42.29500000000001],[2.3958333333333335,42.290000000000006],[2.39,42.279166666666676],[2.3758333333333335,42.27],[2.3758333333333335,42.2625],[2.3833333333333337,42.255],[2.344166666666667,42.241666666666674],[2.3433333333333337,42.21833333333334],[2.3350000000000004,42.216666666666676],[2.3333333333333335,42.205000000000005],[2.3458333333333337,42.20333333333334],[2.346666666666667,42.19500000000001],[2.3558333333333334,42.194166666666675],[2.3583333333333334,42.18750000000001],[2.3533333333333335,42.171666666666674],[2.339166666666667,42.16916666666667],[2.336666666666667,42.16166666666667],[2.341666666666667,42.15166666666667],[2.3500000000000005,42.14833333333334],[2.3508333333333336,42.138333333333335],[2.3800000000000003,42.12500000000001],[2.374166666666667,42.11916666666667],[2.3775000000000004,42.105000000000004],[2.416666666666667,42.102500000000006],[2.416666666666667,42.09250000000001],[2.406666666666667,42.07833333333334],[2.411666666666667,42.069166666666675],[2.424166666666667,42.06333333333334],[2.4925,42.06333333333334],[2.5000000000000004,42.05083333333334],[2.5125,42.046666666666674],[2.5458333333333334,42.014166666666675],[2.561666666666667,42.00750000000001],[2.5758333333333336,42.00833333333334],[2.594166666666667,41.98916666666667],[2.601666666666667,41.98916666666667],[2.605833333333334,41.97500000000001],[2.596666666666667,41.96333333333334],[2.5725000000000002,41.962500000000006],[2.565833333333334,41.97083333333334],[2.5575,41.965833333333336],[2.539166666666667,41.965833333333336],[2.536666666666667,41.96083333333334],[2.5158333333333336,41.95416666666667],[2.494166666666667,41.93166666666667],[2.4850000000000003,41.93000000000001],[2.479166666666667,41.91583333333334],[2.4750000000000005,41.91666666666667],[2.4558333333333335,41.895833333333336],[2.446666666666667,41.895833333333336],[2.4475000000000002,41.888333333333335],[2.456666666666667,41.87916666666667],[2.4483333333333337,41.87166666666667],[2.451666666666667,41.862500000000004],[2.4358333333333335,41.85833333333334],[2.4308333333333336,41.845000000000006],[2.4108333333333336,41.83083333333334],[2.396666666666667,41.80583333333334],[2.3875,41.80500000000001],[2.380833333333334,41.81],[2.371666666666667,41.804166666666674],[2.3550000000000004,41.807500000000005],[2.349166666666667,41.81666666666667],[2.331666666666667,41.82333333333334],[2.305,41.81666666666667],[2.2858333333333336,41.825833333333335],[2.276666666666667,41.819166666666675],[2.2616666666666667,41.84250000000001],[2.2475000000000005,41.85333333333334],[2.2425,41.84666666666667],[2.2208333333333337,41.847500000000004],[2.2208333333333337,41.84416666666667],[2.201666666666667,41.84250000000001],[2.1975000000000002,41.84666666666667],[2.179166666666667,41.84416666666667],[2.1708333333333334,41.847500000000004],[2.1708333333333334,41.83916666666667],[2.159166666666667,41.84],[2.1558333333333337,41.845000000000006],[2.136666666666667,41.84416666666667],[2.1325000000000003,41.847500000000004],[2.1325000000000003,41.859166666666674],[2.146666666666667,41.895833333333336],[2.1325000000000003,41.92583333333334],[2.139166666666667,41.93083333333334],[2.141666666666667,41.94083333333334],[2.1350000000000002,41.955000000000005],[2.1408333333333336,41.970000000000006],[2.151666666666667,41.976666666666674],[2.16,41.991666666666674],[2.1483333333333334,42.00083333333334],[2.1500000000000004,42.006666666666675],[2.136666666666667,42.02666666666667],[2.124166666666667,42.03000000000001],[2.130833333333334,42.042500000000004],[2.1225000000000005,42.05166666666667],[2.12,42.06666666666667],[2.1258333333333335,42.07750000000001],[2.1383333333333336,42.08083333333334],[2.1358333333333337,42.09],[2.1425,42.091666666666676],[2.1433333333333335,42.09666666666667],[2.1325000000000003,42.097500000000004],[2.1275000000000004,42.10750000000001],[2.099166666666667,42.1225],[2.101666666666667,42.14083333333334],[2.0925000000000002,42.145],[2.1133333333333337,42.167500000000004],[2.1008333333333336,42.16666666666667],[2.0933333333333337,42.17833333333334],[2.095,42.18166666666667],[2.088333333333334,42.186666666666675],[2.091666666666667,42.201666666666675],[2.0825000000000005,42.215833333333336],[2.0500000000000003,42.21916666666667],[2.049166666666667,42.24000000000001],[2.041666666666667,42.24250000000001],[2.0425000000000004,42.255],[2.0533333333333337,42.256666666666675],[2.0525,42.267500000000005],[2.059166666666667,42.27],[2.0650000000000004,42.28083333333334],[2.08,42.285833333333336],[2.0233333333333334,42.30916666666667],[1.9550000000000003,42.29416666666667],[1.9358333333333335,42.30583333333334]]],[[[1.9358333333333335,42.304166666666674],[1.9350000000000003,42.30333333333334],[1.9350000000000003,42.304166666666674],[1.9358333333333335,42.304166666666674]]]]}},{"id":"27","type":"Feature","properties":{"gauge_id":"EA061"},"geometry":{"type":"Polygon","coordinates":[[[2.7483333333333335,42.14833333333333],[2.726666666666667,42.135],[2.7250000000000005,42.119166666666665],[2.7108333333333334,42.1125],[2.7008333333333336,42.10166666666667],[2.7008333333333336,42.09583333333333],[2.751666666666667,42.08166666666666],[2.764166666666667,42.095],[2.7775000000000003,42.0925],[2.8008333333333337,42.09916666666667],[2.7950000000000004,42.1],[2.7908333333333335,42.11666666666667],[2.7750000000000004,42.12916666666667],[2.7700000000000005,42.14833333333333],[2.756666666666667,42.145],[2.7483333333333335,42.14833333333333]]]}},{"id":"28","type":"Feature","properties":{"gauge_id":"EA063"},"geometry":{"type":"Polygon","coordinates":[[[1.7341666666666669,42.19166666666667],[1.7266666666666668,42.1775],[1.7300000000000002,42.16916666666667],[1.699166666666667,42.155],[1.6975000000000002,42.14333333333334],[1.6916666666666669,42.14083333333333],[1.6966666666666668,42.127500000000005],[1.689166666666667,42.11416666666667],[1.6508333333333336,42.11416666666667],[1.6450000000000002,42.105000000000004],[1.636666666666667,42.10416666666667],[1.6333333333333335,42.09416666666667],[1.6191666666666669,42.0925],[1.6075000000000002,42.07666666666667],[1.61,42.05416666666667],[1.6050000000000002,42.0375],[1.6516666666666668,42.00666666666667],[1.656666666666667,42.00666666666667],[1.6608333333333336,42.02],[1.6700000000000002,42.02416666666667],[1.6625000000000003,42.038333333333334],[1.6758333333333335,42.06],[1.686666666666667,42.0625],[1.6941666666666668,42.07333333333334],[1.7041666666666668,42.07416666666667],[1.709166666666667,42.083333333333336],[1.7175000000000002,42.085],[1.7225000000000001,42.09166666666667],[1.7508333333333335,42.087500000000006],[1.7633333333333336,42.09666666666667],[1.7633333333333336,42.10166666666667],[1.7866666666666668,42.10583333333334],[1.7883333333333336,42.12166666666667],[1.784166666666667,42.135000000000005],[1.7766666666666668,42.13916666666667],[1.7783333333333335,42.14833333333333],[1.7675000000000003,42.150000000000006],[1.7550000000000003,42.16166666666667],[1.761666666666667,42.178333333333335],[1.7341666666666669,42.19166666666667]]]}},{"id":"29","type":"Feature","properties":{"gauge_id":"EA064"},"geometry":{"type":"Polygon","coordinates":[[[2.97,41.86916666666667],[2.9583333333333335,41.852500000000006],[2.9575000000000005,41.84166666666667],[2.921666666666667,41.834166666666675],[2.9108333333333336,41.825833333333335],[2.9083333333333337,41.81666666666667],[2.9150000000000005,41.81250000000001],[2.914166666666667,41.79416666666667],[2.9225000000000003,41.78416666666667],[2.9200000000000004,41.770833333333336],[2.939166666666667,41.76583333333334],[2.9650000000000003,41.77916666666667],[2.9758333333333336,41.78000000000001],[2.983333333333334,41.790000000000006],[2.9908333333333337,41.79083333333334],[2.996666666666667,41.81666666666667],[3.0133333333333336,41.82750000000001],[3.014166666666667,41.83833333333334],[2.986666666666667,41.848333333333336],[2.9850000000000003,41.86750000000001],[2.97,41.86916666666667]]]}},{"id":"30","type":"Feature","properties":{"gauge_id":"EA065"},"geometry":{"type":"Polygon","coordinates":[[[1.6266666666666667,41.55166666666667],[1.5416666666666667,41.52916666666667],[1.5375,41.53333333333334],[1.5275,41.531666666666666],[1.5050000000000001,41.52166666666667],[1.4641666666666668,41.513333333333335],[1.4608333333333334,41.48833333333334],[1.4666666666666668,41.487500000000004],[1.4700000000000002,41.47666666666667],[1.4625000000000001,41.470000000000006],[1.455,41.47083333333334],[1.4508333333333334,41.45916666666667],[1.4533333333333334,41.450833333333335],[1.4691666666666667,41.44083333333334],[1.4608333333333334,41.43166666666667],[1.4858333333333333,41.43333333333334],[1.5116666666666667,41.4425],[1.5166666666666668,41.44833333333334],[1.5116666666666667,41.4525],[1.5091666666666668,41.47666666666667],[1.5233333333333334,41.48583333333334],[1.5350000000000001,41.48666666666667],[1.5391666666666668,41.495000000000005],[1.5666666666666669,41.510000000000005],[1.6091666666666669,41.513333333333335],[1.6108333333333333,41.5075],[1.6475000000000002,41.4925],[1.6625,41.498333333333335],[1.6708333333333334,41.51083333333334],[1.6800000000000002,41.51166666666667],[1.6800000000000002,41.52666666666667],[1.6708333333333334,41.531666666666666],[1.6658333333333335,41.542500000000004],[1.6325,41.545833333333334],[1.6266666666666667,41.55166666666667]]]}},{"id":"31","type":"Feature","properties":{"gauge_id":"EA066"},"geometry":{"type":"Polygon","coordinates":[[[1.8933333333333335,42.32],[1.8783333333333336,42.31333333333333],[1.8500000000000003,42.31166666666667],[1.8275000000000003,42.30083333333334],[1.804166666666667,42.3025],[1.7975000000000003,42.295],[1.7800000000000002,42.29083333333333],[1.7433333333333336,42.2925],[1.736666666666667,42.284166666666664],[1.7125000000000004,42.28333333333333],[1.6900000000000002,42.276666666666664],[1.6908333333333336,42.263333333333335],[1.6850000000000003,42.259166666666665],[1.6900000000000002,42.2475],[1.7025000000000003,42.240833333333335],[1.7075000000000002,42.221666666666664],[1.7183333333333337,42.218333333333334],[1.7208333333333337,42.19833333333333],[1.761666666666667,42.178333333333335],[1.7550000000000003,42.16166666666667],[1.7675000000000003,42.15],[1.7783333333333335,42.14833333333333],[1.7766666666666668,42.13916666666667],[1.784166666666667,42.130833333333335],[1.7975000000000003,42.135],[1.8075000000000003,42.126666666666665],[1.836666666666667,42.12166666666667],[1.849166666666667,42.10916666666667],[1.8558333333333337,42.111666666666665],[1.8600000000000003,42.1],[1.871666666666667,42.100833333333334],[1.8750000000000002,42.086666666666666],[1.8800000000000003,42.083333333333336],[1.9000000000000004,42.08583333333333],[1.9175000000000002,42.1025],[1.9200000000000004,42.1125],[1.9575000000000002,42.12166666666667],[1.9808333333333337,42.11666666666667],[1.9975000000000003,42.11833333333333],[2.0025000000000004,42.1275],[2.0208333333333335,42.1325],[2.0200000000000005,42.151666666666664],[2.026666666666667,42.153333333333336],[2.0233333333333334,42.165],[2.029166666666667,42.170833333333334],[2.0183333333333335,42.1825],[2.009166666666667,42.18416666666667],[2.0100000000000002,42.193333333333335],[2.019166666666667,42.196666666666665],[2.0233333333333334,42.21333333333333],[2.036666666666667,42.211666666666666],[2.049166666666667,42.219166666666666],[2.049166666666667,42.24],[2.041666666666667,42.2425],[2.0425000000000004,42.255],[2.0533333333333337,42.25666666666667],[2.0525,42.2675],[2.059166666666667,42.27],[2.0650000000000004,42.280833333333334],[2.08,42.285000000000004],[2.0233333333333334,42.30916666666667],[1.954166666666667,42.29416666666667],[1.946666666666667,42.3025],[1.9208333333333336,42.30416666666667],[1.9058333333333337,42.318333333333335],[1.8933333333333335,42.32]]]}},{"id":"32","type":"Feature","properties":{"gauge_id":"EA067"},"geometry":{"type":"Polygon","coordinates":[[[1.8933333333333335,42.32],[1.8783333333333336,42.31333333333333],[1.8500000000000003,42.31166666666667],[1.8275000000000003,42.30083333333334],[1.804166666666667,42.3025],[1.7975000000000003,42.295],[1.7800000000000002,42.29083333333333],[1.7433333333333336,42.2925],[1.736666666666667,42.284166666666664],[1.7125000000000004,42.28333333333333],[1.6900000000000002,42.276666666666664],[1.6908333333333336,42.263333333333335],[1.6850000000000003,42.259166666666665],[1.6900000000000002,42.2475],[1.7025000000000003,42.240833333333335],[1.7075000000000002,42.221666666666664],[1.7183333333333337,42.218333333333334],[1.7208333333333337,42.19833333333333],[1.761666666666667,42.178333333333335],[1.7550000000000003,42.16166666666667],[1.7675000000000003,42.15],[1.7783333333333335,42.14833333333333],[1.7766666666666668,42.13916666666667],[1.7866666666666668,42.13],[1.7866666666666668,42.10583333333334],[1.7633333333333336,42.10166666666667],[1.7541666666666669,42.089166666666664],[1.7725000000000002,42.07833333333333],[1.7708333333333337,42.06916666666667],[1.7766666666666668,42.06666666666667],[1.7725000000000002,42.05833333333334],[1.7758333333333336,42.0425],[1.7975000000000003,42.024166666666666],[1.7908333333333335,42.01416666666667],[1.7925000000000002,41.99916666666667],[1.779166666666667,41.9875],[1.7783333333333335,41.979166666666664],[1.804166666666667,41.95666666666666],[1.804166666666667,41.92333333333333],[1.8158333333333336,41.89666666666667],[1.814166666666667,41.88916666666667],[1.8200000000000003,41.88666666666667],[1.821666666666667,41.8725],[1.851666666666667,41.8625],[1.8708333333333336,41.86666666666667],[1.8791666666666669,41.85666666666667],[1.896666666666667,41.858333333333334],[1.9058333333333337,41.88166666666667],[1.929166666666667,41.8925],[1.9350000000000003,41.910833333333336],[1.9450000000000003,41.916666666666664],[1.9425000000000003,41.92916666666667],[1.9575000000000002,41.950833333333335],[1.961666666666667,41.965],[1.959166666666667,41.972500000000004],[1.989166666666667,41.99],[1.9975000000000003,41.99916666666667],[1.9975000000000003,42.00666666666667],[2.0133333333333336,42.0125],[2.0233333333333334,42.0225],[2.0250000000000004,42.04],[2.0183333333333335,42.049166666666665],[2.0333333333333337,42.07083333333333],[2.0308333333333337,42.0825],[2.041666666666667,42.090833333333336],[2.044166666666667,42.10666666666667],[2.056666666666667,42.108333333333334],[2.0583333333333336,42.12],[2.068333333333334,42.12166666666667],[2.0708333333333337,42.13666666666667],[2.094166666666667,42.141666666666666],[2.0983333333333336,42.15416666666667],[2.1133333333333337,42.16583333333333],[2.1008333333333336,42.166666666666664],[2.0933333333333337,42.178333333333335],[2.095,42.181666666666665],[2.088333333333334,42.18666666666667],[2.091666666666667,42.20166666666667],[2.0825000000000005,42.215833333333336],[2.0500000000000003,42.219166666666666],[2.049166666666667,42.24],[2.041666666666667,42.2425],[2.0425000000000004,42.255],[2.0533333333333337,42.25666666666667],[2.0525,42.2675],[2.059166666666667,42.27],[2.0650000000000004,42.280833333333334],[2.079166666666667,42.28666666666667],[2.0233333333333334,42.30916666666667],[1.954166666666667,42.29416666666667],[1.946666666666667,42.3025],[1.9208333333333336,42.30416666666667],[1.9058333333333337,42.318333333333335],[1.8933333333333335,42.32]]]}},{"id":"33","type":"Feature","properties":{"gauge_id":"EA068"},"geometry":{"type":"Polygon","coordinates":[[[1.6566666666666667,42.255],[1.6350000000000002,42.24666666666667],[1.6341666666666668,42.240833333333335],[1.6275000000000002,42.23833333333334],[1.6216666666666668,42.205000000000005],[1.5958333333333334,42.200833333333335],[1.554166666666667,42.21083333333333],[1.534166666666667,42.20583333333334],[1.5283333333333335,42.2],[1.521666666666667,42.18],[1.5275,42.167500000000004],[1.5366666666666668,42.160833333333336],[1.5400000000000003,42.138333333333335],[1.5483333333333336,42.135000000000005],[1.544166666666667,42.13],[1.5450000000000002,42.10416666666667],[1.5316666666666667,42.094166666666666],[1.5133333333333334,42.08916666666667],[1.5100000000000002,42.07166666666667],[1.5158333333333336,42.05916666666667],[1.5091666666666668,42.045],[1.4925000000000002,42.04333333333334],[1.4858333333333336,42.04833333333334],[1.481666666666667,42.038333333333334],[1.475,42.03666666666667],[1.4725000000000001,42.0225],[1.4641666666666668,42.016666666666666],[1.4725000000000001,41.990833333333335],[1.4900000000000002,41.973333333333336],[1.4891666666666667,41.9575],[1.4833333333333336,41.9525],[1.4958333333333336,41.943333333333335],[1.4941666666666669,41.9275],[1.4991666666666668,41.91916666666667],[1.5308333333333335,41.910000000000004],[1.5416666666666667,41.900000000000006],[1.5566666666666669,41.895833333333336],[1.5566666666666669,41.86333333333334],[1.5491666666666668,41.855000000000004],[1.5516666666666667,41.844166666666666],[1.534166666666667,41.83416666666667],[1.5491666666666668,41.810833333333335],[1.5675000000000001,41.80416666666667],[1.5683333333333336,41.79],[1.5933333333333335,41.79],[1.6316666666666668,41.80083333333334],[1.6441666666666668,41.79833333333334],[1.6983333333333335,41.81916666666667],[1.7266666666666668,41.82416666666667],[1.7675,41.8125],[1.7758333333333336,41.83083333333334],[1.7975000000000003,41.83916666666667],[1.7991666666666668,41.84666666666667],[1.8066666666666669,41.848333333333336],[1.8250000000000002,41.86916666666667],[1.804166666666667,41.92333333333334],[1.804166666666667,41.95666666666667],[1.7783333333333335,41.97916666666667],[1.7791666666666668,41.987500000000004],[1.7925000000000002,41.99916666666667],[1.7908333333333335,42.01416666666667],[1.7975000000000003,42.024166666666666],[1.7758333333333336,42.042500000000004],[1.7725000000000002,42.05833333333334],[1.7766666666666668,42.06666666666667],[1.7708333333333335,42.06916666666667],[1.7725000000000002,42.07833333333333],[1.7541666666666669,42.08916666666667],[1.7633333333333336,42.10166666666667],[1.7866666666666668,42.10583333333334],[1.7866666666666668,42.13],[1.7766666666666668,42.13916666666667],[1.7783333333333335,42.14833333333333],[1.7675,42.150000000000006],[1.7550000000000001,42.16166666666667],[1.761666666666667,42.178333333333335],[1.7208333333333337,42.19833333333334],[1.7183333333333335,42.218333333333334],[1.7075000000000002,42.22166666666667],[1.7025000000000001,42.240833333333335],[1.6900000000000002,42.248333333333335],[1.6616666666666668,42.25],[1.6566666666666667,42.255]]]}},{"id":"34","type":"Feature","properties":{"gauge_id":"EA072"},"geometry":{"type":"Polygon","coordinates":[[[2.2558333333333334,42.43916666666667],[2.2475,42.43000000000001],[2.2350000000000003,42.42666666666667],[2.2441666666666666,42.41583333333334],[2.2391666666666667,42.40833333333334],[2.246666666666667,42.395833333333336],[2.2358333333333333,42.377500000000005],[2.2183333333333333,42.36750000000001],[2.2225,42.362500000000004],[2.2216666666666667,42.33916666666667],[2.229166666666667,42.333333333333336],[2.2441666666666666,42.334166666666675],[2.2525,42.32916666666667],[2.2608333333333337,42.32000000000001],[2.2633333333333336,42.30833333333334],[2.276666666666667,42.30250000000001],[2.279166666666667,42.29500000000001],[2.2600000000000002,42.285000000000004],[2.2208333333333337,42.279166666666676],[2.2108333333333334,42.28166666666667],[2.2083333333333335,42.26500000000001],[2.2233333333333336,42.26500000000001],[2.2275,42.25750000000001],[2.236666666666667,42.25583333333334],[2.2408333333333337,42.2475],[2.2375000000000003,42.21000000000001],[2.2441666666666666,42.2],[2.2533333333333334,42.201666666666675],[2.2675,42.215833333333336],[2.274166666666667,42.212500000000006],[2.2758333333333334,42.20416666666667],[2.3333333333333335,42.20416666666667],[2.335,42.216666666666676],[2.3433333333333337,42.21833333333334],[2.3441666666666667,42.241666666666674],[2.3833333333333333,42.255],[2.3758333333333335,42.2625],[2.3758333333333335,42.27],[2.39,42.279166666666676],[2.3958333333333335,42.290000000000006],[2.3833333333333333,42.29500000000001],[2.381666666666667,42.30250000000001],[2.4116666666666666,42.322500000000005],[2.4275,42.326666666666675],[2.4308333333333336,42.35083333333334],[2.4575,42.36333333333334],[2.456666666666667,42.36916666666667],[2.4450000000000003,42.370000000000005],[2.435,42.37666666666667],[2.4333333333333336,42.39416666666667],[2.4133333333333336,42.39166666666667],[2.381666666666667,42.40166666666667],[2.3625000000000003,42.4025],[2.3475,42.40833333333334],[2.3458333333333337,42.41666666666667],[2.3241666666666667,42.41833333333334],[2.315,42.429166666666674],[2.3058333333333336,42.43000000000001],[2.295,42.42333333333334],[2.2558333333333334,42.43916666666667]]]}},{"id":"35","type":"Feature","properties":{"gauge_id":"EA074"},"geometry":{"type":"Polygon","coordinates":[[[1.5408333333333335,41.7575],[1.5408333333333335,41.75],[1.534166666666667,41.745],[1.5375000000000003,41.73833333333334],[1.5066666666666668,41.735],[1.501666666666667,41.73166666666667],[1.501666666666667,41.72],[1.491666666666667,41.721666666666664],[1.4883333333333335,41.714166666666664],[1.4675000000000002,41.715833333333336],[1.4641666666666668,41.70333333333333],[1.449166666666667,41.705],[1.4533333333333336,41.69083333333333],[1.4458333333333335,41.67666666666667],[1.449166666666667,41.665],[1.4350000000000003,41.66833333333334],[1.436666666666667,41.659166666666664],[1.4225000000000003,41.65416666666667],[1.424166666666667,41.645],[1.4158333333333335,41.64333333333333],[1.4100000000000004,41.6275],[1.4016666666666668,41.62],[1.3975000000000002,41.608333333333334],[1.4016666666666668,41.59916666666667],[1.3908333333333336,41.5875],[1.3916666666666668,41.57666666666667],[1.4008333333333336,41.56666666666667],[1.3975000000000002,41.56],[1.4075000000000002,41.55166666666667],[1.4450000000000003,41.55083333333334],[1.446666666666667,41.5375],[1.4900000000000002,41.52166666666667],[1.4683333333333335,41.51583333333333],[1.4625000000000004,41.50833333333333],[1.4608333333333337,41.48833333333334],[1.466666666666667,41.4875],[1.4700000000000002,41.47666666666667],[1.4625000000000004,41.47],[1.4550000000000003,41.47083333333333],[1.4508333333333336,41.45916666666667],[1.4533333333333336,41.450833333333335],[1.469166666666667,41.44083333333333],[1.461666666666667,41.43083333333333],[1.496666666666667,41.43666666666667],[1.5458333333333336,41.46083333333333],[1.5733333333333337,41.443333333333335],[1.581666666666667,41.446666666666665],[1.5858333333333337,41.443333333333335],[1.5908333333333335,41.45],[1.6183333333333336,41.455],[1.6325000000000003,41.4425],[1.6358333333333337,41.42666666666667],[1.6525000000000003,41.413333333333334],[1.6716666666666669,41.405833333333334],[1.6800000000000002,41.395],[1.6925000000000003,41.39416666666666],[1.7016666666666669,41.38333333333333],[1.779166666666667,41.36],[1.8008333333333337,41.36416666666667],[1.8100000000000003,41.376666666666665],[1.811666666666667,41.39416666666666],[1.821666666666667,41.40083333333333],[1.8433333333333337,41.409166666666664],[1.849166666666667,41.40416666666667],[1.8625000000000003,41.40416666666667],[1.866666666666667,41.41166666666667],[1.8816666666666668,41.41166666666667],[1.886666666666667,41.41583333333333],[1.8925000000000003,41.43083333333333],[1.916666666666667,41.4325],[1.926666666666667,41.44166666666667],[1.9233333333333338,41.46083333333333],[1.936666666666667,41.46666666666667],[1.9300000000000002,41.47083333333333],[1.9283333333333337,41.479166666666664],[1.909166666666667,41.473333333333336],[1.896666666666667,41.479166666666664],[1.8750000000000002,41.47833333333333],[1.8550000000000002,41.48416666666667],[1.8400000000000003,41.49916666666667],[1.7850000000000001,41.5025],[1.761666666666667,41.51166666666667],[1.7633333333333336,41.535833333333336],[1.7566666666666668,41.55833333333334],[1.7333333333333336,41.58083333333333],[1.7333333333333336,41.6],[1.7483333333333335,41.611666666666665],[1.7475000000000003,41.615833333333335],[1.7175000000000002,41.623333333333335],[1.6925000000000003,41.63583333333333],[1.6875000000000002,41.655833333333334],[1.6800000000000002,41.655833333333334],[1.666666666666667,41.66583333333333],[1.6033333333333335,41.660000000000004],[1.5875000000000004,41.670833333333334],[1.5808333333333335,41.6775],[1.5825000000000002,41.68416666666667],[1.574166666666667,41.689166666666665],[1.579166666666667,41.71],[1.5658333333333336,41.73083333333334],[1.5566666666666669,41.73083333333334],[1.559166666666667,41.748333333333335],[1.5533333333333337,41.75666666666667],[1.5408333333333335,41.7575]],[[1.449166666666667,41.66416666666667],[1.4500000000000002,41.665],[1.4500000000000002,41.66416666666667],[1.449166666666667,41.66416666666667]],[[1.4500000000000002,41.663333333333334],[1.4508333333333336,41.66416666666667],[1.4508333333333336,41.663333333333334],[1.4500000000000002,41.663333333333334]]]}},{"id":"36","type":"Feature","properties":{"gauge_id":"EA076"},"geometry":{"type":"Polygon","coordinates":[[[2.004166666666667,41.67583333333334],[1.986666666666667,41.663333333333334],[1.9758333333333336,41.66583333333334],[1.969166666666667,41.65916666666667],[1.971666666666667,41.642500000000005],[1.981666666666667,41.6325],[1.979166666666667,41.625],[1.9900000000000002,41.61666666666667],[1.9841666666666669,41.600833333333334],[1.9925000000000004,41.58833333333334],[1.9925000000000004,41.5825],[1.9833333333333336,41.575833333333335],[1.991666666666667,41.540000000000006],[1.979166666666667,41.52416666666667],[1.9841666666666669,41.495000000000005],[1.9800000000000002,41.472500000000004],[1.989166666666667,41.46666666666667],[1.986666666666667,41.4575],[1.9958333333333336,41.44833333333334],[2.0233333333333334,41.4575],[2.0325,41.4425],[2.0625000000000004,41.44666666666667],[2.076666666666667,41.443333333333335],[2.075,41.44916666666667],[2.064166666666667,41.45416666666667],[2.0708333333333337,41.46333333333334],[2.0708333333333337,41.473333333333336],[2.0650000000000004,41.475],[2.0716666666666668,41.47833333333334],[2.0700000000000003,41.487500000000004],[2.0633333333333335,41.49916666666667],[2.0633333333333335,41.50666666666667],[2.068333333333334,41.510000000000005],[2.064166666666667,41.52],[2.048333333333334,41.53333333333334],[2.0375,41.58083333333334],[2.024166666666667,41.5925],[2.0275000000000003,41.615833333333335],[2.0200000000000005,41.63],[2.0208333333333335,41.64],[2.0100000000000002,41.655833333333334],[2.011666666666667,41.665000000000006],[2.004166666666667,41.67583333333334]]]}},{"id":"37","type":"Feature","properties":{"gauge_id":"EA077"},"geometry":{"type":"Polygon","coordinates":[[[2.101666666666667,42.14083333333334],[2.0716666666666668,42.1375],[2.068333333333334,42.12166666666667],[2.0583333333333336,42.120000000000005],[2.056666666666667,42.10833333333334],[2.044166666666667,42.106666666666676],[2.041666666666667,42.090833333333336],[2.0308333333333337,42.0825],[2.0333333333333337,42.07083333333334],[2.0183333333333335,42.04916666666667],[2.0250000000000004,42.040000000000006],[2.0233333333333334,42.02250000000001],[2.0133333333333336,42.0125],[1.9975000000000003,42.006666666666675],[1.9975000000000003,41.999166666666675],[1.989166666666667,41.99000000000001],[1.959166666666667,41.972500000000004],[1.961666666666667,41.965],[1.956666666666667,41.95250000000001],[1.9708333333333337,41.929166666666674],[1.971666666666667,41.917500000000004],[1.9375000000000002,41.87083333333334],[1.9416666666666669,41.85583333333334],[1.926666666666667,41.83583333333334],[1.934166666666667,41.825],[1.916666666666667,41.82000000000001],[1.9208333333333336,41.80250000000001],[1.916666666666667,41.78833333333334],[1.9258333333333337,41.77583333333334],[1.9575000000000002,41.77333333333334],[2.0050000000000003,41.79750000000001],[2.0433333333333334,41.80166666666667],[2.046666666666667,41.80833333333334],[2.0733333333333337,41.81333333333334],[2.0808333333333335,41.819166666666675],[2.0758333333333336,41.82833333333334],[2.0783333333333336,41.83500000000001],[2.0900000000000003,41.83500000000001],[2.0933333333333337,41.84250000000001],[2.1000000000000005,41.837500000000006],[2.1075000000000004,41.85750000000001],[2.12,41.856666666666676],[2.1333333333333337,41.849166666666676],[2.1325000000000003,41.859166666666674],[2.146666666666667,41.89083333333334],[2.1325000000000003,41.92583333333334],[2.139166666666667,41.93083333333334],[2.141666666666667,41.94083333333334],[2.1350000000000002,41.955000000000005],[2.1408333333333336,41.970000000000006],[2.151666666666667,41.976666666666674],[2.16,41.991666666666674],[2.1483333333333334,42.00083333333334],[2.1500000000000004,42.006666666666675],[2.136666666666667,42.02666666666667],[2.124166666666667,42.03000000000001],[2.130833333333334,42.042500000000004],[2.1225000000000005,42.05166666666667],[2.12,42.06666666666667],[2.1258333333333335,42.07750000000001],[2.1383333333333336,42.08083333333334],[2.1358333333333337,42.09],[2.1425000000000005,42.091666666666676],[2.1433333333333335,42.09666666666667],[2.1325000000000003,42.097500000000004],[2.1275000000000004,42.10750000000001],[2.099166666666667,42.12250000000001],[2.101666666666667,42.14083333333334]]]}},{"id":"38","type":"Feature","properties":{"gauge_id":"EA078"},"geometry":{"type":"Polygon","coordinates":[[[1.8933333333333335,42.32],[1.8783333333333336,42.31333333333333],[1.8500000000000003,42.31166666666667],[1.8275000000000003,42.30083333333334],[1.804166666666667,42.3025],[1.7975000000000003,42.295],[1.7800000000000002,42.29083333333333],[1.7433333333333336,42.2925],[1.736666666666667,42.284166666666664],[1.7125000000000004,42.28333333333333],[1.6900000000000002,42.276666666666664],[1.6908333333333336,42.263333333333335],[1.6850000000000003,42.25666666666667],[1.6900000000000002,42.2475],[1.7025000000000003,42.240833333333335],[1.7075000000000002,42.221666666666664],[1.7183333333333337,42.218333333333334],[1.7208333333333337,42.19833333333333],[1.7583333333333335,42.17916666666667],[1.7733333333333337,42.18333333333334],[1.779166666666667,42.19],[1.8025000000000002,42.18083333333333],[1.8333333333333337,42.18666666666667],[1.871666666666667,42.215833333333336],[1.8891666666666669,42.20916666666667],[1.9200000000000004,42.20666666666666],[1.9233333333333336,42.200833333333335],[1.934166666666667,42.2],[1.9425000000000003,42.20583333333333],[1.9533333333333336,42.19916666666667],[2.0108333333333337,42.193333333333335],[2.019166666666667,42.196666666666665],[2.0233333333333334,42.21333333333333],[2.036666666666667,42.211666666666666],[2.049166666666667,42.219166666666666],[2.049166666666667,42.24],[2.041666666666667,42.2425],[2.0425000000000004,42.255],[2.0533333333333337,42.25666666666667],[2.0525,42.2675],[2.059166666666667,42.27],[2.0650000000000004,42.280833333333334],[2.08,42.285000000000004],[2.0233333333333334,42.30916666666667],[1.954166666666667,42.29416666666667],[1.946666666666667,42.3025],[1.9208333333333336,42.30416666666667],[1.9058333333333337,42.318333333333335],[1.8933333333333335,42.32]]]}},{"id":"39","type":"Feature","properties":{"gauge_id":"EA079"},"geometry":{"type":"Polygon","coordinates":[[[1.2841666666666667,41.51083333333334],[1.2608333333333333,41.491666666666674],[1.2033333333333334,41.49666666666667],[1.1916666666666667,41.49],[1.1691666666666667,41.49],[1.1616666666666666,41.483333333333334],[1.1375,41.4825],[1.1008333333333333,41.465],[1.0808333333333333,41.465],[1.0641666666666667,41.45666666666667],[1.0566666666666666,41.44416666666667],[1.0458333333333334,41.44166666666667],[1.0441666666666667,41.435],[1.0341666666666667,41.436666666666675],[1.0258333333333334,41.4275],[0.9991666666666666,41.41666666666667],[1.0066666666666666,41.40583333333334],[0.9933333333333334,41.39416666666667],[0.9925,41.388333333333335],[0.9808333333333333,41.39083333333334],[0.9733333333333334,41.38416666666667],[0.9725,41.374166666666675],[0.9633333333333334,41.366666666666674],[0.9625,41.35583333333334],[0.9575,41.355000000000004],[0.9625,41.34333333333334],[0.9983333333333333,41.33583333333334],[1.0033333333333334,41.325833333333335],[1.0133333333333334,41.32833333333334],[1.0075,41.318333333333335],[1.0116666666666667,41.310833333333335],[0.9925,41.29916666666667],[0.9941666666666666,41.29166666666667],[1.0091666666666668,41.29083333333334],[1.0225,41.28083333333334],[1.0425,41.27583333333334],[1.0466666666666666,41.26916666666667],[1.0541666666666667,41.26916666666667],[1.0591666666666666,41.2625],[1.0558333333333334,41.25166666666667],[1.0633333333333335,41.248333333333335],[1.06,41.23583333333334],[1.0766666666666667,41.22583333333334],[1.0766666666666667,41.21916666666667],[1.1400000000000001,41.215833333333336],[1.1575,41.19416666666667],[1.2,41.17666666666667],[1.2116666666666667,41.16333333333334],[1.2116666666666667,41.15583333333334],[1.2308333333333334,41.14333333333334],[1.2366666666666668,41.14916666666667],[1.2741666666666667,41.155],[1.2708333333333335,41.15916666666667],[1.2816666666666667,41.17333333333334],[1.2825,41.185833333333335],[1.295,41.197500000000005],[1.2958333333333334,41.22083333333334],[1.2908333333333335,41.230000000000004],[1.295,41.24333333333334],[1.3133333333333335,41.25166666666667],[1.3275000000000001,41.267500000000005],[1.3125,41.290000000000006],[1.3216666666666668,41.3025],[1.3425,41.31416666666667],[1.3575,41.36916666666667],[1.3558333333333334,41.37666666666667],[1.3366666666666667,41.38666666666667],[1.3358333333333334,41.39416666666667],[1.3108333333333333,41.407500000000006],[1.3091666666666666,41.42],[1.3033333333333335,41.42666666666667],[1.3083333333333333,41.43750000000001],[1.3208333333333333,41.44583333333334],[1.3191666666666668,41.45416666666667],[1.3283333333333334,41.46833333333334],[1.3208333333333333,41.50333333333334],[1.3075,41.50416666666667],[1.3033333333333335,41.51083333333334],[1.2841666666666667,41.51083333333334]]]}},{"id":"40","type":"Feature","properties":{"gauge_id":"EA080"},"geometry":{"type":"MultiPolygon","coordinates":[[[[1.9358333333333335,42.30583333333334],[1.9641666666666668,42.32750000000001],[1.981666666666667,42.32750000000001],[1.9950000000000003,42.340833333333336],[2.0158333333333336,42.34666666666667],[2.0233333333333334,42.35666666666667],[2.0600000000000005,42.35833333333334],[2.0716666666666668,42.36583333333334],[2.086666666666667,42.36333333333334],[2.089166666666667,42.374166666666675],[2.116666666666667,42.38333333333334],[2.115,42.395],[2.1225000000000005,42.39750000000001],[2.1258333333333335,42.410833333333336],[2.1575,42.42416666666667],[2.204166666666667,42.41666666666667],[2.214166666666667,42.42333333333334],[2.2475000000000005,42.43000000000001],[2.2575000000000003,42.43916666666667],[2.2950000000000004,42.42333333333334],[2.3058333333333336,42.43000000000001],[2.3150000000000004,42.429166666666674],[2.324166666666667,42.41833333333334],[2.3458333333333337,42.41666666666667],[2.3475,42.40833333333334],[2.3625000000000003,42.4025],[2.381666666666667,42.40166666666667],[2.4133333333333336,42.39166666666667],[2.4333333333333336,42.39416666666667],[2.4350000000000005,42.37666666666667],[2.4450000000000003,42.370000000000005],[2.4558333333333335,42.370000000000005],[2.4575000000000005,42.36333333333334],[2.4308333333333336,42.35083333333334],[2.4275,42.326666666666675],[2.411666666666667,42.322500000000005],[2.381666666666667,42.30250000000001],[2.3833333333333337,42.29500000000001],[2.3958333333333335,42.290000000000006],[2.39,42.279166666666676],[2.3758333333333335,42.27],[2.3758333333333335,42.2625],[2.3833333333333337,42.255],[2.344166666666667,42.241666666666674],[2.3433333333333337,42.21833333333334],[2.3333333333333335,42.21333333333334],[2.3333333333333335,42.205000000000005],[2.3458333333333337,42.20333333333334],[2.346666666666667,42.19500000000001],[2.3558333333333334,42.194166666666675],[2.3583333333333334,42.18833333333334],[2.3533333333333335,42.171666666666674],[2.336666666666667,42.167500000000004],[2.341666666666667,42.15166666666667],[2.3500000000000005,42.14833333333334],[2.3508333333333336,42.138333333333335],[2.3800000000000003,42.12500000000001],[2.374166666666667,42.11916666666667],[2.3775000000000004,42.105000000000004],[2.416666666666667,42.102500000000006],[2.416666666666667,42.09250000000001],[2.406666666666667,42.07833333333334],[2.411666666666667,42.069166666666675],[2.424166666666667,42.06333333333334],[2.4850000000000003,42.06416666666667],[2.4775,42.07416666666667],[2.480833333333334,42.08583333333334],[2.4725,42.10583333333334],[2.4925,42.12083333333334],[2.4866666666666672,42.13583333333334],[2.5183333333333335,42.13],[2.535,42.13250000000001],[2.5516666666666667,42.12166666666667],[2.556666666666667,42.12583333333334],[2.5733333333333337,42.12500000000001],[2.583333333333334,42.11333333333334],[2.604166666666667,42.11333333333334],[2.6075000000000004,42.10750000000001],[2.6275000000000004,42.101666666666674],[2.6325000000000003,42.09666666666667],[2.631666666666667,42.08833333333334],[2.6858333333333335,42.083333333333336],[2.694166666666667,42.09583333333334],[2.7008333333333336,42.09583333333334],[2.7008333333333336,42.101666666666674],[2.7108333333333334,42.112500000000004],[2.7250000000000005,42.11916666666667],[2.726666666666667,42.135000000000005],[2.734166666666667,42.13666666666667],[2.7366666666666672,42.14416666666667],[2.7483333333333335,42.14833333333334],[2.751666666666667,42.145],[2.7800000000000002,42.14833333333334],[2.7908333333333335,42.16833333333334],[2.8016666666666667,42.160000000000004],[2.8200000000000003,42.15833333333334],[2.839166666666667,42.13666666666667],[2.8433333333333337,42.14166666666667],[2.8508333333333336,42.13666666666667],[2.859166666666667,42.14083333333334],[2.8758333333333335,42.138333333333335],[2.878333333333334,42.131666666666675],[2.8933333333333335,42.12666666666667],[2.9058333333333337,42.13333333333334],[2.9258333333333337,42.12583333333334],[2.9333333333333336,42.13],[2.9458333333333337,42.12333333333334],[2.9608333333333334,42.12500000000001],[2.9700000000000006,42.11166666666667],[2.975833333333334,42.11833333333334],[2.9891666666666667,42.112500000000004],[2.998333333333334,42.11416666666667],[3.003333333333334,42.109166666666674],[3.0150000000000006,42.11750000000001],[3.0266666666666673,42.112500000000004],[3.035,42.11750000000001],[3.041666666666667,42.11083333333334],[3.0500000000000003,42.112500000000004],[3.065833333333334,42.090833333333336],[3.0875000000000004,42.08583333333334],[3.099166666666667,42.076666666666675],[3.134166666666667,42.06583333333334],[3.141666666666667,42.05833333333334],[3.1275000000000004,42.04833333333334],[3.1258333333333335,42.03333333333334],[3.110833333333334,42.03416666666667],[3.099166666666667,42.025000000000006],[3.099166666666667,41.99250000000001],[3.0850000000000004,41.98500000000001],[3.0808333333333335,41.97166666666667],[3.079166666666667,41.9575],[3.083333333333334,41.94583333333334],[3.0758333333333336,41.936666666666675],[3.079166666666667,41.91916666666667],[3.086666666666667,41.91916666666667],[3.0891666666666673,41.914166666666674],[3.0975,41.91916666666667],[3.106666666666667,41.90666666666667],[3.0950000000000006,41.895],[3.065833333333334,41.90166666666667],[3.064166666666667,41.89750000000001],[3.039166666666667,41.895],[3.0325000000000006,41.888333333333335],[3.0275000000000003,41.89166666666667],[3.016666666666667,41.8875],[2.9891666666666667,41.888333333333335],[2.981666666666667,41.881666666666675],[2.981666666666667,41.870000000000005],[2.9700000000000006,41.86916666666667],[2.958333333333334,41.852500000000006],[2.9575000000000005,41.841666666666676],[2.921666666666667,41.834166666666675],[2.9108333333333336,41.825833333333335],[2.9083333333333337,41.81666666666667],[2.9150000000000005,41.81250000000001],[2.914166666666667,41.79416666666667],[2.9225000000000003,41.78416666666667],[2.919166666666667,41.77250000000001],[2.8875,41.77666666666667],[2.878333333333334,41.78333333333334],[2.8616666666666672,41.78416666666667],[2.854166666666667,41.789166666666674],[2.8550000000000004,41.804166666666674],[2.851666666666667,41.807500000000005],[2.834166666666667,41.80583333333334],[2.8125000000000004,41.85333333333334],[2.7808333333333337,41.847500000000004],[2.774166666666667,41.85083333333334],[2.774166666666667,41.85583333333334],[2.7583333333333337,41.859166666666674],[2.7550000000000003,41.86833333333334],[2.734166666666667,41.86416666666667],[2.7275000000000005,41.870000000000005],[2.6983333333333337,41.870000000000005],[2.6833333333333336,41.87666666666667],[2.6766666666666667,41.8875],[2.659166666666667,41.89166666666667],[2.6333333333333337,41.910000000000004],[2.6141666666666667,41.915000000000006],[2.604166666666667,41.910833333333336],[2.589166666666667,41.91250000000001],[2.5825000000000005,41.90166666666667],[2.5675000000000003,41.89750000000001],[2.5458333333333334,41.90833333333334],[2.5358333333333336,41.89833333333334],[2.524166666666667,41.90083333333334],[2.5250000000000004,41.89166666666667],[2.5175,41.8875],[2.521666666666667,41.8725],[2.4750000000000005,41.87666666666667],[2.469166666666667,41.870000000000005],[2.451666666666667,41.86916666666667],[2.451666666666667,41.862500000000004],[2.4375000000000004,41.86000000000001],[2.424166666666667,41.837500000000006],[2.4108333333333336,41.83083333333334],[2.396666666666667,41.80583333333334],[2.3875,41.80500000000001],[2.380833333333334,41.81],[2.371666666666667,41.804166666666674],[2.3550000000000004,41.807500000000005],[2.349166666666667,41.81666666666667],[2.331666666666667,41.82333333333334],[2.305,41.81666666666667],[2.2858333333333336,41.825833333333335],[2.276666666666667,41.819166666666675],[2.2616666666666667,41.84250000000001],[2.2475000000000005,41.85333333333334],[2.2425,41.84666666666667],[2.2208333333333337,41.847500000000004],[2.2208333333333337,41.84416666666667],[2.201666666666667,41.84250000000001],[2.1975000000000002,41.84666666666667],[2.179166666666667,41.84416666666667],[2.1708333333333334,41.847500000000004],[2.1708333333333334,41.83916666666667],[2.159166666666667,41.84],[2.1558333333333337,41.845000000000006],[2.136666666666667,41.84416666666667],[2.1325000000000003,41.847500000000004],[2.1325000000000003,41.859166666666674],[2.146666666666667,41.895833333333336],[2.1325000000000003,41.92583333333334],[2.139166666666667,41.93083333333334],[2.141666666666667,41.94083333333334],[2.1350000000000002,41.955000000000005],[2.1408333333333336,41.970000000000006],[2.151666666666667,41.976666666666674],[2.16,41.991666666666674],[2.1483333333333334,42.00083333333334],[2.1500000000000004,42.006666666666675],[2.136666666666667,42.02666666666667],[2.124166666666667,42.03000000000001],[2.130833333333334,42.042500000000004],[2.1225000000000005,42.05166666666667],[2.12,42.06666666666667],[2.1258333333333335,42.07750000000001],[2.1383333333333336,42.08083333333334],[2.1358333333333337,42.09],[2.1425,42.091666666666676],[2.1433333333333335,42.09666666666667],[2.1325000000000003,42.097500000000004],[2.1275000000000004,42.10750000000001],[2.099166666666667,42.1225],[2.101666666666667,42.14083333333334],[2.0925000000000002,42.145],[2.1133333333333337,42.167500000000004],[2.1008333333333336,42.16666666666667],[2.0933333333333337,42.17833333333334],[2.095,42.18166666666667],[2.088333333333334,42.186666666666675],[2.091666666666667,42.201666666666675],[2.0825000000000005,42.215833333333336],[2.0500000000000003,42.21916666666667],[2.049166666666667,42.24000000000001],[2.041666666666667,42.24250000000001],[2.0425000000000004,42.255],[2.0533333333333337,42.256666666666675],[2.0525,42.267500000000005],[2.059166666666667,42.27],[2.0650000000000004,42.28083333333334],[2.08,42.285833333333336],[2.0233333333333334,42.30916666666667],[1.9550000000000003,42.29416666666667],[1.9358333333333335,42.30583333333334]]],[[[1.9358333333333335,42.304166666666674],[1.9350000000000003,42.30333333333334],[1.9350000000000003,42.304166666666674],[1.9358333333333335,42.304166666666674]]]]}},{"id":"41","type":"Feature","properties":{"gauge_id":"EA081"},"geometry":{"type":"Polygon","coordinates":[[[2.6133333333333333,41.915000000000006],[2.604166666666667,41.910833333333336],[2.589166666666667,41.91250000000001],[2.5825,41.90166666666667],[2.5675,41.89750000000001],[2.555,41.90666666666667],[2.544166666666667,41.90833333333334],[2.5358333333333336,41.89833333333334],[2.524166666666667,41.90083333333334],[2.525,41.89166666666667],[2.5175,41.8875],[2.521666666666667,41.87166666666667],[2.526666666666667,41.87166666666667],[2.5225,41.85416666666667],[2.529166666666667,41.84250000000001],[2.5575,41.83583333333334],[2.5575,41.819166666666675],[2.5625,41.81083333333334],[2.5808333333333335,41.79833333333334],[2.5966666666666667,41.77666666666667],[2.6325000000000003,41.77416666666667],[2.649166666666667,41.76833333333334],[2.6591666666666667,41.76333333333334],[2.6591666666666667,41.756666666666675],[2.6708333333333334,41.74666666666667],[2.6858333333333335,41.75000000000001],[2.685,41.77],[2.6908333333333334,41.782500000000006],[2.7016666666666667,41.79083333333334],[2.714166666666667,41.78166666666667],[2.7158333333333333,41.76833333333334],[2.7225,41.77],[2.7333333333333334,41.7625],[2.734166666666667,41.75083333333334],[2.7758333333333334,41.74583333333334],[2.7783333333333333,41.73666666666667],[2.7825,41.73666666666667],[2.8000000000000003,41.74250000000001],[2.8258333333333336,41.74083333333334],[2.8283333333333336,41.74583333333334],[2.845,41.74833333333334],[2.841666666666667,41.75833333333334],[2.854166666666667,41.76583333333334],[2.8666666666666667,41.76583333333334],[2.8733333333333335,41.77666666666667],[2.8841666666666668,41.77833333333334],[2.854166666666667,41.789166666666674],[2.8516666666666666,41.807500000000005],[2.834166666666667,41.80583333333334],[2.8125,41.85333333333334],[2.7808333333333333,41.847500000000004],[2.774166666666667,41.85083333333334],[2.774166666666667,41.85583333333334],[2.7583333333333333,41.859166666666674],[2.755,41.86833333333334],[2.734166666666667,41.86416666666667],[2.7275,41.870000000000005],[2.6983333333333333,41.870000000000005],[2.6833333333333336,41.87666666666667],[2.6766666666666667,41.8875],[2.6591666666666667,41.89166666666667],[2.6333333333333333,41.910000000000004],[2.6133333333333333,41.915000000000006]]]}},{"id":"42","type":"Feature","properties":{"gauge_id":"EA082"},"geometry":{"type":"Polygon","coordinates":[[[2.8133333333333335,42.325833333333335],[2.815,42.31166666666667],[2.8025,42.3125],[2.7758333333333334,42.295833333333334],[2.7533333333333334,42.29083333333334],[2.7266666666666666,42.295],[2.714166666666667,42.28916666666667],[2.691666666666667,42.295],[2.6908333333333334,42.27916666666667],[2.6933333333333334,42.274166666666666],[2.709166666666667,42.26833333333334],[2.7083333333333335,42.25833333333333],[2.7358333333333333,42.255],[2.7491666666666665,42.267500000000005],[2.7691666666666666,42.2625],[2.8325,42.21666666666667],[2.8383333333333334,42.219166666666666],[2.896666666666667,42.1925],[2.9058333333333333,42.19916666666667],[2.9208333333333334,42.19416666666667],[2.9408333333333334,42.20333333333333],[2.9433333333333334,42.21333333333334],[2.9691666666666667,42.237500000000004],[2.9633333333333334,42.245000000000005],[2.9533333333333336,42.24583333333334],[2.9450000000000003,42.25833333333333],[2.92,42.27333333333333],[2.9158333333333335,42.280833333333334],[2.8941666666666666,42.28333333333334],[2.896666666666667,42.29166666666667],[2.8891666666666667,42.29833333333333],[2.8891666666666667,42.30666666666667],[2.879166666666667,42.303333333333335],[2.8633333333333333,42.31333333333333],[2.8441666666666667,42.3125],[2.8408333333333333,42.32083333333333],[2.8133333333333335,42.325833333333335]]]}},{"id":"43","type":"Feature","properties":{"gauge_id":"EA085"},"geometry":{"type":"MultiPolygon","coordinates":[[[[1.9358333333333335,42.30583333333334],[1.9641666666666668,42.32750000000001],[1.981666666666667,42.32750000000001],[1.9950000000000003,42.340833333333336],[2.0158333333333336,42.34666666666667],[2.0233333333333334,42.35666666666667],[2.0600000000000005,42.35833333333334],[2.0716666666666668,42.36583333333334],[2.086666666666667,42.36333333333334],[2.089166666666667,42.374166666666675],[2.116666666666667,42.38333333333334],[2.115,42.395],[2.1225000000000005,42.39750000000001],[2.1258333333333335,42.410833333333336],[2.1575,42.42416666666667],[2.204166666666667,42.41666666666667],[2.214166666666667,42.42333333333334],[2.2475000000000005,42.43000000000001],[2.2575000000000003,42.43916666666667],[2.2950000000000004,42.42333333333334],[2.3058333333333336,42.43000000000001],[2.3150000000000004,42.429166666666674],[2.324166666666667,42.41833333333334],[2.3458333333333337,42.41666666666667],[2.3475,42.40833333333334],[2.3625000000000003,42.4025],[2.381666666666667,42.40166666666667],[2.4133333333333336,42.39166666666667],[2.4333333333333336,42.39416666666667],[2.4350000000000005,42.37666666666667],[2.4450000000000003,42.370000000000005],[2.4558333333333335,42.370000000000005],[2.4575000000000005,42.36333333333334],[2.4308333333333336,42.35083333333334],[2.4275,42.326666666666675],[2.411666666666667,42.322500000000005],[2.381666666666667,42.30250000000001],[2.3833333333333337,42.29500000000001],[2.3958333333333335,42.290000000000006],[2.39,42.279166666666676],[2.3758333333333335,42.27],[2.3758333333333335,42.2625],[2.3833333333333337,42.255],[2.344166666666667,42.241666666666674],[2.3433333333333337,42.21833333333334],[2.3333333333333335,42.21333333333334],[2.3333333333333335,42.205000000000005],[2.3458333333333337,42.20333333333334],[2.346666666666667,42.19500000000001],[2.3558333333333334,42.194166666666675],[2.3583333333333334,42.18833333333334],[2.3533333333333335,42.171666666666674],[2.336666666666667,42.167500000000004],[2.341666666666667,42.15166666666667],[2.3500000000000005,42.14833333333334],[2.3508333333333336,42.138333333333335],[2.3800000000000003,42.12500000000001],[2.374166666666667,42.11916666666667],[2.3775000000000004,42.105000000000004],[2.4150000000000005,42.10333333333334],[2.416666666666667,42.09250000000001],[2.4075,42.07833333333334],[2.396666666666667,42.080000000000005],[2.374166666666667,42.06250000000001],[2.3525000000000005,42.057500000000005],[2.3433333333333337,42.065000000000005],[2.324166666666667,42.065000000000005],[2.296666666666667,42.050000000000004],[2.2950000000000004,42.039166666666674],[2.3100000000000005,42.021666666666675],[2.3108333333333335,42.0125],[2.3008333333333337,42.00166666666667],[2.3000000000000003,41.99333333333334],[2.2950000000000004,41.99333333333334],[2.2800000000000002,41.97833333333334],[2.2675,41.987500000000004],[2.256666666666667,41.98666666666667],[2.249166666666667,41.97916666666667],[2.2408333333333337,41.980000000000004],[2.2350000000000003,41.972500000000004],[2.2008333333333336,41.98333333333334],[2.1808333333333336,41.980000000000004],[2.1533333333333338,41.99583333333334],[2.136666666666667,42.02666666666667],[2.124166666666667,42.03000000000001],[2.130833333333334,42.042500000000004],[2.1225000000000005,42.05166666666667],[2.12,42.06666666666667],[2.1258333333333335,42.07750000000001],[2.1383333333333336,42.08083333333334],[2.1358333333333337,42.09],[2.1425,42.091666666666676],[2.1433333333333335,42.09666666666667],[2.1325000000000003,42.097500000000004],[2.1275000000000004,42.10750000000001],[2.12,42.10833333333334],[2.0975,42.12500000000001],[2.101666666666667,42.14083333333334],[2.0925000000000002,42.145],[2.1133333333333337,42.167500000000004],[2.1008333333333336,42.16666666666667],[2.0933333333333337,42.17833333333334],[2.095,42.18166666666667],[2.088333333333334,42.186666666666675],[2.091666666666667,42.201666666666675],[2.0825000000000005,42.215833333333336],[2.0500000000000003,42.21916666666667],[2.049166666666667,42.24000000000001],[2.041666666666667,42.24250000000001],[2.0425000000000004,42.255],[2.0533333333333337,42.256666666666675],[2.0525,42.267500000000005],[2.059166666666667,42.27],[2.0650000000000004,42.28083333333334],[2.08,42.285833333333336],[2.0233333333333334,42.30916666666667],[1.9550000000000003,42.29416666666667],[1.9358333333333335,42.30583333333334]]],[[[1.9358333333333335,42.304166666666674],[1.9350000000000003,42.30333333333334],[1.9350000000000003,42.304166666666674],[1.9358333333333335,42.304166666666674]]]]}},{"id":"44","type":"Feature","properties":{"gauge_id":"EA086"},"geometry":{"type":"Polygon","coordinates":[[[2.011666666666667,42.30916666666667],[1.9841666666666669,42.29833333333334],[1.9725000000000004,42.30083333333334],[1.9550000000000003,42.29416666666667],[1.946666666666667,42.3025],[1.9416666666666669,42.30416666666667],[1.9350000000000003,42.3025],[1.9725000000000004,42.267500000000005],[1.9775000000000003,42.2575],[1.9950000000000003,42.2575],[2.0033333333333334,42.25833333333333],[2.004166666666667,42.26666666666667],[2.024166666666667,42.267500000000005],[2.025833333333334,42.282500000000006],[2.048333333333334,42.29666666666667],[2.0383333333333336,42.305],[2.011666666666667,42.30916666666667]]]}},{"id":"45","type":"Feature","properties":{"gauge_id":"EA089"},"geometry":{"type":"Polygon","coordinates":[[[2.6133333333333337,41.915000000000006],[2.604166666666667,41.910833333333336],[2.589166666666667,41.91250000000001],[2.5825000000000005,41.90166666666667],[2.5675000000000003,41.89750000000001],[2.5458333333333334,41.90833333333334],[2.5358333333333336,41.89833333333334],[2.524166666666667,41.90083333333334],[2.5250000000000004,41.89166666666667],[2.5175,41.8875],[2.521666666666667,41.87250000000001],[2.475,41.87666666666667],[2.4691666666666667,41.870000000000005],[2.451666666666667,41.86916666666667],[2.451666666666667,41.862500000000004],[2.4375000000000004,41.86000000000001],[2.424166666666667,41.837500000000006],[2.4108333333333336,41.83083333333334],[2.400833333333334,41.80833333333334],[2.3875,41.80500000000001],[2.3775000000000004,41.81000000000001],[2.371666666666667,41.804166666666674],[2.354166666666667,41.80833333333334],[2.3433333333333337,41.79916666666667],[2.3425000000000002,41.790000000000006],[2.3283333333333336,41.786666666666676],[2.3283333333333336,41.775000000000006],[2.346666666666667,41.749166666666675],[2.3783333333333334,41.73916666666667],[2.3883333333333336,41.71083333333334],[2.4066666666666667,41.70083333333334],[2.4275,41.67333333333334],[2.4375000000000004,41.669166666666676],[2.4358333333333335,41.665000000000006],[2.4483333333333337,41.645],[2.481666666666667,41.64083333333334],[2.486666666666667,41.63666666666667],[2.4825000000000004,41.627500000000005],[2.4975000000000005,41.62333333333334],[2.529166666666667,41.62833333333334],[2.5500000000000003,41.661666666666676],[2.5975,41.65833333333334],[2.6141666666666667,41.661666666666676],[2.626666666666667,41.68500000000001],[2.639166666666667,41.69666666666667],[2.6366666666666667,41.709166666666675],[2.650833333333334,41.722500000000004],[2.6675000000000004,41.71833333333334],[2.6825,41.73666666666667],[2.7025,41.74250000000001],[2.7100000000000004,41.76333333333334],[2.716666666666667,41.76916666666667],[2.7333333333333334,41.7625],[2.731666666666667,41.75416666666667],[2.7391666666666667,41.74833333333334],[2.775833333333334,41.74583333333334],[2.7783333333333338,41.73666666666667],[2.7825,41.73666666666667],[2.8000000000000003,41.74250000000001],[2.8258333333333336,41.74083333333334],[2.8283333333333336,41.74583333333334],[2.845,41.74833333333334],[2.841666666666667,41.75833333333334],[2.854166666666667,41.76583333333334],[2.866666666666667,41.76583333333334],[2.8733333333333335,41.77666666666667],[2.884166666666667,41.77833333333334],[2.854166666666667,41.789166666666674],[2.851666666666667,41.807500000000005],[2.834166666666667,41.80583333333334],[2.8125000000000004,41.85333333333334],[2.7808333333333337,41.847500000000004],[2.774166666666667,41.85083333333334],[2.774166666666667,41.85583333333334],[2.7583333333333337,41.859166666666674],[2.7550000000000003,41.86833333333334],[2.734166666666667,41.86416666666667],[2.7275,41.870000000000005],[2.6983333333333337,41.870000000000005],[2.6833333333333336,41.87666666666667],[2.6766666666666667,41.8875],[2.659166666666667,41.89166666666667],[2.6333333333333337,41.910000000000004],[2.6133333333333337,41.915000000000006]]]}},{"id":"46","type":"Feature","properties":{"gauge_id":"EA093"},"geometry":{"type":"Polygon","coordinates":[[[1.8933333333333335,42.32],[1.8783333333333336,42.31333333333333],[1.8500000000000003,42.31166666666667],[1.8275000000000003,42.30083333333334],[1.804166666666667,42.3025],[1.7975000000000003,42.295],[1.7800000000000002,42.29083333333333],[1.7433333333333336,42.2925],[1.736666666666667,42.284166666666664],[1.7125000000000004,42.28333333333333],[1.6900000000000004,42.276666666666664],[1.6908333333333336,42.263333333333335],[1.6850000000000003,42.259166666666665],[1.6900000000000004,42.248333333333335],[1.661666666666667,42.25],[1.656666666666667,42.255],[1.6350000000000002,42.24666666666667],[1.634166666666667,42.240833333333335],[1.6275000000000004,42.23833333333334],[1.621666666666667,42.205],[1.5958333333333337,42.200833333333335],[1.554166666666667,42.21083333333333],[1.534166666666667,42.20583333333333],[1.5275000000000003,42.19166666666667],[1.5225000000000002,42.19083333333333],[1.5225000000000002,42.17666666666667],[1.5366666666666668,42.160833333333336],[1.539166666666667,42.14],[1.5483333333333336,42.135],[1.544166666666667,42.13],[1.5450000000000004,42.104166666666664],[1.531666666666667,42.094166666666666],[1.5133333333333336,42.089166666666664],[1.5100000000000002,42.071666666666665],[1.5158333333333336,42.05916666666667],[1.509166666666667,42.045],[1.4925000000000002,42.04333333333334],[1.4858333333333336,42.04833333333333],[1.4641666666666668,42.01416666666667],[1.4725000000000001,41.990833333333335],[1.4900000000000002,41.973333333333336],[1.489166666666667,41.9575],[1.4833333333333336,41.9525],[1.4958333333333336,41.943333333333335],[1.4941666666666669,41.9275],[1.499166666666667,41.91916666666667],[1.5308333333333337,41.910000000000004],[1.541666666666667,41.9],[1.5566666666666669,41.895833333333336],[1.5566666666666669,41.86333333333334],[1.549166666666667,41.855],[1.551666666666667,41.844166666666666],[1.534166666666667,41.83416666666667],[1.549166666666667,41.810833333333335],[1.5675000000000003,41.80416666666667],[1.5658333333333336,41.79083333333333],[1.5766666666666669,41.7875],[1.5725000000000002,41.781666666666666],[1.5750000000000002,41.77166666666667],[1.5575000000000003,41.77],[1.5533333333333337,41.75666666666667],[1.5408333333333335,41.7575],[1.5408333333333335,41.75],[1.534166666666667,41.745],[1.5375000000000003,41.73833333333334],[1.5066666666666668,41.735],[1.501666666666667,41.73166666666667],[1.501666666666667,41.72],[1.491666666666667,41.721666666666664],[1.4883333333333335,41.714166666666664],[1.4675000000000002,41.715833333333336],[1.4641666666666668,41.70333333333333],[1.449166666666667,41.705],[1.4533333333333336,41.69083333333333],[1.4458333333333335,41.67666666666667],[1.449166666666667,41.665],[1.4350000000000003,41.66833333333334],[1.436666666666667,41.659166666666664],[1.4225000000000003,41.65416666666667],[1.424166666666667,41.645],[1.4133333333333336,41.64],[1.3975000000000002,41.608333333333334],[1.4016666666666668,41.59916666666667],[1.3908333333333336,41.5875],[1.3916666666666668,41.57666666666667],[1.4008333333333336,41.56666666666667],[1.3975000000000002,41.56],[1.4075000000000002,41.55166666666667],[1.4450000000000003,41.55083333333334],[1.446666666666667,41.5375],[1.4900000000000002,41.52166666666667],[1.4683333333333335,41.51583333333333],[1.4625000000000004,41.50833333333333],[1.4608333333333337,41.48833333333334],[1.466666666666667,41.4875],[1.4700000000000002,41.47666666666667],[1.4625000000000004,41.47],[1.4550000000000003,41.47083333333333],[1.4508333333333336,41.45916666666667],[1.4533333333333336,41.450833333333335],[1.469166666666667,41.44083333333333],[1.461666666666667,41.43083333333333],[1.496666666666667,41.43666666666667],[1.5458333333333336,41.46083333333333],[1.5733333333333337,41.443333333333335],[1.581666666666667,41.446666666666665],[1.5858333333333337,41.443333333333335],[1.5908333333333335,41.45],[1.6183333333333336,41.455],[1.6325000000000003,41.4425],[1.6358333333333337,41.42666666666667],[1.6525000000000003,41.413333333333334],[1.6716666666666669,41.405833333333334],[1.6800000000000002,41.395],[1.6908333333333336,41.395],[1.7016666666666669,41.38333333333333],[1.7500000000000002,41.37166666666667],[1.774166666666667,41.36],[1.8008333333333337,41.36416666666667],[1.8100000000000003,41.376666666666665],[1.811666666666667,41.39416666666666],[1.821666666666667,41.40083333333333],[1.8433333333333337,41.409166666666664],[1.8600000000000003,41.403333333333336],[1.866666666666667,41.41166666666667],[1.8791666666666669,41.4125],[1.8833333333333337,41.406666666666666],[1.8775000000000004,41.405],[1.8750000000000002,41.39333333333333],[1.8908333333333336,41.3875],[1.8825000000000003,41.37416666666667],[1.904166666666667,41.361666666666665],[1.906666666666667,41.3525],[1.914166666666667,41.355],[1.926666666666667,41.35],[1.946666666666667,41.350833333333334],[1.9458333333333337,41.3575],[1.9533333333333336,41.36833333333333],[1.9733333333333336,41.375],[1.994166666666667,41.39666666666667],[2.0150000000000006,41.38666666666667],[2.0308333333333337,41.388333333333335],[2.0625000000000004,41.41916666666667],[2.088333333333334,41.41833333333334],[2.0958333333333337,41.40833333333333],[2.119166666666667,41.420833333333334],[2.119166666666667,41.42666666666667],[2.091666666666667,41.43416666666667],[2.064166666666667,41.454166666666666],[2.0708333333333337,41.46333333333333],[2.0708333333333337,41.473333333333336],[2.0650000000000004,41.475],[2.071666666666667,41.47833333333333],[2.0700000000000003,41.4875],[2.0633333333333335,41.49916666666667],[2.0633333333333335,41.50666666666667],[2.0683333333333334,41.51],[2.064166666666667,41.52],[2.048333333333334,41.53333333333333],[2.0375000000000005,41.58083333333333],[2.024166666666667,41.5925],[2.0275000000000003,41.615833333333335],[2.0050000000000003,41.67583333333334],[2.0125,41.68083333333333],[2.009166666666667,41.6925],[2.019166666666667,41.695],[2.0208333333333335,41.7075],[2.029166666666667,41.71083333333333],[2.031666666666667,41.7175],[2.0516666666666667,41.711666666666666],[2.069166666666667,41.715833333333336],[2.0875000000000004,41.70916666666667],[2.0983333333333336,41.71083333333333],[2.1008333333333336,41.7175],[2.0958333333333337,41.72416666666667],[2.1008333333333336,41.740833333333335],[2.1100000000000003,41.75],[2.1233333333333335,41.74916666666667],[2.1425,41.75833333333333],[2.1533333333333338,41.7775],[2.168333333333334,41.788333333333334],[2.1700000000000004,41.80166666666667],[2.1850000000000005,41.81333333333333],[2.1850000000000005,41.82083333333333],[2.193333333333334,41.83],[2.1741666666666672,41.847500000000004],[2.169166666666667,41.84583333333333],[2.1708333333333334,41.839166666666664],[2.1325000000000003,41.847500000000004],[2.1325000000000003,41.85916666666667],[2.146666666666667,41.89083333333333],[2.1325000000000003,41.92583333333334],[2.139166666666667,41.93083333333333],[2.141666666666667,41.94083333333333],[2.1350000000000002,41.955],[2.1408333333333336,41.97],[2.151666666666667,41.97666666666667],[2.16,41.99166666666667],[2.1483333333333334,42.00083333333333],[2.1500000000000004,42.00666666666667],[2.1366666666666667,42.026666666666664],[2.124166666666667,42.03],[2.130833333333334,42.0425],[2.1225000000000005,42.05166666666667],[2.12,42.06666666666667],[2.1258333333333335,42.0775],[2.1383333333333336,42.08083333333333],[2.1358333333333337,42.09],[2.1425,42.09166666666667],[2.1433333333333335,42.096666666666664],[2.1325000000000003,42.097500000000004],[2.1275000000000004,42.1075],[2.12,42.108333333333334],[2.0975,42.125],[2.101666666666667,42.14083333333333],[2.0925000000000002,42.145],[2.1133333333333337,42.1675],[2.1008333333333336,42.166666666666664],[2.0933333333333337,42.178333333333335],[2.095,42.181666666666665],[2.088333333333334,42.18666666666667],[2.091666666666667,42.20166666666667],[2.0825000000000005,42.215833333333336],[2.049166666666667,42.22],[2.049166666666667,42.24],[2.041666666666667,42.2425],[2.0425000000000004,42.255],[2.0533333333333337,42.25666666666667],[2.0525,42.2675],[2.059166666666667,42.27],[2.0650000000000004,42.280833333333334],[2.079166666666667,42.28666666666667],[2.0233333333333334,42.30916666666667],[1.954166666666667,42.29416666666667],[1.946666666666667,42.3025],[1.9208333333333336,42.30416666666667],[1.9058333333333337,42.318333333333335],[1.8933333333333335,42.32]],[[1.449166666666667,41.66416666666667],[1.4500000000000002,41.665],[1.4500000000000002,41.66416666666667],[1.449166666666667,41.66416666666667]],[[1.4500000000000002,41.663333333333334],[1.4508333333333336,41.66416666666667],[1.4508333333333336,41.663333333333334],[1.4500000000000002,41.663333333333334]]]}},{"id":"47","type":"Feature","properties":{"gauge_id":"EA094"},"geometry":{"type":"Polygon","coordinates":[[[2.0100000000000002,42.19416666666667],[1.995,42.19416666666667],[1.9925000000000002,42.1725],[1.9775000000000003,42.159166666666664],[1.9758333333333336,42.15083333333333],[1.9508333333333334,42.1475],[1.9400000000000002,42.134166666666665],[1.9408333333333334,42.126666666666665],[1.9508333333333334,42.12],[1.981666666666667,42.11666666666667],[1.9975000000000003,42.11833333333333],[2.0025000000000004,42.1275],[2.0208333333333335,42.1325],[2.02,42.151666666666664],[2.026666666666667,42.153333333333336],[2.0233333333333334,42.165],[2.029166666666667,42.170833333333334],[2.0183333333333335,42.1825],[2.0100000000000002,42.18333333333334],[2.0100000000000002,42.19416666666667]]]}},{"id":"48","type":"Feature","properties":{"gauge_id":"EA095"},"geometry":{"type":"Polygon","coordinates":[[[1.9400000000000002,42.20583333333334],[1.9341666666666668,42.2],[1.9241666666666668,42.20166666666667],[1.9116666666666668,42.190000000000005],[1.9150000000000003,42.17666666666667],[1.9116666666666668,42.16833333333334],[1.9241666666666668,42.16833333333334],[1.9341666666666668,42.16166666666667],[1.9383333333333335,42.15583333333334],[1.9333333333333336,42.145],[1.939166666666667,42.14000000000001],[1.9508333333333334,42.14750000000001],[1.9758333333333336,42.15083333333334],[1.9775000000000003,42.15916666666667],[1.9925000000000002,42.17250000000001],[1.995,42.18333333333334],[1.991666666666667,42.19583333333334],[1.9533333333333336,42.19916666666667],[1.9400000000000002,42.20583333333334]]]}},{"id":"49","type":"Feature","properties":{"gauge_id":"EA096"},"geometry":{"type":"Polygon","coordinates":[[[1.7625000000000002,42.182500000000005],[1.7550000000000001,42.16166666666667],[1.7675,42.150000000000006],[1.7783333333333335,42.14833333333334],[1.7766666666666668,42.13916666666667],[1.7841666666666667,42.130833333333335],[1.7975,42.135000000000005],[1.8075,42.12666666666667],[1.83,42.12166666666667],[1.86,42.145833333333336],[1.8491666666666668,42.157500000000006],[1.8341666666666667,42.1625],[1.7808333333333335,42.16583333333334],[1.7691666666666668,42.182500000000005],[1.7625000000000002,42.182500000000005]]]}},{"id":"50","type":"Feature","properties":{"gauge_id":"EA098"},"geometry":{"type":"Polygon","coordinates":[[[1.656666666666667,42.255],[1.6350000000000002,42.24666666666667],[1.634166666666667,42.240833333333335],[1.6275000000000004,42.23833333333334],[1.624166666666667,42.2075],[1.6183333333333336,42.205000000000005],[1.6233333333333335,42.19833333333334],[1.6425000000000003,42.197500000000005],[1.651666666666667,42.18416666666667],[1.644166666666667,42.16416666666667],[1.6300000000000003,42.15166666666667],[1.669166666666667,42.14416666666667],[1.6725000000000003,42.13583333333334],[1.6925000000000003,42.135000000000005],[1.7000000000000002,42.155833333333334],[1.7300000000000002,42.16916666666667],[1.726666666666667,42.1775],[1.7333333333333336,42.19166666666667],[1.7208333333333337,42.19833333333334],[1.7183333333333337,42.218333333333334],[1.7075000000000002,42.22166666666667],[1.7025000000000003,42.240833333333335],[1.696666666666667,42.24583333333334],[1.661666666666667,42.25],[1.656666666666667,42.255]]]}},{"id":"51","type":"Feature","properties":{"gauge_id":"EA099"},"geometry":{"type":"Polygon","coordinates":[[[1.8933333333333335,42.32],[1.8783333333333334,42.31333333333333],[1.85,42.31166666666667],[1.8275000000000001,42.30083333333334],[1.804166666666667,42.3025],[1.7975000000000003,42.295],[1.7800000000000002,42.29083333333333],[1.7433333333333336,42.2925],[1.7366666666666668,42.284166666666664],[1.7125000000000001,42.28333333333333],[1.6900000000000002,42.276666666666664],[1.6908333333333334,42.263333333333335],[1.6850000000000003,42.259166666666665],[1.6900000000000002,42.248333333333335],[1.6616666666666668,42.25],[1.6566666666666667,42.255],[1.6350000000000002,42.24666666666667],[1.6341666666666668,42.240833333333335],[1.6275000000000002,42.23833333333334],[1.6241666666666668,42.2075],[1.6116666666666668,42.20166666666667],[1.5958333333333334,42.200833333333335],[1.5566666666666669,42.21083333333333],[1.534166666666667,42.20583333333333],[1.5208333333333335,42.185],[1.5275,42.1675],[1.5366666666666668,42.160833333333336],[1.5400000000000003,42.138333333333335],[1.5483333333333336,42.135],[1.544166666666667,42.13],[1.5450000000000002,42.104166666666664],[1.5316666666666667,42.094166666666666],[1.5133333333333334,42.089166666666664],[1.5100000000000002,42.071666666666665],[1.5158333333333336,42.05916666666667],[1.5091666666666668,42.045],[1.4925000000000002,42.04333333333334],[1.4858333333333336,42.04833333333333],[1.4641666666666668,42.01416666666667],[1.4725000000000001,41.990833333333335],[1.4900000000000002,41.973333333333336],[1.4891666666666667,41.9575],[1.4833333333333336,41.9525],[1.4958333333333336,41.943333333333335],[1.4941666666666669,41.9275],[1.4991666666666668,41.91916666666667],[1.5308333333333335,41.910000000000004],[1.5416666666666667,41.9],[1.5566666666666669,41.895833333333336],[1.5566666666666669,41.86333333333334],[1.5491666666666668,41.855],[1.5516666666666667,41.844166666666666],[1.534166666666667,41.83416666666667],[1.5491666666666668,41.810833333333335],[1.5675000000000001,41.80416666666667],[1.5658333333333334,41.79083333333333],[1.5766666666666669,41.78916666666667],[1.5725000000000002,41.781666666666666],[1.5750000000000002,41.77166666666667],[1.5575,41.77],[1.5533333333333335,41.755833333333335],[1.5608333333333335,41.745],[1.5566666666666669,41.73083333333334],[1.5658333333333334,41.73083333333334],[1.5791666666666668,41.71],[1.574166666666667,41.689166666666665],[1.5825000000000002,41.68416666666667],[1.5808333333333335,41.6775],[1.6033333333333335,41.660000000000004],[1.666666666666667,41.66583333333333],[1.6800000000000002,41.655833333333334],[1.6875000000000002,41.655833333333334],[1.6925000000000001,41.63583333333333],[1.7175000000000002,41.623333333333335],[1.7475,41.615833333333335],[1.7483333333333335,41.611666666666665],[1.7333333333333334,41.6],[1.7333333333333334,41.58083333333333],[1.7566666666666668,41.55833333333334],[1.7633333333333336,41.535833333333336],[1.761666666666667,41.51166666666667],[1.7850000000000001,41.5025],[1.8400000000000003,41.49916666666667],[1.856666666666667,41.483333333333334],[1.8750000000000002,41.47833333333333],[1.896666666666667,41.479166666666664],[1.909166666666667,41.473333333333336],[1.9350000000000003,41.485],[1.9333333333333336,41.4925],[1.9508333333333336,41.50333333333333],[1.956666666666667,41.5275],[1.9708333333333337,41.5275],[1.991666666666667,41.54],[1.9833333333333334,41.5725],[1.9925000000000002,41.5825],[1.991666666666667,41.59166666666667],[1.9841666666666669,41.600833333333334],[1.9900000000000002,41.61666666666667],[1.979166666666667,41.625],[1.9808333333333334,41.635],[1.971666666666667,41.6425],[1.9691666666666667,41.659166666666664],[1.9725000000000001,41.66416666666667],[1.9866666666666668,41.663333333333334],[1.9925000000000002,41.670833333333334],[2.0108333333333337,41.67916666666667],[2.0091666666666668,41.6925],[2.019166666666667,41.695],[2.0208333333333335,41.7075],[2.029166666666667,41.71083333333333],[2.0316666666666667,41.7175],[2.0516666666666667,41.711666666666666],[2.069166666666667,41.715833333333336],[2.0875000000000004,41.70916666666667],[2.0983333333333336,41.71083333333333],[2.1008333333333336,41.7175],[2.0958333333333337,41.72416666666667],[2.1008333333333336,41.740833333333335],[2.1100000000000003,41.75],[2.1233333333333335,41.74916666666667],[2.1425,41.75833333333333],[2.1533333333333333,41.7775],[2.1683333333333334,41.788333333333334],[2.1700000000000004,41.80166666666667],[2.185,41.81333333333333],[2.185,41.82083333333333],[2.1933333333333334,41.83166666666666],[2.1833333333333336,41.83583333333333],[2.174166666666667,41.847500000000004],[2.169166666666667,41.84583333333333],[2.1708333333333334,41.839166666666664],[2.1325000000000003,41.847500000000004],[2.1325000000000003,41.85916666666667],[2.146666666666667,41.89083333333333],[2.1325000000000003,41.92583333333334],[2.139166666666667,41.93083333333333],[2.1416666666666666,41.94083333333333],[2.1350000000000002,41.955],[2.1408333333333336,41.97],[2.151666666666667,41.97666666666667],[2.16,41.99166666666667],[2.1483333333333334,42.00083333333333],[2.1500000000000004,42.00666666666667],[2.1366666666666667,42.026666666666664],[2.124166666666667,42.03],[2.1308333333333334,42.0425],[2.1225,42.05166666666667],[2.12,42.06666666666667],[2.1258333333333335,42.0775],[2.1383333333333336,42.08083333333333],[2.1358333333333337,42.09],[2.1425,42.09166666666667],[2.1433333333333335,42.096666666666664],[2.1325000000000003,42.097500000000004],[2.1275000000000004,42.1075],[2.099166666666667,42.1225],[2.101666666666667,42.14083333333333],[2.0925000000000002,42.14333333333333],[2.1133333333333333,42.1675],[2.1008333333333336,42.166666666666664],[2.0933333333333337,42.178333333333335],[2.095,42.181666666666665],[2.088333333333334,42.18666666666667],[2.091666666666667,42.20166666666667],[2.0825000000000005,42.215833333333336],[2.0500000000000003,42.219166666666666],[2.049166666666667,42.24],[2.041666666666667,42.2425],[2.0425000000000004,42.255],[2.0533333333333337,42.25666666666667],[2.0525,42.2675],[2.059166666666667,42.27],[2.0650000000000004,42.280833333333334],[2.08,42.285833333333336],[2.0233333333333334,42.30916666666667],[1.9541666666666668,42.29416666666667],[1.9466666666666668,42.3025],[1.9208333333333336,42.30416666666667],[1.9058333333333335,42.318333333333335],[1.8933333333333335,42.32]]]}},{"id":"52","type":"Feature","properties":{"gauge_id":"EA101"},"geometry":{"type":"Polygon","coordinates":[[[2.3333333333333335,42.16583333333334],[2.3133333333333335,42.16333333333334],[2.3008333333333337,42.15583333333334],[2.3008333333333337,42.145833333333336],[2.31,42.1375],[2.31,42.13],[2.3041666666666667,42.127500000000005],[2.3066666666666666,42.11333333333334],[2.296666666666667,42.10833333333334],[2.294166666666667,42.101666666666674],[2.2775000000000003,42.098333333333336],[2.2775000000000003,42.09250000000001],[2.2633333333333336,42.084166666666675],[2.2641666666666667,42.04416666666667],[2.2683333333333335,42.04083333333334],[2.2758333333333334,42.03833333333334],[2.2875,42.042500000000004],[2.3241666666666667,42.065000000000005],[2.3433333333333337,42.065000000000005],[2.3525,42.057500000000005],[2.374166666666667,42.06250000000001],[2.396666666666667,42.080000000000005],[2.4075,42.07833333333334],[2.4158333333333335,42.090833333333336],[2.415,42.10333333333334],[2.3775000000000004,42.105000000000004],[2.374166666666667,42.11916666666667],[2.3800000000000003,42.12500000000001],[2.3508333333333336,42.138333333333335],[2.35,42.14833333333334],[2.341666666666667,42.15166666666667],[2.3333333333333335,42.16583333333334]]]}},{"id":"53","type":"Feature","properties":{"gauge_id":"EA110"},"geometry":{"type":"Polygon","coordinates":[[[2.049166666666667,42.220000000000006],[2.04,42.212500000000006],[2.0233333333333334,42.21333333333334],[2.019166666666667,42.19666666666667],[2.0100000000000002,42.19333333333334],[2.0091666666666668,42.18416666666667],[2.0183333333333335,42.182500000000005],[2.029166666666667,42.17083333333334],[2.0233333333333334,42.165000000000006],[2.026666666666667,42.153333333333336],[2.02,42.15166666666667],[2.0208333333333335,42.13250000000001],[2.0025000000000004,42.127500000000005],[1.9975000000000003,42.11833333333334],[1.9766666666666668,42.11750000000001],[1.971666666666667,42.11333333333334],[1.9741666666666668,42.09666666666667],[1.9600000000000002,42.090833333333336],[1.9575000000000002,42.0825],[1.9683333333333335,42.06250000000001],[1.9633333333333336,42.05250000000001],[1.9650000000000003,42.040000000000006],[1.9500000000000002,42.02083333333334],[1.9358333333333335,42.01666666666667],[1.916666666666667,41.995000000000005],[1.9041666666666668,41.99000000000001],[1.9000000000000001,41.98250000000001],[1.9025000000000003,41.965],[1.8833333333333335,41.93583333333334],[1.9233333333333336,41.93583333333334],[1.9433333333333336,41.95583333333334],[1.9500000000000002,41.970000000000006],[1.9825000000000002,41.98500000000001],[1.9975000000000003,41.999166666666675],[1.9975000000000003,42.006666666666675],[2.0133333333333336,42.0125],[2.0233333333333334,42.02250000000001],[2.0250000000000004,42.040000000000006],[2.0183333333333335,42.04916666666667],[2.0333333333333337,42.07083333333334],[2.0308333333333337,42.0825],[2.041666666666667,42.090833333333336],[2.044166666666667,42.10666666666667],[2.0566666666666666,42.10833333333334],[2.0583333333333336,42.120000000000005],[2.0683333333333334,42.12166666666667],[2.0708333333333337,42.13666666666667],[2.0941666666666667,42.14166666666667],[2.0983333333333336,42.154166666666676],[2.1133333333333337,42.16583333333334],[2.1008333333333336,42.16666666666667],[2.0933333333333337,42.17833333333334],[2.095,42.18166666666667],[2.0883333333333334,42.186666666666675],[2.091666666666667,42.201666666666675],[2.081666666666667,42.216666666666676],[2.0733333333333337,42.21416666666667],[2.049166666666667,42.220000000000006]]]}},{"id":"54","type":"Feature","properties":{"gauge_id":"EA111"},"geometry":{"type":"Polygon","coordinates":[[[0.9691666666666667,41.303333333333335],[0.9441666666666667,41.28666666666667],[0.9500000000000001,41.266666666666666],[0.9366666666666668,41.259166666666665],[0.9400000000000001,41.245000000000005],[0.9608333333333334,41.25],[0.9766666666666668,41.245000000000005],[1.0033333333333334,41.24916666666667],[1.0166666666666668,41.25333333333334],[1.0250000000000001,41.26416666666667],[1.0591666666666668,41.26166666666667],[1.0408333333333335,41.27666666666667],[1.0225,41.280833333333334],[1.0091666666666668,41.29083333333333],[0.9958333333333335,41.29083333333333],[0.9933333333333334,41.29833333333333],[0.9825,41.29666666666667],[0.9691666666666667,41.303333333333335]]]}},{"id":"55","type":"Feature","properties":{"gauge_id":"EA112"},"geometry":{"type":"Polygon","coordinates":[[[0.9433333333333334,41.315000000000005],[0.9391666666666667,41.31],[0.9175,41.31333333333334],[0.9175,41.30583333333334],[0.9041666666666667,41.29333333333334],[0.9125,41.28000000000001],[0.9408333333333333,41.28000000000001],[0.9466666666666667,41.290000000000006],[0.965,41.30083333333334],[0.9608333333333333,41.307500000000005],[0.9433333333333334,41.315000000000005]]]}},{"id":"56","type":"Feature","properties":{"gauge_id":"EA115"},"geometry":{"type":"Polygon","coordinates":[[[2.561666666666667,41.97083333333334],[2.5575,41.965833333333336],[2.5391666666666666,41.965833333333336],[2.5366666666666666,41.96083333333334],[2.5233333333333334,41.958333333333336],[2.501666666666667,41.936666666666675],[2.4850000000000003,41.93000000000001],[2.479166666666667,41.91583333333334],[2.475,41.91666666666667],[2.4558333333333335,41.895833333333336],[2.4466666666666668,41.895833333333336],[2.4475000000000002,41.888333333333335],[2.4566666666666666,41.87916666666667],[2.4483333333333333,41.870000000000005],[2.46,41.86750000000001],[2.475,41.87666666666667],[2.521666666666667,41.8725],[2.5175,41.8875],[2.525,41.89166666666667],[2.524166666666667,41.90083333333334],[2.5358333333333336,41.89833333333334],[2.5458333333333334,41.90833333333334],[2.5675,41.89750000000001],[2.5825,41.90166666666667],[2.589166666666667,41.91250000000001],[2.6108333333333333,41.91166666666667],[2.6183333333333336,41.92583333333334],[2.615,41.936666666666675],[2.6333333333333333,41.955000000000005],[2.6333333333333333,41.96000000000001],[2.5725000000000002,41.962500000000006],[2.561666666666667,41.97083333333334]]]}},{"id":"57","type":"Feature","properties":{"gauge_id":"EA120"},"geometry":{"type":"Polygon","coordinates":[[[2.16,41.99166666666667],[2.151666666666667,41.97666666666667],[2.1408333333333336,41.97],[2.1350000000000002,41.955],[2.141666666666667,41.94083333333333],[2.139166666666667,41.93083333333333],[2.1325000000000003,41.92583333333334],[2.146666666666667,41.89083333333333],[2.1325000000000003,41.85916666666667],[2.1333333333333337,41.846666666666664],[2.170833333333334,41.839166666666664],[2.170833333333334,41.847500000000004],[2.179166666666667,41.844166666666666],[2.1975000000000002,41.846666666666664],[2.201666666666667,41.8425],[2.2208333333333337,41.844166666666666],[2.2208333333333337,41.847500000000004],[2.2425,41.846666666666664],[2.2475000000000005,41.85333333333333],[2.261666666666667,41.8425],[2.276666666666667,41.81916666666667],[2.2858333333333336,41.825833333333335],[2.305,41.81666666666667],[2.3308333333333335,41.8225],[2.326666666666667,41.82833333333333],[2.3283333333333336,41.846666666666664],[2.319166666666667,41.85916666666667],[2.3208333333333337,41.875],[2.336666666666667,41.8875],[2.338333333333334,41.9],[2.3508333333333336,41.920833333333334],[2.345,41.93416666666667],[2.315833333333334,41.95],[2.314166666666667,41.9575],[2.304166666666667,41.9625],[2.3000000000000003,41.980000000000004],[2.2900000000000005,41.98416666666667],[2.2875,41.979166666666664],[2.2775000000000003,41.97833333333333],[2.269166666666667,41.986666666666665],[2.2591666666666668,41.9875],[2.233333333333334,41.972500000000004],[2.2008333333333336,41.983333333333334],[2.1808333333333336,41.980000000000004],[2.16,41.99166666666667]]]}},{"id":"58","type":"Feature","properties":{"gauge_id":"EA121"},"geometry":{"type":"MultiPolygon","coordinates":[[[[1.9358333333333335,42.30583333333334],[1.9641666666666668,42.32750000000001],[1.981666666666667,42.32750000000001],[1.9950000000000003,42.340833333333336],[2.0158333333333336,42.34666666666667],[2.0233333333333334,42.35666666666667],[2.0600000000000005,42.35833333333334],[2.0716666666666668,42.36583333333334],[2.086666666666667,42.36333333333334],[2.089166666666667,42.374166666666675],[2.116666666666667,42.38333333333334],[2.115,42.395],[2.1225000000000005,42.39750000000001],[2.1258333333333335,42.410833333333336],[2.1575,42.42416666666667],[2.204166666666667,42.41666666666667],[2.214166666666667,42.42333333333334],[2.2475000000000005,42.43000000000001],[2.2575000000000003,42.43916666666667],[2.2950000000000004,42.42333333333334],[2.3058333333333336,42.43000000000001],[2.3150000000000004,42.429166666666674],[2.324166666666667,42.41833333333334],[2.3458333333333337,42.41666666666667],[2.3475,42.40833333333334],[2.3625000000000003,42.4025],[2.381666666666667,42.40166666666667],[2.4133333333333336,42.39166666666667],[2.4333333333333336,42.39416666666667],[2.4350000000000005,42.37666666666667],[2.4450000000000003,42.370000000000005],[2.4558333333333335,42.370000000000005],[2.4575000000000005,42.36333333333334],[2.4308333333333336,42.35083333333334],[2.4275,42.326666666666675],[2.411666666666667,42.322500000000005],[2.381666666666667,42.30250000000001],[2.3833333333333337,42.29500000000001],[2.3958333333333335,42.290000000000006],[2.39,42.279166666666676],[2.3758333333333335,42.27],[2.3758333333333335,42.2625],[2.3833333333333337,42.255],[2.344166666666667,42.241666666666674],[2.3433333333333337,42.21833333333334],[2.3333333333333335,42.21333333333334],[2.3333333333333335,42.205000000000005],[2.3458333333333337,42.20333333333334],[2.346666666666667,42.19500000000001],[2.3558333333333334,42.194166666666675],[2.3583333333333334,42.18833333333334],[2.3533333333333335,42.171666666666674],[2.336666666666667,42.167500000000004],[2.341666666666667,42.15166666666667],[2.3500000000000005,42.14833333333334],[2.3508333333333336,42.138333333333335],[2.3800000000000003,42.12500000000001],[2.374166666666667,42.11916666666667],[2.3775000000000004,42.105000000000004],[2.416666666666667,42.102500000000006],[2.416666666666667,42.09250000000001],[2.406666666666667,42.07833333333334],[2.411666666666667,42.069166666666675],[2.424166666666667,42.06333333333334],[2.4850000000000003,42.06416666666667],[2.4775,42.07416666666667],[2.480833333333334,42.08583333333334],[2.4725,42.10583333333334],[2.4925,42.12083333333334],[2.4866666666666672,42.13583333333334],[2.5183333333333335,42.13],[2.535,42.13250000000001],[2.5516666666666667,42.12166666666667],[2.556666666666667,42.12583333333334],[2.5733333333333337,42.12500000000001],[2.583333333333334,42.11333333333334],[2.604166666666667,42.11333333333334],[2.6075000000000004,42.10750000000001],[2.6275000000000004,42.101666666666674],[2.6325000000000003,42.09666666666667],[2.631666666666667,42.08833333333334],[2.6858333333333335,42.083333333333336],[2.694166666666667,42.09583333333334],[2.7008333333333336,42.09583333333334],[2.7008333333333336,42.101666666666674],[2.7108333333333334,42.112500000000004],[2.7250000000000005,42.11916666666667],[2.726666666666667,42.135000000000005],[2.734166666666667,42.13666666666667],[2.7366666666666672,42.14416666666667],[2.7483333333333335,42.14833333333334],[2.751666666666667,42.145],[2.7800000000000002,42.14833333333334],[2.7908333333333335,42.16833333333334],[2.8016666666666667,42.160000000000004],[2.8200000000000003,42.15833333333334],[2.839166666666667,42.13666666666667],[2.8433333333333337,42.14166666666667],[2.8508333333333336,42.13666666666667],[2.859166666666667,42.14083333333334],[2.8758333333333335,42.138333333333335],[2.878333333333334,42.131666666666675],[2.8933333333333335,42.12666666666667],[2.9058333333333337,42.13333333333334],[2.9258333333333337,42.12583333333334],[2.9333333333333336,42.13],[2.9458333333333337,42.12333333333334],[2.9608333333333334,42.12500000000001],[2.9700000000000006,42.11166666666667],[2.975833333333334,42.11833333333334],[2.9891666666666667,42.112500000000004],[2.998333333333334,42.11416666666667],[3.0050000000000003,42.10750000000001],[2.994166666666667,42.09416666666667],[2.9958333333333336,42.07750000000001],[2.99,42.07833333333334],[2.9866666666666672,42.07333333333334],[2.9925000000000006,42.05583333333334],[2.9875000000000003,42.03083333333334],[2.9958333333333336,42.020833333333336],[2.995,42.010000000000005],[2.9675000000000002,41.9975],[2.9641666666666673,41.98833333333334],[2.956666666666667,41.99000000000001],[2.9491666666666667,41.98083333333334],[2.911666666666667,41.98583333333334],[2.8950000000000005,41.97583333333334],[2.9050000000000002,41.962500000000006],[2.9033333333333338,41.944166666666675],[2.9108333333333336,41.94083333333334],[2.9150000000000005,41.929166666666674],[2.9083333333333337,41.92083333333334],[2.9083333333333337,41.91166666666667],[2.9250000000000003,41.90083333333334],[2.9383333333333335,41.89833333333334],[2.9425000000000003,41.888333333333335],[2.9675000000000002,41.88416666666667],[2.9800000000000004,41.888333333333335],[2.9891666666666667,41.88666666666667],[2.981666666666667,41.881666666666675],[2.9800000000000004,41.86833333333334],[2.9700000000000006,41.86916666666667],[2.958333333333334,41.852500000000006],[2.9575000000000005,41.841666666666676],[2.921666666666667,41.834166666666675],[2.9108333333333336,41.825833333333335],[2.9083333333333337,41.81666666666667],[2.9150000000000005,41.81250000000001],[2.914166666666667,41.79416666666667],[2.9225000000000003,41.78416666666667],[2.919166666666667,41.77250000000001],[2.8875,41.77666666666667],[2.878333333333334,41.78333333333334],[2.8616666666666672,41.78416666666667],[2.854166666666667,41.789166666666674],[2.8550000000000004,41.804166666666674],[2.851666666666667,41.807500000000005],[2.834166666666667,41.80583333333334],[2.8125000000000004,41.85333333333334],[2.7808333333333337,41.847500000000004],[2.774166666666667,41.85083333333334],[2.774166666666667,41.85583333333334],[2.7583333333333337,41.859166666666674],[2.7550000000000003,41.86833333333334],[2.734166666666667,41.86416666666667],[2.7275000000000005,41.870000000000005],[2.6983333333333337,41.870000000000005],[2.6833333333333336,41.87666666666667],[2.6766666666666667,41.8875],[2.659166666666667,41.89166666666667],[2.6333333333333337,41.910000000000004],[2.6141666666666667,41.915000000000006],[2.604166666666667,41.910833333333336],[2.589166666666667,41.91250000000001],[2.5825000000000005,41.90166666666667],[2.5675000000000003,41.89750000000001],[2.5458333333333334,41.90833333333334],[2.5358333333333336,41.89833333333334],[2.524166666666667,41.90083333333334],[2.5250000000000004,41.89166666666667],[2.5175,41.8875],[2.521666666666667,41.8725],[2.4750000000000005,41.87666666666667],[2.469166666666667,41.870000000000005],[2.451666666666667,41.86916666666667],[2.451666666666667,41.862500000000004],[2.4375000000000004,41.86000000000001],[2.424166666666667,41.837500000000006],[2.4108333333333336,41.83083333333334],[2.396666666666667,41.80583333333334],[2.3875,41.80500000000001],[2.380833333333334,41.81],[2.371666666666667,41.804166666666674],[2.3550000000000004,41.807500000000005],[2.349166666666667,41.81666666666667],[2.331666666666667,41.82333333333334],[2.305,41.81666666666667],[2.2858333333333336,41.825833333333335],[2.276666666666667,41.819166666666675],[2.2616666666666667,41.84250000000001],[2.2475000000000005,41.85333333333334],[2.2425,41.84666666666667],[2.2208333333333337,41.847500000000004],[2.2208333333333337,41.84416666666667],[2.201666666666667,41.84250000000001],[2.1975000000000002,41.84666666666667],[2.179166666666667,41.84416666666667],[2.1708333333333334,41.847500000000004],[2.1708333333333334,41.83916666666667],[2.159166666666667,41.84],[2.1558333333333337,41.845000000000006],[2.136666666666667,41.84416666666667],[2.1325000000000003,41.847500000000004],[2.1325000000000003,41.859166666666674],[2.146666666666667,41.895833333333336],[2.1325000000000003,41.92583333333334],[2.139166666666667,41.93083333333334],[2.141666666666667,41.94083333333334],[2.1350000000000002,41.955000000000005],[2.1408333333333336,41.970000000000006],[2.151666666666667,41.976666666666674],[2.16,41.991666666666674],[2.1483333333333334,42.00083333333334],[2.1500000000000004,42.006666666666675],[2.136666666666667,42.02666666666667],[2.124166666666667,42.03000000000001],[2.130833333333334,42.042500000000004],[2.1225000000000005,42.05166666666667],[2.12,42.06666666666667],[2.1258333333333335,42.07750000000001],[2.1383333333333336,42.08083333333334],[2.1358333333333337,42.09],[2.1425,42.091666666666676],[2.1433333333333335,42.09666666666667],[2.1325000000000003,42.097500000000004],[2.1275000000000004,42.10750000000001],[2.099166666666667,42.1225],[2.101666666666667,42.14083333333334],[2.0925000000000002,42.145],[2.1133333333333337,42.167500000000004],[2.1008333333333336,42.16666666666667],[2.0933333333333337,42.17833333333334],[2.095,42.18166666666667],[2.088333333333334,42.186666666666675],[2.091666666666667,42.201666666666675],[2.0825000000000005,42.215833333333336],[2.0500000000000003,42.21916666666667],[2.049166666666667,42.24000000000001],[2.041666666666667,42.24250000000001],[2.0425000000000004,42.255],[2.0533333333333337,42.256666666666675],[2.0525,42.267500000000005],[2.059166666666667,42.27],[2.0650000000000004,42.28083333333334],[2.08,42.285833333333336],[2.0233333333333334,42.30916666666667],[1.9550000000000003,42.29416666666667],[1.9358333333333335,42.30583333333334]]],[[[1.9358333333333335,42.304166666666674],[1.9350000000000003,42.30333333333334],[1.9350000000000003,42.304166666666674],[1.9358333333333335,42.304166666666674]]]]}},{"id":"59","type":"Feature","properties":{"gauge_id":"EA123"},"geometry":{"type":"Polygon","coordinates":[[[2.686666666666667,41.9575],[2.6808333333333336,41.94166666666667],[2.671666666666667,41.943333333333335],[2.669166666666667,41.935833333333335],[2.6450000000000005,41.91833333333334],[2.616666666666667,41.92333333333334],[2.614166666666667,41.91416666666667],[2.6333333333333337,41.910000000000004],[2.659166666666667,41.89166666666667],[2.676666666666667,41.8875],[2.6833333333333336,41.87666666666667],[2.6983333333333337,41.870000000000005],[2.7275000000000005,41.870000000000005],[2.734166666666667,41.86416666666667],[2.7550000000000003,41.86833333333334],[2.7583333333333337,41.85916666666667],[2.7791666666666672,41.86333333333334],[2.7791666666666672,41.86833333333334],[2.789166666666667,41.875],[2.815833333333334,41.88333333333334],[2.816666666666667,41.8975],[2.8000000000000003,41.905],[2.789166666666667,41.900000000000006],[2.7658333333333336,41.910000000000004],[2.7450000000000006,41.93083333333334],[2.711666666666667,41.93166666666667],[2.7125000000000004,41.95],[2.686666666666667,41.9575]]]}},{"id":"60","type":"Feature","properties":{"gauge_id":"EA124"},"geometry":{"type":"Polygon","coordinates":[[[2.8700000000000006,41.910000000000004],[2.8425000000000002,41.89166666666667],[2.826666666666667,41.89083333333334],[2.8175000000000003,41.89666666666667],[2.814166666666667,41.88166666666667],[2.789166666666667,41.87500000000001],[2.7791666666666672,41.86833333333334],[2.7791666666666672,41.86333333333334],[2.766666666666667,41.86333333333334],[2.764166666666667,41.85916666666667],[2.774166666666667,41.85583333333334],[2.774166666666667,41.850833333333334],[2.7808333333333337,41.847500000000004],[2.8125000000000004,41.85333333333334],[2.834166666666667,41.80583333333334],[2.851666666666667,41.807500000000005],[2.8550000000000004,41.80416666666667],[2.854166666666667,41.789166666666674],[2.8616666666666672,41.78416666666667],[2.878333333333334,41.78333333333334],[2.8875000000000006,41.77666666666667],[2.919166666666667,41.7725],[2.9225000000000003,41.78416666666667],[2.914166666666667,41.79416666666667],[2.9150000000000005,41.81250000000001],[2.9083333333333337,41.81666666666667],[2.9108333333333336,41.825833333333335],[2.9216666666666673,41.83416666666667],[2.9575000000000005,41.84166666666667],[2.958333333333334,41.852500000000006],[2.9700000000000006,41.86916666666667],[2.9816666666666674,41.870000000000005],[2.9816666666666674,41.88166666666667],[2.989166666666667,41.888333333333335],[2.9733333333333336,41.88416666666667],[2.9425000000000003,41.888333333333335],[2.938333333333334,41.89833333333334],[2.914166666666667,41.90833333333334],[2.898333333333334,41.895833333333336],[2.8700000000000006,41.910000000000004]]]}},{"id":"61","type":"Feature","properties":{"gauge_id":"EA125"},"geometry":{"type":"Polygon","coordinates":[[[2.7225,42.42333333333334],[2.6950000000000003,42.407500000000006],[2.673333333333334,42.40500000000001],[2.670833333333334,42.38833333333334],[2.6525000000000003,42.389166666666675],[2.6583333333333337,42.37666666666667],[2.6425000000000005,42.35833333333334],[2.611666666666667,42.35416666666667],[2.5625000000000004,42.36166666666667],[2.561666666666667,42.35583333333334],[2.584166666666667,42.34583333333334],[2.610833333333334,42.34333333333334],[2.626666666666667,42.32916666666667],[2.64,42.32916666666667],[2.636666666666667,42.31666666666667],[2.6550000000000002,42.319166666666675],[2.66,42.29833333333334],[2.666666666666667,42.29416666666667],[2.690833333333334,42.296666666666674],[2.7125000000000004,42.289166666666674],[2.726666666666667,42.29500000000001],[2.7625,42.292500000000004],[2.795833333333334,42.30500000000001],[2.8025,42.31250000000001],[2.8150000000000004,42.311666666666675],[2.8133333333333335,42.32583333333334],[2.8408333333333338,42.32083333333334],[2.844166666666667,42.31250000000001],[2.8633333333333337,42.31333333333334],[2.879166666666667,42.30333333333334],[2.889166666666667,42.30666666666667],[2.891666666666667,42.296666666666674],[2.9058333333333337,42.300000000000004],[2.918333333333334,42.31583333333334],[2.918333333333334,42.32083333333334],[2.906666666666667,42.32916666666667],[2.879166666666667,42.33083333333334],[2.865,42.34],[2.865,42.34583333333334],[2.8483333333333336,42.347500000000004],[2.836666666666667,42.352500000000006],[2.831666666666667,42.362500000000004],[2.8100000000000005,42.36750000000001],[2.806666666666667,42.381666666666675],[2.8025,42.381666666666675],[2.801666666666667,42.40166666666667],[2.7900000000000005,42.410000000000004],[2.789166666666667,42.417500000000004],[2.7658333333333336,42.411666666666676],[2.7225,42.42333333333334]]]}},{"id":"62","type":"Feature","properties":{"gauge_id":"EA131"},"geometry":{"type":"Polygon","coordinates":[[[3.014166666666667,41.970000000000006],[2.991666666666667,41.955000000000005],[2.938333333333334,41.96333333333334],[2.9050000000000002,41.9575],[2.9033333333333338,41.944166666666675],[2.9108333333333336,41.94083333333334],[2.9150000000000005,41.929166666666674],[2.9083333333333337,41.92083333333334],[2.9083333333333337,41.911666666666676],[2.9250000000000003,41.90083333333334],[2.938333333333334,41.89833333333334],[2.9425000000000003,41.88833333333334],[2.9675000000000002,41.88416666666667],[3.0000000000000004,41.89083333333334],[3.0325000000000006,41.88833333333334],[3.039166666666667,41.895],[3.064166666666667,41.89750000000001],[3.065833333333334,41.90166666666667],[3.0908333333333338,41.895],[3.1025000000000005,41.90083333333334],[3.106666666666667,41.910000000000004],[3.1000000000000005,41.911666666666676],[3.0975000000000006,41.91916666666667],[3.0891666666666673,41.914166666666674],[3.086666666666667,41.91916666666667],[3.079166666666667,41.91916666666667],[3.0783333333333336,41.929166666666674],[3.0533333333333337,41.93333333333334],[3.0491666666666672,41.96416666666667],[3.0400000000000005,41.959166666666675],[3.0350000000000006,41.965],[3.0158333333333336,41.96416666666667],[3.014166666666667,41.970000000000006]]]}},{"id":"63","type":"Feature","properties":{"gauge_id":"EA132"},"geometry":{"type":"Polygon","coordinates":[[[3.063333333333334,42.028333333333336],[3.051666666666667,42.0075],[3.0400000000000005,42.00833333333333],[3.0283333333333338,42.02],[3.0283333333333338,42.02583333333334],[3.020833333333334,42.02666666666667],[3.019166666666667,42.020833333333336],[3.0066666666666673,42.013333333333335],[2.9950000000000006,42.01583333333333],[2.989166666666667,42.00416666666667],[2.974166666666667,42.00166666666667],[2.9641666666666673,41.98833333333334],[2.956666666666667,41.99],[2.949166666666667,41.98083333333334],[2.9150000000000005,41.98583333333334],[2.900833333333334,41.9825],[2.8950000000000005,41.97416666666667],[2.9050000000000002,41.962500000000006],[2.9033333333333338,41.94416666666667],[2.9108333333333336,41.94083333333334],[2.9150000000000005,41.92916666666667],[2.9083333333333337,41.920833333333334],[2.9083333333333337,41.91166666666667],[2.9250000000000003,41.90083333333334],[2.938333333333334,41.89833333333333],[2.9425000000000003,41.888333333333335],[2.9675000000000002,41.88416666666667],[3.0000000000000004,41.89083333333333],[3.0325000000000006,41.888333333333335],[3.039166666666667,41.895],[3.064166666666667,41.8975],[3.065833333333334,41.90166666666667],[3.0950000000000006,41.895],[3.1066666666666674,41.910000000000004],[3.1000000000000005,41.91166666666667],[3.0975000000000006,41.91916666666667],[3.0900000000000003,41.91416666666667],[3.0866666666666673,41.91916666666667],[3.079166666666667,41.91916666666667],[3.0758333333333336,41.93666666666667],[3.083333333333334,41.94583333333333],[3.080833333333334,41.97083333333334],[3.0708333333333337,41.9675],[3.061666666666667,41.98083333333334],[3.0725000000000007,41.99166666666667],[3.0691666666666673,42.010000000000005],[3.0600000000000005,42.017500000000005],[3.063333333333334,42.028333333333336]]]}}]}}